Date,PM25
2023-10-03,7.502836915551277
2023-10-04,7.499093501715513
2023-10-05,7.505040890424104
2023-10-06,7.520988839565368
2023-10-07,7.53832134500012
2023-10-08,7.525736919491144
2023-10-09,7.490518632231804
2023-10-10,7.467372359594854
2023-10-11,7.471819508707674
2023-10-12,7.483655477760883
2023-10-13,7.487688501252385
2023-10-14,7.499927825181337
2023-10-15,7.506592201887222
2023-10-16,7.4917626631246526
2023-10-17,7.472571283465775
2023-10-18,7.477725758104177
2023-10-19,7.480769025980087
2023-10-20,7.48087946034834
2023-10-21,7.502532395421119
2023-10-22,7.512920307813736
2023-10-23,7.516661512552353
2023-10-24,7.524973823575826
2023-10-25,7.540580808071943
2023-10-26,7.551005436925741
2023-10-27,7.543635121433588
2023-10-28,7.532097331135126
2023-10-29,7.499803590475174
2023-10-30,7.467775441593083
2023-10-31,7.466630247774126
2023-11-01,7.483050578160735
2023-11-02,7.476447769327613
2023-11-03,7.4786923275129515
2023-11-04,7.501224036215397
2023-11-05,7.514541192798467
2023-11-06,7.5164486494646985
2023-11-07,7.502492639123054
2023-11-08,7.510687067060323
2023-11-09,7.514707668571325
2023-11-10,7.530452421753259
2023-11-11,7.56104327633843
2023-11-12,7.576461977212282
2023-11-13,7.558595246522279
2023-11-14,7.575477740614267
2023-11-15,7.574530496148916
2023-11-16,7.567181437163206
2023-11-17,7.563836960940214
2023-11-18,7.568864717035146
2023-11-19,7.558948910682054
2023-11-20,7.536326094417425
2023-11-21,7.53119122132525
2023-11-22,7.537401161043497
2023-11-23,7.525763979999872
2023-11-24,7.507199308721872
2023-11-25,7.491946536003204
2023-11-26,7.483391265271755
2023-11-27,7.455322428493353
2023-11-28,7.436287865860911
2023-11-29,7.459240878528042
2023-11-30,7.465729664432408
2023-12-01,7.474913022367807
2023-12-02,7.500877275018545
2023-12-03,7.538145757167192
2023-12-04,7.535743004529329
2023-12-05,7.5377490212009866
2023-12-06,7.5421130721257645
2023-12-07,7.539201221315714
2023-12-08,7.53181517019734
2023-12-09,7.52498210862145
2023-12-10,7.5168141861246545
2023-12-11,7.488856057523342
2023-12-12,7.4655206691274065
2023-12-13,7.455181073749961
2023-12-14,7.458328423210012
2023-12-15,7.469613879805954
2023-12-16,7.478735948799701
2023-12-17,7.479210260211082
2023-12-18,7.466330421509745
2023-12-19,7.464894235952349
2023-12-20,7.483248253239842
2023-12-21,7.508005748389812
2023-12-22,7.531813791839929
2023-12-23,7.535582325308176
2023-12-24,7.522746383099409
2023-12-25,7.512877511678787
2023-12-26,7.480778413711639
2023-12-27,7.453360580726119
2023-12-28,7.43797418370709
2023-12-29,7.442266725821944
2023-12-30,7.448360158948751
2023-12-31,7.457918439413013
