Date,NO2
2019-01-01,0.0
2019-01-02,6.940807166024622
2019-01-03,7.322178766140587
2019-01-04,8.549498765227016
2019-01-05,7.4284535537809395
2019-01-06,7.7166352030547865
2019-01-07,8.17970872214105
2019-01-08,8.146689304031007
2019-01-09,7.903542832125817
2019-01-10,8.263640196811336
2019-01-11,8.225468682348838
2019-01-12,8.188250745182108
2019-01-13,8.258328441750391
2019-01-14,7.873200215352783
2019-01-15,8.431775414572616
2019-01-16,8.542810910691168
2019-01-17,8.354000496761351
2019-01-18,8.70784666740596
2019-01-19,9.009473870978384
2019-01-20,8.14091596424206
2019-01-21,8.394149383987287
2019-01-22,8.512817434578933
2019-01-23,8.51117283558065
2019-01-24,8.570921942010342
2019-01-25,7.742227539737815
2019-01-26,8.320635013460175
2019-01-27,8.177618676382487
2019-01-28,8.629789197380783
2019-01-29,9.064808448704772
2019-01-30,9.313483271001294
2019-01-31,8.84488630496495
2019-02-01,8.363711909972542
2019-02-02,8.766263234501006
2019-02-03,9.183197354102623
2019-02-04,8.907466472110078
2019-02-05,8.784836507559612
2019-02-06,8.10167556115974
2019-02-07,8.5334471910253
2019-02-08,8.75043715993999
2019-02-09,9.069775385555888
2019-02-10,8.26190083384424
2019-02-11,8.720552750784664
2019-02-12,9.37866746490832
2019-02-13,8.360110601032874
2019-02-14,8.548851816285424
2019-02-15,8.855132997428479
2019-02-16,8.52958026729957
2019-02-17,8.331146076531091
2019-02-18,8.522773416710058
2019-02-19,9.51909612637891
2019-02-20,9.381970976046743
2019-02-21,8.939332874903265
2019-02-22,8.612599246748156
2019-02-23,8.834018297383514
2019-02-24,8.340548109024716
2019-02-25,8.397028549694923
2019-02-26,8.347134509058945
2019-02-27,8.794058925286793
2019-02-28,8.879273486298509
2019-03-01,8.192478250080166
2019-03-02,9.097996119304476
2019-03-03,8.664348244643111
2019-03-04,8.334653347973614
2019-03-05,8.50158130200644
2019-03-06,8.01805858901915
2019-03-07,8.567096770001442
2019-03-08,9.151601533279873
2019-03-09,9.174710360326277
2019-03-10,8.063404816264837
2019-03-11,7.778544510218362
2019-03-12,8.165903042410337
2019-03-13,8.607695180213929
2019-03-14,8.657688752634604
2019-03-15,8.732271464020334
2019-03-16,7.981822213748044
2019-03-17,8.084273979355316
2019-03-18,8.574266631441574
2019-03-19,9.264086198555596
2019-03-20,8.116287263299041
2019-03-21,8.303818205326756
2019-03-22,8.24787435210702
2019-03-23,7.764368253679896
2019-03-24,8.079773331871227
2019-03-25,8.836402187354064
2019-03-26,7.850621327030215
2019-03-27,8.079894634234183
2019-03-28,8.15801147662632
2019-03-29,8.423369994612173
2019-03-30,8.092526383594073
2019-03-31,8.662481736825407
2019-04-01,8.29625338907715
2019-04-02,8.316630862100649
2019-04-03,8.369752942047537
2019-04-04,9.068268952796156
2019-04-05,8.308045124619573
2019-04-06,8.705626434427902
2019-04-07,8.503561743249174
2019-04-08,8.83491766872779
2019-04-09,9.11357936103592
2019-04-10,8.246422377891589
2019-04-11,8.49155882316759
2019-04-12,8.602718351078723
2019-04-13,8.59458326370165
2019-04-14,8.647606101775327
2019-04-15,7.821594310147011
2019-04-16,8.394154706783286
2019-04-17,8.248049457050294
2019-04-18,8.69341323121673
2019-04-19,9.120435929159262
2019-04-20,9.361506192324082
2019-04-21,8.888973322655287
2019-04-22,8.405914355959235
2019-04-23,8.804977535217024
2019-04-24,9.217914693955763
2019-04-25,8.939661848701796
2019-04-26,8.814861116402554
2019-04-27,8.13105440619388
2019-04-28,8.560991337811826
2019-04-29,8.776085328890144
2019-04-30,9.093258175043657
2019-05-01,8.284444625447614
2019-05-02,8.741457275127896
2019-05-03,9.397605979476117
2019-05-04,8.378206708132165
2019-05-05,8.56580052706905
2019-05-06,8.87087492474587
2019-05-07,8.544409647177456
2019-05-08,8.345150252237007
2019-05-09,8.535889903242838
2019-05-10,9.531049062609112
2019-05-11,9.392993991695068
2019-05-12,8.94961643845511
2019-05-13,8.622257864226485
2019-05-14,8.843036095697672
2019-05-15,8.349067380732544
2019-05-16,8.405037994104712
2019-05-17,8.354667023125007
2019-05-18,8.801080478681747
2019-05-19,8.885819479641066
2019-05-20,8.19864251701923
2019-05-21,9.103713024825048
2019-05-22,8.669699551911307
2019-05-23,8.33967343350105
2019-05-24,8.506277122689452
2019-05-25,8.022474486436645
2019-05-26,8.571219442628312
2019-05-27,9.155434834352967
2019-05-28,9.178278918337389
2019-05-29,8.066757498410349
2019-05-30,7.781693783386448
2019-05-31,8.168851293804854
2019-06-01,8.610448126755605
2019-06-02,8.660259529652762
2019-06-03,8.734671039242734
2019-06-04,7.984071299494796
2019-06-05,8.086378609729184
2019-06-06,8.576231850704598
2019-06-07,9.265916778468767
2019-06-08,8.118001774028095
2019-06-09,8.305420917981092
2019-06-10,8.249373333425966
2019-06-11,8.0062704255164
2019-06-12,8.896430353123959
2019-06-13,7.906728317619706
2019-06-14,8.132335103860704
2019-06-15,8.207025012586389
2019-06-16,8.469179984122913
2019-06-17,8.135342909539206
2019-06-18,8.702499365992752
2019-06-19,8.333655843825087
2019-06-20,8.351588904655625
2019-06-21,8.402426308907428
2019-06-22,9.098806366618037
2019-06-23,8.336587008605386
2019-06-24,8.732302786610557
2019-06-25,8.52849472599544
2019-06-26,8.858221024966177
2019-06-27,9.135359543765492
2019-06-28,8.266779337538548
2019-06-29,8.510585397009354
2019-06-30,8.620501480889626
2019-07-01,8.61120421875355
2019-07-02,8.663140818834876
2019-07-03,7.836113942007972
2019-07-04,8.407725436528517
2019-07-05,8.737704526098122
2019-07-06,8.668860181298676
2019-07-07,8.342380256155801
2019-07-08,8.240569697436294
2019-07-09,8.419901927026093
2019-07-10,8.956899517575051
2019-07-11,8.434006464048892
2019-07-12,8.078795789380255
2019-07-13,8.552818528027577
2019-07-14,8.370489229615037
2019-07-15,7.655321460449031
2019-07-16,7.8688715373576485
2019-07-17,8.342407817283155
2019-07-18,8.725257071708363
2019-07-19,8.13422383714536
2019-07-20,8.000453384275408
2019-07-21,8.165415746936336
2019-07-22,8.430289994414906
2019-07-23,8.09899448387342
2019-07-24,8.668526406413667
2019-07-25,8.301903107319403
2019-07-26,8.32191129375298
2019-07-27,8.374688208642237
2019-07-28,9.072881024822646
2019-07-29,8.312355956702694
2019-07-30,8.709655298259397
2019-07-31,8.507327311114912
2019-08-01,8.838436956826829
2019-08-02,9.11686841698636
2019-08-03,8.249496654970248
2019-08-04,8.494432183615475
2019-08-05,8.605403922861985
2019-08-06,8.597093326212232
2019-08-07,8.649952110571723
2019-08-08,7.823787150832908
2019-08-09,8.396204233872293
2019-08-10,8.249965078969536
2019-08-11,8.695203626166151
2019-08-12,8.414725646526625
2019-08-13,8.383153704849072
2019-08-14,8.416208624179783
2019-08-15,8.394673935534001
2019-08-16,8.620659383475903
2019-08-17,7.722864670968038
2019-08-18,9.046510167264973
2019-08-19,8.558211903698318
2019-08-20,7.8911779215011775
2019-08-21,8.336791419669492
2019-08-22,8.566537469370521
2019-08-23,8.406437181560557
2019-08-24,8.200811722970203
2019-08-25,8.530964513215713
2019-08-26,8.516907509200694
2019-08-27,8.332829704686644
2019-08-28,8.339047752988824
2019-08-29,8.658941045810053
2019-08-30,8.346326210012093
2019-08-31,8.160012093407767
2019-09-01,8.36285101431907
2019-09-02,8.460214610664885
2019-09-03,8.281907793156513
2019-09-04,8.734297645994321
2019-09-05,8.377336298227391
2019-09-06,8.551392382815646
2019-09-07,8.07648335851555
2019-09-08,8.150268061182995
2019-09-09,8.116546981484172
2019-09-10,8.57852221373745
2019-09-11,8.677805987984923
2019-09-12,8.004223259114744
2019-09-13,8.921999581417182
2019-09-14,8.499861564301224
2019-09-15,8.18093480913467
2019-09-16,8.357912488720869
2019-09-17,7.883805875060586
2019-09-18,8.441613193034922
2019-09-19,9.034298697148058
2019-09-20,8.05949503672975
2019-09-21,8.164563828136746
2019-09-22,7.60208873662653
2019-09-23,8.3228673441081
2019-09-24,8.388369954212083
2019-09-25,8.539448706796845
2019-09-26,8.621755524294768
2019-09-27,7.878535113128693
2019-09-28,7.987739493237236
2019-09-29,8.48403906226557
2019-09-30,9.179749033435716
2019-10-01,8.037465319823852
2019-10-02,8.230147734804445
2019-10-03,8.17901945254643
2019-10-04,8.147410559411927
2019-10-05,7.878187912147966
2019-10-06,7.9056652110137104
2019-10-07,8.101473242111338
2019-10-08,8.181365002631702
2019-10-09,7.961279408926514
2019-10-10,8.146262541537787
2019-10-11,8.589192453401342
2019-10-12,8.115703499090891
2019-10-13,8.445697850064251
2019-10-14,8.045018611449468
2019-10-15,8.284813864504796
2019-10-16,8.476681186029154
2019-10-17,8.39747265245625
2019-10-18,8.70572682469547
2019-10-19,8.080772933718977
2019-10-20,8.055584354630863
2019-10-21,8.600164796069329
2019-10-22,8.641317051643636
2019-10-23,8.231409563719161
2019-10-24,8.89139373336107
2019-10-25,8.16271175034999
2019-10-26,8.470500530895618
2019-10-27,8.487662383332907
2019-10-28,8.601913050628632
2019-10-29,8.214075944320474
2019-10-30,8.129165226720405
2019-10-31,8.004929108725024
2019-11-01,8.4045508022466
2019-11-02,8.675610618032817
2019-11-03,8.457806465514846
2019-11-04,8.570857838149099
2019-11-05,8.312433477025973
2019-11-06,8.458667129877321
2019-11-07,8.61794959679773
2019-11-08,8.487218324939356
2019-11-09,8.456912458678659
2019-11-10,8.559095352492447
2019-11-11,8.31185641354677
2019-11-12,8.147638192252774
2019-11-13,8.511705788966614
2019-11-14,8.142665787077394
2019-11-15,8.06904855660794
2019-11-16,8.101438057189343
2019-11-17,7.934456905982649
2019-11-18,7.893484398712841
2019-11-19,8.174689511332536
2019-11-20,8.184515195052978
2019-11-21,7.901774388523759
2019-11-22,7.711775841831361
2019-11-23,7.686382873363416
2019-11-24,7.699027466409931
2019-11-25,7.706548201779616
2019-11-26,8.024986772586848
2019-11-27,7.722466071817461
2019-11-28,7.937546739316249
2019-11-29,7.7867686978459725
2019-11-30,7.697049892121563
2019-12-01,7.883258370124749
2019-12-02,7.880602211139558
2019-12-03,8.20080741976132
2019-12-04,7.939626677873974
2019-12-05,8.323097939428267
2019-12-06,7.910628656614235
2019-12-07,7.767793864029765
2019-12-08,7.76120916166361
2019-12-09,8.22955765347504
2019-12-10,8.27074434196883
2019-12-11,8.21395768554656
2019-12-12,7.784056287609533
2019-12-13,8.060128959255344
2019-12-14,7.701299458789331
2019-12-15,7.859388201318464
2019-12-16,8.027351352768674
2019-12-17,8.299077563510242
2019-12-18,8.124675932747461
2019-12-19,7.868164476854964
2019-12-20,8.748598884126435
2019-12-21,7.9566959497008805
2019-12-22,8.332243022943178
2019-12-23,8.205483536814707
2019-12-24,7.777139329713724
2019-12-25,7.8681121768054165
2019-12-26,7.6367408817933065
2019-12-27,8.003333395410536
2019-12-28,7.965374011882372
2019-12-29,7.934771383900713
2019-12-30,7.444308340635075
2019-12-31,7.721715795088001
2020-01-01,7.308644870065695
2020-01-02,7.674546728353758
2020-01-03,7.672495999542185
2020-01-04,7.764738186855305
2020-01-05,8.181507033557812
2020-01-06,7.762238175419578
2020-01-07,7.880293313908462
2020-01-08,8.077004417239522
2020-01-09,8.150024126477984
2020-01-10,7.813937550621296
2020-01-11,7.94798760724729
2020-01-12,8.397930708968682
2020-01-13,7.947259353356353
2020-01-14,7.902711318813247
2020-01-15,8.464174873377308
2020-01-16,8.249202866362761
2020-01-17,8.063464748578552
2020-01-18,8.011425734164568
2020-01-19,8.14581751072347
2020-01-20,7.843003955416987
2020-01-21,8.037138480764623
2020-01-22,8.091662076212174
2020-01-23,7.708080265276107
2020-01-24,8.388777962659736
2020-01-25,7.798375422797921
2020-01-26,8.480638274577963
2020-01-27,8.903613276055866
2020-01-28,8.38440651730847
2020-01-29,7.815495078818529
2020-01-30,8.195695609732693
2020-01-31,8.441163515205172
2020-02-01,7.848777219776457
2020-02-02,8.100480200974392
2020-02-03,7.38987345718745
2020-02-04,7.682836718116162
2020-02-05,8.180683101806968
2020-02-06,7.71342408084633
2020-02-07,8.263421187292582
2020-02-08,8.15498983567315
2020-02-09,7.6152234156393455
2020-02-10,8.113785413375211
2020-02-11,8.75279961371093
2020-02-12,7.454847692651753
2020-02-13,7.540705287158241
2020-02-14,7.896818643264087
2020-02-15,8.54363346930522
2020-02-16,8.046716997288414
2020-02-17,7.604762349905123
2020-02-18,8.223759237422772
2020-02-19,8.583121278911229
2020-02-20,8.175133491609124
2020-02-21,8.20988787105653
2020-02-22,7.808460867956018
2020-02-23,7.942703401352181
2020-02-24,7.395786676653253
2020-02-25,7.889547677431429
2020-02-26,8.308389879701444
2020-02-27,8.44280701844933
2020-02-28,7.43427112203312
2020-02-29,7.714944314152699
2020-03-01,7.6246715977108614
2020-03-02,8.295712781044212
2020-03-03,8.42264146755985
2020-03-04,8.190539390391281
2020-03-05,8.048311764315189
2020-03-06,7.2543708297828235
2020-03-07,8.006969857991782
2020-03-08,8.313979805836198
2020-03-09,7.923788171818037
2020-03-10,7.634163462804612
2020-03-11,7.378132448617948
2020-03-12,7.2762277654165315
2020-03-13,8.007328231766007
2020-03-14,7.795498308536886
2020-03-15,7.230679354735336
2020-03-16,7.169390784722339
2020-03-17,7.648234130390781
2020-03-18,7.513985452808046
2020-03-19,7.968535885875178
2020-03-20,7.987911970442982
2020-03-21,8.346666892920394
2020-03-22,7.455869725049179
2020-03-23,6.844579849428998
2020-03-24,7.1608089045068315
2020-03-25,7.1429076499063155
2020-03-26,6.936980830263127
2020-03-27,6.876573748356087
2020-03-28,6.970661530554269
2020-03-29,7.210549361050931
2020-03-30,6.78698291778224
2020-03-31,7.243354151925318
2020-04-01,6.7020549867169725
2020-04-02,6.978439572020992
2020-04-03,7.080919782755714
2020-04-04,6.994859241428547
2020-04-05,7.277090929607677
2020-04-06,6.305361019413838
2020-04-07,6.919541450496431
2020-04-08,7.027017012162149
2020-04-09,7.343547998001245
2020-04-10,7.0778272758633385
2020-04-11,6.941941879822323
2020-04-12,6.876054275991322
2020-04-13,6.804653921453861
2020-04-14,6.971363262459477
2020-04-15,6.586914813823957
2020-04-16,6.617251626365064
2020-04-17,6.564766923101226
2020-04-18,6.847659338080108
2020-04-19,7.204913455586296
2020-04-20,6.219742971302294
2020-04-21,6.387234561307757
2020-04-22,6.744207327689633
2020-04-23,6.939244933780898
2020-04-24,7.105218255769442
2020-04-25,6.376435529173515
2020-04-26,6.196869040238768
2020-04-27,6.347574944511261
2020-04-28,7.088984700138773
2020-04-29,6.896903429137394
2020-04-30,6.537996977000604
2020-05-01,6.777715816619894
2020-05-02,6.736409185469135
2020-05-03,6.232136385739905
2020-05-04,6.571057729426132
2020-05-05,6.770244881632965
2020-05-06,6.5421786802531345
2020-05-07,6.730716488363418
2020-05-08,6.761861821688568
2020-05-09,6.998268564123625
2020-05-10,6.642472961973074
2020-05-11,7.00406154551277
2020-05-12,7.131134314451402
2020-05-13,6.401366595150978
2020-05-14,7.451963201733044
2020-05-15,6.778122699331919
2020-05-16,7.532890120849446
2020-05-17,6.885185452134262
2020-05-18,6.801048957989827
2020-05-19,7.7397929638361616
2020-05-20,7.719652133955626
2020-05-21,7.523623814808463
2020-05-22,7.511805163897576
2020-05-23,7.256550957690791
2020-05-24,7.107758505751536
2020-05-25,6.950486873353243
2020-05-26,7.399766735255504
2020-05-27,7.657705521034454
2020-05-28,7.80892995620969
2020-05-29,7.486207238346374
2020-05-30,7.5853223294302925
2020-05-31,7.091586000954399
2020-06-01,6.665371225553577
2020-06-02,7.182903364137276
2020-06-03,7.8929437032079335
2020-06-04,6.807964773923095
2020-06-05,6.9951955880861005
2020-06-06,7.260386988591098
2020-06-07,7.691358868975977
2020-06-08,7.317945869509968
2020-06-09,7.237995088992036
2020-06-10,7.607282238685968
2020-06-11,7.042686302378284
2020-06-12,6.939700466107439
2020-06-13,6.819169683727201
2020-06-14,7.022821200592104
2020-06-15,6.976515601154607
2020-06-16,7.381076785320479
2020-06-17,7.517533237999308
2020-06-18,7.382590091958115
2020-06-19,6.8349321504759555
2020-06-20,7.117751306427864
2020-06-21,6.95780241393086
2020-06-22,6.798808980053156
2020-06-23,7.13592766179914
2020-06-24,7.646042390479749
2020-06-25,7.1514592983645
2020-06-26,7.879077717939805
2020-06-27,7.754956822796697
2020-06-28,7.381864731700609
2020-06-29,7.0140867419261514
2020-06-30,7.831774510162643
2020-07-01,7.044901232381974
2020-07-02,7.970814377961408
2020-07-03,8.010898970535182
2020-07-04,7.880604800644329
2020-07-05,7.4788302554140795
2020-07-06,7.333799270929864
2020-07-07,8.127522462656707
2020-07-08,7.415632923616255
2020-07-09,7.186872097751134
2020-07-10,8.064055322347869
2020-07-11,8.220807679157538
2020-07-12,7.737327989916422
2020-07-13,7.435180180005997
2020-07-14,7.569463524394889
2020-07-15,8.141247082199804
2020-07-16,8.073624485414932
2020-07-17,7.691321276893794
2020-07-18,8.313453287834179
2020-07-19,7.681753554419993
2020-07-20,7.4977537472501234
2020-07-21,7.462096541976546
2020-07-22,8.171517108049184
2020-07-23,8.17097045841864
2020-07-24,8.04644918524439
2020-07-25,7.733087600429297
2020-07-26,7.809071619819728
2020-07-27,7.53930172717208
2020-07-28,7.307320566831775
2020-07-29,7.944268754601307
2020-07-30,8.519477018554053
2020-07-31,8.40041895980999
2020-08-01,7.9923127355229076
2020-08-02,7.49771134550282
2020-08-03,7.694260031557235
2020-08-04,8.489987885459438
2020-08-05,8.274780052281097
2020-08-06,8.315794957368153
2020-08-07,8.214171497430613
2020-08-08,8.336544702095818
2020-08-09,7.849104467523382
2020-08-10,7.746719307511242
2020-08-11,8.489687250500753
2020-08-12,8.429819701760495
2020-08-13,8.304425184336433
2020-08-14,8.48355149085762
2020-08-15,8.554995403800017
2020-08-16,7.816025768549297
2020-08-17,7.7560977870736725
2020-08-18,8.603491109144063
2020-08-19,8.512787991299728
2020-08-20,7.730269556597835
2020-08-21,8.029914319753955
2020-08-22,8.200559875659096
2020-08-23,7.917558774968858
2020-08-24,7.949017784493083
2020-08-25,8.51480251533621
2020-08-26,7.9716355952583955
2020-08-27,7.86583894252822
2020-08-28,7.516086731358259
2020-08-29,8.826635842868972
2020-08-30,8.001860467002846
2020-08-31,7.805583117543047
2020-09-01,8.5398869484733
2020-09-02,8.54313826040286
2020-09-03,8.272395115995842
2020-09-04,8.283195478363515
2020-09-05,7.780827543839896
2020-09-06,7.647702959703064
2020-09-07,7.967593036140101
2020-09-08,8.667109955254888
2020-09-09,8.20297354337983
2020-09-10,8.36681974167138
2020-09-11,8.475621638609384
2020-09-12,8.429267703241333
2020-09-13,8.043626184158242
2020-09-14,8.090585777325847
2020-09-15,8.729401095114246
2020-09-16,8.273515067799588
2020-09-17,8.447549417921147
2020-09-18,8.112683737548808
2020-09-19,8.44956878138536
2020-09-20,7.874346893012458
2020-09-21,8.264227867302196
2020-09-22,8.589658238386978
2020-09-23,8.54243998631875
2020-09-24,8.537551097448583
2020-09-25,8.550706496485757
2020-09-26,8.73543991845574
2020-09-27,8.00525694772746
2020-09-28,7.569524778095295
2020-09-29,8.827106041480366
2020-09-30,7.350197069166642
2020-10-01,7.438794480588855
2020-10-02,7.489803288648894
2020-10-03,8.029286111823009
2020-10-04,8.63228384763631
2020-10-05,7.88203007485595
2020-10-06,8.416797872413753
2020-10-07,7.696696257322904
2020-10-08,7.78697750910281
2020-10-09,7.5593887131478095
2020-10-10,8.073887195110807
2020-10-11,7.538491145056939
2020-10-12,7.741248098308799
2020-10-13,8.428859037616164
2020-10-14,7.535181898070985
2020-10-15,7.653403105900143
2020-10-16,8.468924385194601
2020-10-17,8.084091088444698
2020-10-18,6.892578307948271
2020-10-19,7.429678733740319
2020-10-20,8.36886749249254
2020-10-21,8.337879540065659
2020-10-22,7.970514220463575
2020-10-23,8.026063974903328
2020-10-24,8.177859368834026
2020-10-25,8.256372117808489
2020-10-26,7.635906952473179
2020-10-27,7.865512236003118
2020-10-28,8.242475762746212
2020-10-29,7.510472927799537
2020-10-30,7.4995009575997855
2020-10-31,7.583109485368022
2020-11-01,7.594456732492388
2020-11-02,7.0664989643664455
2020-11-03,7.982531807575765
2020-11-04,7.942870224705183
2020-11-05,7.5643354644672085
2020-11-06,7.893643416434998
2020-11-07,7.256882113527113
2020-11-08,7.7589839079631435
2020-11-09,7.37828444642421
2020-11-10,7.702867847465318
2020-11-11,7.400792258059005
2020-11-12,7.745267439567096
2020-11-13,7.8492144203736105
2020-11-14,7.311509364560325
2020-11-15,7.409126733713707
2020-11-16,7.402195138146115
2020-11-17,7.781415448055897
2020-11-18,7.771673534336685
2020-11-19,7.417359890203089
2020-11-20,7.433792790368158
2020-11-21,7.027862633693878
2020-11-22,7.31970267988798
2020-11-23,6.882395908288118
2020-11-24,7.654054564344942
2020-11-25,7.857714764852149
2020-11-26,7.613956837778048
2020-11-27,7.926700794136082
2020-11-28,7.805184503422878
2020-11-29,7.6731191952302
2020-11-30,7.456173277844553
2020-12-01,7.720511807618794
2020-12-02,7.584807690821536
2020-12-03,7.837648677783772
2020-12-04,7.89470231072421
2020-12-05,7.80706918998229
2020-12-06,7.4406700150818335
2020-12-07,7.170830031668638
2020-12-08,7.553021769986794
2020-12-09,7.71355511117555
2020-12-10,7.246273619300732
2020-12-11,7.964331765693053
2020-12-12,7.652930585539765
2020-12-13,7.802521794373641
2020-12-14,7.446192134574739
2020-12-15,7.460740771048771
2020-12-16,7.5123410950916325
2020-12-17,7.750818873467569
2020-12-18,8.192672158212963
2020-12-19,7.362596733895265
2020-12-20,7.640348704272927
2020-12-21,7.779697090305983
2020-12-22,8.018892049445427
2020-12-23,7.848034491730744
2020-12-24,7.21843983023894
2020-12-25,7.882881188167781
2020-12-26,7.499630106463616
2020-12-27,6.6954353481558675
2020-12-28,7.201799458049088
2020-12-29,7.7994107780982365
2020-12-30,8.081492374714786
2020-12-31,8.275452486300459
2021-01-01,7.463156222621248
2021-01-02,6.80277782914212
2021-01-03,7.540103706797384
2021-01-04,7.261469468993353
2021-01-05,7.244651454960779
2021-01-06,6.825555544295157
2021-01-07,8.153632740335537
2021-01-08,7.055808794066247
2021-01-09,7.757635135277954
2021-01-10,7.364890933923878
2021-01-11,6.950653745729496
2021-01-12,7.351314935601409
2021-01-13,7.440541761916902
2021-01-14,7.137602649037027
2021-01-15,7.528385292505684
2021-01-16,7.613346279446297
2021-01-17,7.284485377299165
2021-01-18,7.02606665944284
2021-01-19,7.827359244210828
2021-01-20,7.791133049418099
2021-01-21,7.689354203166792
2021-01-22,8.112589793633084
2021-01-23,8.746674923997016
2021-01-24,8.513206938582332
2021-01-25,7.675265091086846
2021-01-26,7.6593242263395265
2021-01-27,8.4321703218388
2021-01-28,7.77212109943998
2021-01-29,7.7386238952909245
2021-01-30,8.071516219232137
2021-01-31,8.405657331450243
2021-02-01,7.512494582692389
2021-02-02,8.090030329838086
2021-02-03,7.73006738689055
2021-02-04,7.233913424236781
2021-02-05,7.676886440628989
2021-02-06,8.445419499110235
2021-02-07,7.565034465345298
2021-02-08,7.339177627456353
2021-02-09,8.106546358717473
2021-02-10,8.005061817328945
2021-02-11,8.232843791332689
2021-02-12,8.18409061069956
2021-02-13,7.637789726187433
2021-02-14,7.474894350524002
2021-02-15,7.75369514171723
2021-02-16,8.297832382292336
2021-02-17,8.130376570270567
2021-02-18,7.722940945415245
2021-02-19,8.423546347828175
2021-02-20,8.405897937401699
2021-02-21,8.325368594549115
2021-02-22,7.34352045500641
2021-02-23,7.724099816421186
2021-02-24,8.695234925636786
2021-02-25,8.148917666002442
2021-02-26,8.31438349823258
2021-02-27,8.068170678647622
2021-02-28,8.051136694801418
2021-03-01,7.386956817602581
2021-03-02,8.432301952334688
2021-03-03,7.316652308771344
2021-03-04,8.39669007497305
2021-03-05,8.099412479998216
2021-03-06,7.55737826632347
2021-03-07,7.8107958304203695
2021-03-08,7.312345078506626
2021-03-09,8.051905930023109
2021-03-10,8.053736196540628
2021-03-11,7.606778974762566
2021-03-12,7.966002374500828
2021-03-13,7.90407816148324
2021-03-14,8.078521834429596
2021-03-15,8.034703650941355
2021-03-16,8.081854406160817
2021-03-17,7.93035558556004
2021-03-18,7.81422937595716
2021-03-19,7.814809524518443
2021-03-20,7.62246974333574
2021-03-21,7.93019013494841
2021-03-22,7.44296544529706
2021-03-23,8.140104769543111
2021-03-24,7.677309495728931
2021-03-25,8.081266990829155
2021-03-26,7.678013873098511
2021-03-27,8.384652572524883
2021-03-28,8.224036918271599
2021-03-29,8.114495345967418
2021-03-30,7.740120772527471
2021-03-31,8.462388065104118
2021-04-01,8.354192189343362
2021-04-02,8.122999195606898
2021-04-03,7.722833076950045
2021-04-04,7.974009159394447
2021-04-05,7.924093447611315
2021-04-06,7.600361040861881
2021-04-07,7.942261727081425
2021-04-08,7.745798150978269
2021-04-09,8.067218670619615
2021-04-10,8.177920701762721
2021-04-11,7.943273737968576
2021-04-12,8.148950465684035
2021-04-13,8.325549859381471
2021-04-14,9.019579274846937
2021-04-15,7.433888191650411
2021-04-16,7.364544163375482
2021-04-17,7.553810566845236
2021-04-18,8.353069634115288
2021-04-19,7.7391296256089825
2021-04-20,8.324234743875635
2021-04-21,7.729985673062163
2021-04-22,8.033614761816189
2021-04-23,8.014376381996804
2021-04-24,7.829697643097856
2021-04-25,8.026573948161287
2021-04-26,7.726229781771451
2021-04-27,7.740582052842245
2021-04-28,8.18752380225812
2021-04-29,7.918269754158148
2021-04-30,7.588169668810617
2021-05-01,7.462096656076604
2021-05-02,7.828070028425154
2021-05-03,7.068683002484667
2021-05-04,6.970810725258209
2021-05-05,7.4394217908871605
2021-05-06,8.060516356050874
2021-05-07,7.060157975453167
2021-05-08,7.62245059625636
2021-05-09,7.479443557032657
2021-05-10,7.599583197037036
2021-05-11,8.340763429165376
2021-05-12,8.334112395993316
2021-05-13,8.209484781314178
2021-05-14,7.9505467067745315
2021-05-15,7.047844075308069
2021-05-16,8.224094548821192
2021-05-17,7.636331855066401
2021-05-18,7.240497933229097
2021-05-19,6.856580400458172
2021-05-20,7.425913881942425
2021-05-21,8.259505783569779
2021-05-22,7.783652663781093
2021-05-23,7.248385015909255
2021-05-24,7.826730909678889
2021-05-25,8.276416223672657
2021-05-26,8.176045502387025
2021-05-27,8.05771773748024
2021-05-28,8.1488326179446
2021-05-29,7.523762374523973
2021-05-30,7.442093603101388
2021-05-31,7.772991815810751
2021-06-01,7.9318219261312395
2021-06-02,7.538017319789614
2021-06-03,7.159670321256493
2021-06-04,7.472672029127694
2021-06-05,8.03979788571676
2021-06-06,7.460017256766227
2021-06-07,7.812183041569104
2021-06-08,8.163889012943281
2021-06-09,7.958243867577174
2021-06-10,8.015024537111891
2021-06-11,8.136389216486645
2021-06-12,7.850141008901832
2021-06-13,7.65284696895273
2021-06-14,7.251099036733698
2021-06-15,8.084350806269523
2021-06-16,7.552736513286056
2021-06-17,8.437304892453255
2021-06-18,8.202073595282375
2021-06-19,7.563495036973917
2021-06-20,7.6382863144350654
2021-06-21,7.366483797443946
2021-06-22,7.781016327737876
2021-06-23,7.564281175314585
2021-06-24,8.088654493044418
2021-06-25,7.680342597717165
2021-06-26,8.00068208213414
2021-06-27,6.807403976276028
2021-06-28,7.918017749134934
2021-06-29,8.480387543763731
2021-06-30,7.477162135280941
2021-07-01,7.865267221487048
2021-07-02,8.170779457638202
2021-07-03,7.781116096560678
2021-07-04,7.458762456111417
2021-07-05,7.483610071792656
2021-07-06,7.904300988498586
2021-07-07,8.026692377675372
2021-07-08,8.305844540686902
2021-07-09,8.102807476200885
2021-07-10,8.587128640709247
2021-07-11,7.886552294200199
2021-07-12,7.893446957117129
2021-07-13,8.514376949596754
2021-07-14,8.733741095492558
2021-07-15,8.58834309947414
2021-07-16,8.7168602789972
2021-07-17,8.732483693962106
2021-07-18,8.14621885402818
2021-07-19,8.265021743123429
2021-07-20,9.167525566268974
2021-07-21,7.602299706289502
2021-07-22,8.373677873879581
2021-07-23,8.092350148995946
2021-07-24,8.834253076475722
2021-07-25,8.107246930667563
2021-07-26,8.286627082064767
2021-07-27,8.974250492523051
2021-07-28,8.184035684602671
2021-07-29,8.6123287975346
2021-07-30,8.140130533683557
2021-07-31,8.920805056050288
2021-08-01,8.061237976763703
2021-08-02,7.801401172340454
2021-08-03,8.203068148098293
2021-08-04,8.63134675700136
2021-08-05,8.442017791420078
2021-08-06,8.9152792924238
2021-08-07,7.789534774471375
2021-08-08,7.888676320169331
2021-08-09,8.113622786781217
2021-08-10,8.692504858674484
2021-08-11,8.486820921053027
2021-08-12,8.652021331853554
2021-08-13,8.709521962440796
2021-08-14,8.411483609276845
2021-08-15,8.142688671104793
2021-08-16,8.147387295044702
2021-08-17,8.715203955340238
2021-08-18,9.070581063036036
2021-08-19,8.345443562500211
2021-08-20,8.442684168447897
2021-08-21,8.81730594011877
2021-08-22,8.35349485639962
2021-08-23,8.388719608333844
2021-08-24,8.990506916233716
2021-08-25,8.854932023407592
2021-08-26,8.271233423988251
2021-08-27,7.700002097454114
2021-08-28,8.925272110745397
2021-08-29,7.878092927914753
2021-08-30,7.652765786991349
2021-08-31,7.356771460313899
2021-09-01,8.014294888214504
2021-09-02,7.549895898188067
2021-09-03,8.132586934227474
2021-09-04,8.039839843840012
2021-09-05,8.16280417177237
2021-09-06,7.631006760048039
2021-09-07,8.35743407659991
2021-09-08,8.41918870358839
2021-09-09,8.372552572580958
2021-09-10,8.395144497781098
2021-09-11,8.590904796178007
2021-09-12,8.599538192244053
2021-09-13,8.224907235378518
2021-09-14,8.83384727006969
2021-09-15,8.739637404846711
2021-09-16,8.637459052445449
2021-09-17,8.956883920044769
2021-09-18,8.779910530158961
2021-09-19,7.479690312460583
2021-09-20,7.665445410603123
2021-09-21,8.423750769658847
2021-09-22,7.817047094317542
2021-09-23,8.319849555951324
2021-09-24,7.930133010603107
2021-09-25,7.956745225928226
2021-09-26,8.466233330371796
2021-09-27,8.264563337339263
2021-09-28,8.436274022614885
2021-09-29,7.946868030962019
2021-09-30,8.355484797954542
2021-10-01,8.349735736276234
2021-10-02,8.510500077545124
2021-10-03,8.148284799611943
2021-10-04,8.384072861908406
2021-10-05,8.558408590142326
2021-10-06,8.441619447951341
2021-10-07,8.189966180363093
2021-10-08,7.790817139532549
2021-10-09,8.146362046265763
2021-10-10,7.818888495463986
2021-10-11,7.938898367811273
2021-10-12,8.30319435014046
2021-10-13,8.27083644093907
2021-10-14,8.014266870026946
2021-10-15,8.258266410187971
2021-10-16,8.109990600089176
2021-10-17,7.850567058643436
2021-10-18,7.532726914146409
2021-10-19,8.008729577167792
2021-10-20,8.4550062108784
2021-10-21,8.218481403863011
2021-10-22,8.192853171720444
2021-10-23,7.653328343486864
2021-10-24,8.047226947645795
2021-10-25,7.688808097226203
2021-10-26,8.193152361694954
2021-10-27,8.251582140056874
2021-10-28,8.345637503016395
2021-10-29,8.875039910681007
2021-10-30,8.697925416071994
2021-10-31,8.178428310866739
2021-11-01,8.096702505929816
2021-11-02,8.405908896182527
2021-11-03,8.135311148754255
2021-11-04,7.868388424974575
2021-11-05,8.459285491092977
2021-11-06,8.76180413664511
2021-11-07,8.135793210229991
2021-11-08,7.743217047111871
2021-11-09,8.191515479060758
2021-11-10,8.13234122941452
2021-11-11,8.465842711416197
2021-11-12,8.786375796325636
2021-11-13,8.75684435324894
2021-11-14,8.077540163385708
2021-11-15,7.9064751256835075
2021-11-16,8.201771532173744
2021-11-17,7.8746074910319415
2021-11-18,8.363580231931369
2021-11-19,7.988825081427791
2021-11-20,7.995153547720914
2021-11-21,7.8609770805992225
2021-11-22,7.609136579172642
2021-11-23,8.469108365422517
2021-11-24,7.7935707232802205
2021-11-25,8.182141973128743
2021-11-26,8.47350463898203
2021-11-27,8.334975879760426
2021-11-28,8.169749747951093
2021-11-29,7.991196865994463
2021-11-30,7.629479067461453
2021-12-01,7.469338930633325
2021-12-02,7.332060936270684
2021-12-03,8.488146862624985
2021-12-04,8.280482694631909
2021-12-05,7.405340666329358
2021-12-06,7.357864806434955
2021-12-07,7.65750970613053
2021-12-08,7.4916213608640545
2021-12-09,7.096328289546278
2021-12-10,7.715045365702769
2021-12-11,7.320224198881701
2021-12-12,7.355643104711478
2021-12-13,6.989493294155608
2021-12-14,7.252608672171903
2021-12-15,7.350375944143536
2021-12-16,7.126187674772338
2021-12-17,7.187741375036576
2021-12-18,7.380513209974141
2021-12-19,7.528314977216271
2021-12-20,6.802006262466411
2021-12-21,7.574341148605386
2021-12-22,7.640058848369762
2021-12-23,7.598276464406181
2021-12-24,8.017527996371712
2021-12-25,7.068831576188143
2021-12-26,6.9673433961966476
2021-12-27,7.09273599733591
2021-12-28,7.368077673430195
2021-12-29,7.69683255315594
2021-12-30,7.346581836129167
2021-12-31,7.340053237894335
2022-01-01,7.139240842594749
2022-01-02,8.24054306753896
2022-01-03,7.255815172209751
2022-01-04,7.2374081986335765
2022-01-05,7.66354054906192
2022-01-06,7.690583373474197
2022-01-07,7.534529345841493
2022-01-08,7.3286099248778
2022-01-09,7.134817726204139
2022-01-10,7.169127786453315
2022-01-11,7.30396729442187
2022-01-12,7.016469152395213
2022-01-13,7.2623709116647674
2022-01-14,7.36367199245683
2022-01-15,7.240517814096442
2022-01-16,7.838710035065917
2022-01-17,7.464255890344859
2022-01-18,7.003227227030191
2022-01-19,7.46628377839467
2022-01-20,7.5747016545626416
2022-01-21,7.147003552298228
2022-01-22,7.332037099996472
2022-01-23,7.460409018886321
2022-01-24,7.374147661191451
2022-01-25,7.199053754315381
2022-01-26,7.718408455914599
2022-01-27,7.905546800196882
2022-01-28,7.475583729570642
2022-01-29,7.5048161076078586
2022-01-30,7.642059547972296
2022-01-31,6.961439814943292
2022-02-01,7.262897631802328
2022-02-02,7.909747782620165
2022-02-03,7.370386442106509
2022-02-04,7.982341754529797
2022-02-05,7.509089934648962
2022-02-06,7.615730991860763
2022-02-07,7.356109624929627
2022-02-08,7.7541114377032
2022-02-09,7.465109407956783
2022-02-10,7.83416130145737
2022-02-11,7.915742478807996
2022-02-12,8.134504576239951
2022-02-13,7.93535442107164
2022-02-14,7.560451851718153
2022-02-15,8.27864103045384
2022-02-16,8.278379677848797
2022-02-17,8.653016318610359
2022-02-18,7.416591619770336
2022-02-19,7.797858038643998
2022-02-20,7.635792636975814
2022-02-21,7.771012652187947
2022-02-22,7.877576778051655
2022-02-23,8.28743440781968
2022-02-24,7.678595325331756
2022-02-25,8.061430076600262
2022-02-26,7.789882823925531
2022-02-27,7.639866457542908
2022-02-28,7.19201832213456
2022-03-01,7.839897212325592
2022-03-02,7.880116354240817
2022-03-03,7.546510541740939
2022-03-04,7.912076975363157
2022-03-05,8.056685674898318
2022-03-06,7.509284231260235
2022-03-07,7.292029167827471
2022-03-08,7.724163948687011
2022-03-09,7.832002169903977
2022-03-10,8.114844538840101
2022-03-11,7.787851983818517
2022-03-12,7.724511194601327
2022-03-13,7.494683154388862
2022-03-14,7.680559021045083
2022-03-15,7.895117839303108
2022-03-16,7.76246701527988
2022-03-17,8.389933956690069
2022-03-18,7.632775469287868
2022-03-19,7.9985885830783285
2022-03-20,7.868675587356487
2022-03-21,7.6171080015189245
2022-03-22,8.189940768964544
2022-03-23,7.772012907915194
2022-03-24,8.203082422192447
2022-03-25,7.9399767131934675
2022-03-26,7.771927817648194
2022-03-27,7.214577027303761
2022-03-28,7.978155155682346
2022-03-29,8.02236084894204
2022-03-30,7.667835492164182
2022-03-31,7.600646074875441
2022-04-01,7.65162750556095
2022-04-02,7.130970862776998
2022-04-03,6.912571605983995
2022-04-04,6.865831217621979
2022-04-05,7.410357862551968
2022-04-06,7.08069140242058
2022-04-07,7.724248829103778
2022-04-08,7.624303996249167
2022-04-09,6.840789792483262
2022-04-10,7.252367407220579
2022-04-11,7.3282208158181685
2022-04-12,7.090948479081932
2022-04-13,7.56609515613342
2022-04-14,7.458307776161432
2022-04-15,7.6622360074318046
2022-04-16,7.7342088851002
2022-04-17,7.783585740780485
2022-04-18,6.9352138295459556
2022-04-19,7.574881812390224
2022-04-20,7.286437617887697
2022-04-21,7.236121045273676
2022-04-22,7.085379835047881
2022-04-23,7.8808898920109876
2022-04-24,6.703097129872975
2022-04-25,7.205104677607045
2022-04-26,6.890936469058401
2022-04-27,7.450582975966791
2022-04-28,7.779047737752201
2022-04-29,6.780305303089138
2022-04-30,7.334976898014211
2022-05-01,7.2851873154722675
2022-05-02,7.358830552221395
2022-05-03,7.6773182084611005
2022-05-04,7.334835859998649
2022-05-05,7.589047397967014
2022-05-06,7.915163270800611
2022-05-07,7.8319605114745015
2022-05-08,7.558523549862114
2022-05-09,7.460334750871016
2022-05-10,7.871385301157673
2022-05-11,7.755823453094534
2022-05-12,7.253117245885419
2022-05-13,7.373004857880088
2022-05-14,7.569025929439894
2022-05-15,7.467936554655542
2022-05-16,7.072072289025504
2022-05-17,7.8466550874871945
2022-05-18,7.3360731779550985
2022-05-19,7.311066772308621
2022-05-20,7.2039529103527356
2022-05-21,7.12523689125944
2022-05-22,6.892581602089573
2022-05-23,7.0582286622148604
2022-05-24,7.549613475225545
2022-05-25,7.404977824672987
2022-05-26,7.327897924423794
2022-05-27,7.1077111793478265
2022-05-28,7.246535365749693
2022-05-29,6.914979222175708
2022-05-30,6.815029595553215
2022-05-31,6.790600242207527
2022-06-01,7.244139476697082
2022-06-02,6.888696337627534
2022-06-03,7.611363293521718
2022-06-04,7.428086618690207
2022-06-05,7.17650089053665
2022-06-06,7.087517734413672
2022-06-07,7.387160813552134
2022-06-08,7.621485929906845
2022-06-09,7.550611615589329
2022-06-10,7.629878724609237
2022-06-11,7.455271915033391
2022-06-12,7.1068094264944035
2022-06-13,6.965269614096965
2022-06-14,7.095696189503652
2022-06-15,7.622786939466117
2022-06-16,7.523136164637384
2022-06-17,7.089335320793361
2022-06-18,7.270772622298686
2022-06-19,7.155305924279805
2022-06-20,7.071306597599042
2022-06-21,7.378634539255433
2022-06-22,6.647047785174125
2022-06-23,7.543742764395695
2022-06-24,6.76722626511792
2022-06-25,7.379327586579646
2022-06-26,6.981849960958081
2022-06-27,6.813596484082796
2022-06-28,7.395905757548953
2022-06-29,6.887856851555186
2022-06-30,7.443617608957327
2022-07-01,7.516951066864678
2022-07-02,7.446664245695567
2022-07-03,7.036003010385062
2022-07-04,6.808631467565616
2022-07-05,7.131417432362687
2022-07-06,7.319487485143172
2022-07-07,6.486453297232165
2022-07-08,6.964562546289262
2022-07-09,7.451096907350948
2022-07-10,6.747763296972866
2022-07-11,6.495450592541338
2022-07-12,6.9844068648955675
2022-07-13,6.716913054209015
2022-07-14,6.792011884460156
2022-07-15,6.975887369963575
2022-07-16,6.910347482358432
2022-07-17,6.954477888754381
2022-07-18,6.84222863827663
2022-07-19,7.040492918635524
2022-07-20,7.648345789933105
2022-07-21,7.576822550721032
2022-07-22,7.865156054755154
2022-07-23,7.649466965866413
2022-07-24,7.612871970255862
2022-07-25,7.191372851011528
2022-07-26,7.774640238537317
2022-07-27,7.548349937466388
2022-07-28,7.852668609022608
2022-07-29,7.848643258399582
2022-07-30,8.068723103332195
2022-07-31,7.5472381064347935
2022-08-01,6.977229668980831
2022-08-02,8.007613732406407
2022-08-03,7.817938533094651
2022-08-04,7.959151733894244
2022-08-05,8.137815163090696
2022-08-06,8.187008732946675
2022-08-07,7.584480810091352
2022-08-08,7.497926715690602
2022-08-09,8.02548451062802
2022-08-10,8.109119717133101
2022-08-11,7.931027354141068
2022-08-12,7.963071464157154
2022-08-13,8.083773999112076
2022-08-14,7.511120780965942
2022-08-15,7.352093355207427
2022-08-16,7.141243587060173
2022-08-17,7.8296231405383745
2022-08-18,7.865776888659154
2022-08-19,8.231711411261616
2022-08-20,8.12603133068641
2022-08-21,7.775614550710469
2022-08-22,7.5897541365479455
2022-08-23,7.791752146423871
2022-08-24,7.9928750707123415
2022-08-25,8.110883173096004
2022-08-26,8.04600975371684
2022-08-27,8.223579566868294
2022-08-28,7.981078687470708
2022-08-29,8.0046879211163
2022-08-30,8.476130975571714
2022-08-31,8.22947407270095
2022-09-01,8.152726803562306
2022-09-02,8.12069237837754
2022-09-03,7.858360831053064
2022-09-04,7.669518685054736
2022-09-05,7.713953857678975
2022-09-06,8.03628606865893
2022-09-07,8.345777788771304
2022-09-08,8.049690699712588
2022-09-09,7.921473106995816
2022-09-10,8.201685218319522
2022-09-11,7.498462487951276
2022-09-12,7.133730350893962
2022-09-13,7.850428347880021
2022-09-14,7.796703828134248
2022-09-15,7.516599142481797
2022-09-16,7.595613999382076
2022-09-17,7.079300433964062
2022-09-18,7.2934993665313295
2022-09-19,6.705142275215261
2022-09-20,7.166399855122672
2022-09-21,7.003471468509415
2022-09-22,7.719752030149024
2022-09-23,7.473636463633348
2022-09-24,7.340218458664777
2022-09-25,7.196130346987113
2022-09-26,7.741322166244909
2022-09-27,7.774169924028751
2022-09-28,7.05027280367222
2022-09-29,7.161029879324966
2022-09-30,7.526897303056495
2022-10-01,7.425718362660809
2022-10-02,7.349334400453045
2022-10-03,6.575492779089097
2022-10-04,7.517574996256572
2022-10-05,7.513049521104832
2022-10-06,7.564443705850983
2022-10-07,7.4841749684981735
2022-10-08,7.9610177314273844
2022-10-09,7.591414674863414
2022-10-10,7.727219507176769
2022-10-11,7.545647606700416
2022-10-12,7.900232620279989
2022-10-13,7.766080286191165
2022-10-14,8.085880420043901
2022-10-15,7.758700233342311
2022-10-16,7.7812564438444864
2022-10-17,7.909684062091893
2022-10-18,8.19074510834923
2022-10-19,8.601336577253907
2022-10-20,8.14342288043542
2022-10-21,8.110354658642981
2022-10-22,8.25089476955582
2022-10-23,8.31310387595078
2022-10-24,7.6485151857443245
2022-10-25,8.44045536694866
2022-10-26,8.1354554254184
2022-10-27,7.905812256002313
2022-10-28,8.484987113387728
2022-10-29,8.551259682083078
2022-10-30,8.440295371522247
2022-10-31,8.16353642140789
2022-11-01,8.402875762073496
2022-11-02,8.404363134002912
2022-11-03,8.648001288438715
2022-11-04,8.301183766899381
2022-11-05,8.572125298807455
2022-11-06,7.995360562002806
2022-11-07,7.674675190180972
2022-11-08,8.354407495729115
2022-11-09,8.32734379964757
2022-11-10,8.407145614992176
2022-11-11,8.634159363803917
2022-11-12,8.27825133338346
2022-11-13,8.244624742589993
2022-11-14,8.26009527984699
2022-11-15,8.262806626643073
2022-11-16,7.90599686034464
2022-11-17,7.891310814417951
2022-11-18,8.235963212251555
2022-11-19,8.020019864818934
2022-11-20,7.622309503016111
2022-11-21,7.673721685068108
2022-11-22,7.679704449641871
2022-11-23,7.886691606280235
2022-11-24,7.786713331113383
2022-11-25,7.720332453497663
2022-11-26,7.770478602459424
2022-11-27,7.911744713112741
2022-11-28,7.937990331597572
2022-11-29,7.779272682075643
2022-11-30,7.67610642967114
2022-12-01,7.4477903372548795
2022-12-02,7.4581889035682245
2022-12-03,7.6001511277844935
2022-12-04,7.56735592419306
2022-12-05,7.406793654958061
2022-12-06,7.752135500742904
2022-12-07,7.678288976363094
2022-12-08,7.597365394542117
2022-12-09,7.764173493140581
2022-12-10,7.652922030725418
2022-12-11,7.776831696218877
2022-12-12,7.316179773116485
2022-12-13,7.462349703304394
2022-12-14,7.79802105739261
2022-12-15,7.976905097377502
2022-12-16,7.593328057827537
2022-12-17,7.811453842964446
2022-12-18,7.499186582033398
2022-12-19,7.549437356837618
2022-12-20,7.901789898063369
2022-12-21,8.064901540215615
2022-12-22,7.578923504433112
2022-12-23,7.652223851968872
2022-12-24,7.951401660059473
2022-12-25,7.855007277264142
2022-12-26,8.06585059428963
2022-12-27,7.888504291098082
2022-12-28,7.991480490996615
2022-12-29,8.267744964883416
2022-12-30,8.120890257591565
2022-12-31,7.994491896723877
2023-01-01,8.100357693892626
2023-01-02,7.765348875216601
2023-01-03,7.881923595952218
2023-01-04,8.226837149949521
2023-01-05,8.230239724975995
2023-01-06,7.612580003493858
2023-01-07,8.06005728081945
2023-01-08,7.970722633432044
2023-01-09,7.746297130811545
2023-01-10,8.026716917548969
2023-01-11,7.949062897062494
2023-01-12,7.7799089973010105
2023-01-13,7.8570013391737525
2023-01-14,7.747638896229396
2023-01-15,7.729782132979402
2023-01-16,7.665777759409853
2023-01-17,8.36109207277388
2023-01-18,8.106732943360665
2023-01-19,7.892648383746908
2023-01-20,7.909194448264572
2023-01-21,8.532665293464339
2023-01-22,7.6426157424360035
2023-01-23,7.613894713092251
2023-01-24,7.679437679419585
2023-01-25,7.816460165977073
2023-01-26,8.136496553724877
2023-01-27,7.8436124033945065
2023-01-28,7.881459971109067
2023-01-29,7.9228177071176615
2023-01-30,7.848184078214352
2023-01-31,7.700186826593747
2023-02-01,8.254202672005341
2023-02-02,8.23890462950007
2023-02-03,7.811781683244815
2023-02-04,8.002871080091463
2023-02-05,7.781111385615074
2023-02-06,7.717650395223484
2023-02-07,8.25915522135138
2023-02-08,7.904357616564844
2023-02-09,8.402761878981567
2023-02-10,8.640365502404329
2023-02-11,8.134225093244282
2023-02-12,7.953142217876965
2023-02-13,8.340505139505874
2023-02-14,8.353678763480389
2023-02-15,8.834510987338204
2023-02-16,8.7000112768275
2023-02-17,8.491419812922834
2023-02-18,8.612128047094652
2023-02-19,7.777283387695732
2023-02-20,7.662030090572908
2023-02-21,8.062700838242359
2023-02-22,7.632309801292405
2023-02-23,8.488105431661348
2023-02-24,7.807444491644682
2023-02-25,7.99190735261231
2023-02-26,8.046372474139769
2023-02-27,7.796198117549699
2023-02-28,7.781847936641014
2023-03-01,7.778389607182012
2023-03-02,7.953348369415489
2023-03-03,8.1554935646852
2023-03-04,8.017796023486415
2023-03-05,7.477515987322309
2023-03-06,8.052629060891512
2023-03-07,7.895009367354295
2023-03-08,8.366841904706602
2023-03-09,8.118091468820928
2023-03-10,7.499578766911167
2023-03-11,8.03929211039382
2023-03-12,7.402583779724887
2023-03-13,7.8776873311283975
2023-03-14,8.019750224756411
2023-03-15,8.602905118713982
2023-03-16,8.022994654198351
2023-03-17,7.985399930552332
2023-03-18,8.021747186417175
2023-03-19,8.005442161005526
2023-03-20,7.738139352202859
2023-03-21,8.564791516297667
2023-03-22,8.173322973340111
2023-03-23,8.080675275532448
2023-03-24,7.832119662687398
2023-03-25,7.793012836016969
2023-03-26,7.993349037032699
2023-03-27,7.148554319135236
2023-03-28,8.231058164453747
2023-03-29,7.5884020551298415
2023-03-30,8.253491384103082
2023-03-31,7.801668515087275
2023-04-01,7.902194649424207
2023-04-02,7.982543527018976
2023-04-03,7.402452231200098
2023-04-04,8.075153204203891
2023-04-05,7.5154343462858915
2023-04-06,7.319288476826343
2023-04-07,7.138622053122441
2023-04-08,7.238760905532909
2023-04-09,7.887973687621768
2023-04-10,7.5670368786002955
2023-04-11,7.958578125388841
2023-04-12,7.667623666636496
2023-04-13,7.93007476563366
2023-04-14,7.554495441143884
2023-04-15,7.656316110953609
2023-04-16,7.392625885598889
2023-04-17,7.255820278997592
2023-04-18,7.029792777658242
2023-04-19,7.534978117244446
2023-04-20,7.4248321674548095
2023-04-21,7.685617168558999
2023-04-22,7.337095932846015
2023-04-23,7.794492688374107
2023-04-24,7.5498191574672875
2023-04-25,7.786874080749522
2023-04-26,7.448968760552199
2023-04-27,7.196153846510727
2023-04-28,7.220756106766229
2023-04-29,7.523449002337252
2023-04-30,7.591776890390876
2023-05-01,7.391943209023192
2023-05-02,7.434691502851178
2023-05-03,7.925732392516096
2023-05-04,7.78514248620748
2023-05-05,7.6633941540211525
2023-05-06,7.8313928605535
2023-05-07,7.61920325360639
2023-05-08,7.351406792017807
2023-05-09,7.82255356851755
2023-05-10,7.684439537514075
2023-05-11,7.951200597205112
2023-05-12,8.004355570081263
2023-05-13,8.073320883302074
2023-05-14,8.107662935299551
2023-05-15,8.094077588091855
2023-05-16,8.151918090956674
2023-05-17,7.9349467868452
2023-05-18,7.850297985795635
2023-05-19,8.151947574872016
2023-05-20,8.0241653906557
2023-05-21,7.804081560447982
2023-05-22,8.037850958012342
2023-05-23,7.994271562412771
2023-05-24,8.2629747651359
2023-05-25,8.158249238542197
2023-05-26,8.036614623009077
2023-05-27,8.010797492295865
2023-05-28,7.7743837356207735
2023-05-29,7.59226924843953
2023-05-30,8.144377508412536
2023-05-31,8.2270009761655
2023-06-01,8.399691752897985
2023-06-02,7.9631312135997785
2023-06-03,7.84048092650992
2023-06-04,7.49650695877421
2023-06-05,7.642420958287181
2023-06-06,7.904283626488977
2023-06-07,8.270250365175954
2023-06-08,8.10268445856622
2023-06-09,8.341089682457454
2023-06-10,8.213892730307448
2023-06-11,7.934721036871818
2023-06-12,7.63266041616134
2023-06-13,7.744079358996922
2023-06-14,7.914143533064049
2023-06-15,7.905020856257937
2023-06-16,8.012993855235138
2023-06-17,8.032616641724175
2023-06-18,7.390310835421241
2023-06-19,7.216348371864169
2023-06-20,7.709197808033398
2023-06-21,8.015740936720391
2023-06-22,8.159684683507816
2023-06-23,8.038402993470887
2023-06-24,7.425780633204417
2023-06-25,7.564556634351948
2023-06-26,7.3169837815219845
2023-06-27,7.808136224700481
2023-06-28,7.004187487333377
2023-06-29,7.8979958431247645
2023-06-30,6.822797800706328
2023-07-01,7.338175779949531
2023-07-02,7.27182332802217
2023-07-03,6.830633849933653
2023-07-04,7.907299100907209
2023-07-05,7.719919016003233
2023-07-06,7.463178640424888
2023-07-07,7.42682170746888
2023-07-08,7.445410763985456
2023-07-09,7.458211134505276
2023-07-10,7.4612206641717815
2023-07-11,7.460806545238478
2023-07-12,7.460228701500509
2023-07-13,7.460036285906659
2023-07-14,7.46003075409651
2023-07-15,7.4600539878692
2023-07-16,7.460064676132074
2023-07-17,7.460066162902394
2023-07-18,7.460065377552129
2023-07-19,7.460064843313814
2023-07-20,7.460064718973616
2023-07-21,7.460064736799647
2023-07-22,7.46006476098046
2023-07-23,7.4600647689663315
2023-07-24,7.460064769169517
2023-07-25,7.460064768193931
2023-07-26,7.460064767749002
2023-07-27,7.460064767688231
2023-07-28,7.460064767721403
2023-07-29,7.460064767743699
2023-07-30,7.460064767748835
2023-07-31,7.460064767748069
2023-08-01,7.460064767747057
2023-08-02,7.460064767746726
2023-08-03,7.460064767746719
2023-08-04,7.4600647677467595
2023-08-05,7.460064767746778
2023-08-06,7.460064767746781
2023-08-07,7.460064767746779
2023-08-08,7.460064767746778
2023-08-09,7.460064767746778
2023-08-10,7.460064767746778
2023-08-11,7.460064767746778
2023-08-12,7.460064767746778
2023-08-13,7.460064767746778
2023-08-14,7.460064767746778
2023-08-15,7.460064767746778
2023-08-16,7.460064767746778
2023-08-17,7.460064767746778
2023-08-18,7.460064767746778
2023-08-19,7.460064767746778
2023-08-20,7.460064767746778
2023-08-21,7.460064767746778
2023-08-22,7.460064767746778
2023-08-23,7.460064767746778
2023-08-24,7.460064767746778
2023-08-25,7.460064767746778
2023-08-26,7.460064767746778
2023-08-27,7.460064767746778
2023-08-28,7.460064767746778
2023-08-29,7.460064767746778
2023-08-30,7.460064767746778
2023-08-31,7.460064767746778
2023-09-01,7.460064767746778
2023-09-02,7.460064767746778
2023-09-03,7.460064767746778
2023-09-04,7.460064767746778
2023-09-05,7.460064767746778
2023-09-06,7.460064767746778
2023-09-07,7.460064767746778
2023-09-08,7.460064767746778
2023-09-09,7.460064767746778
2023-09-10,7.460064767746778
2023-09-11,7.460064767746778
2023-09-12,7.460064767746778
2023-09-13,7.460064767746778
2023-09-14,7.460064767746778
2023-09-15,7.460064767746778
2023-09-16,7.460064767746778
2023-09-17,7.460064767746778
2023-09-18,7.460064767746778
2023-09-19,7.460064767746778
2023-09-20,7.460064767746778
2023-09-21,7.460064767746778
2023-09-22,7.460064767746778
2023-09-23,7.460064767746778
2023-09-24,7.460064767746778
2023-09-25,7.460064767746778
2023-09-26,7.460064767746778
2023-09-27,7.460064767746778
2023-09-28,7.460064767746778
2023-09-29,7.460064767746778
2023-09-30,7.460064767746778
2023-10-01,7.460064767746778
2023-10-02,7.460064767746778
2023-10-03,7.460064767746778
2023-10-04,7.460064767746778
2023-10-05,7.460064767746778
2023-10-06,7.460064767746778
2023-10-07,7.460064767746778
2023-10-08,7.460064767746778
2023-10-09,7.460064767746778
2023-10-10,7.460064767746778
2023-10-11,7.460064767746778
2023-10-12,7.460064767746778
2023-10-13,7.460064767746778
2023-10-14,7.460064767746778
2023-10-15,7.460064767746778
2023-10-16,7.460064767746778
2023-10-17,7.460064767746778
2023-10-18,7.460064767746778
2023-10-19,7.460064767746778
2023-10-20,7.460064767746778
2023-10-21,7.460064767746778
2023-10-22,7.460064767746778
2023-10-23,7.460064767746778
2023-10-24,7.460064767746778
2023-10-25,7.460064767746778
2023-10-26,7.460064767746778
2023-10-27,7.460064767746778
2023-10-28,7.460064767746778
2023-10-29,7.460064767746778
2023-10-30,7.460064767746778
2023-10-31,7.460064767746778
2023-11-01,7.460064767746778
2023-11-02,7.460064767746778
2023-11-03,7.460064767746778
2023-11-04,7.460064767746778
2023-11-05,7.460064767746778
2023-11-06,7.460064767746778
2023-11-07,7.460064767746778
2023-11-08,7.460064767746778
2023-11-09,7.460064767746778
2023-11-10,7.460064767746778
2023-11-11,7.460064767746778
2023-11-12,7.460064767746778
2023-11-13,7.460064767746778
2023-11-14,7.460064767746778
2023-11-15,7.460064767746778
2023-11-16,7.460064767746778
2023-11-17,7.460064767746778
2023-11-18,7.460064767746778
2023-11-19,7.460064767746778
2023-11-20,7.460064767746778
2023-11-21,7.460064767746778
2023-11-22,7.460064767746778
2023-11-23,7.460064767746778
2023-11-24,7.460064767746778
2023-11-25,7.460064767746778
2023-11-26,7.460064767746778
2023-11-27,7.460064767746778
2023-11-28,7.460064767746778
2023-11-29,7.460064767746778
2023-11-30,7.460064767746778
2023-12-01,7.460064767746778
2023-12-02,7.460064767746778
2023-12-03,7.460064767746778
2023-12-04,7.460064767746778
2023-12-05,7.460064767746778
2023-12-06,7.460064767746778
2023-12-07,7.460064767746778
2023-12-08,7.460064767746778
2023-12-09,7.460064767746778
2023-12-10,7.460064767746778
2023-12-11,7.460064767746778
2023-12-12,7.460064767746778
2023-12-13,7.460064767746778
2023-12-14,7.460064767746778
2023-12-15,7.460064767746778
2023-12-16,7.460064767746778
2023-12-17,7.460064767746778
2023-12-18,7.460064767746778
2023-12-19,7.460064767746778
2023-12-20,7.460064767746778
2023-12-21,7.460064767746778
2023-12-22,7.460064767746778
2023-12-23,7.460064767746778
2023-12-24,7.460064767746778
2023-12-25,7.460064767746778
2023-12-26,7.460064767746778
2023-12-27,7.460064767746778
2023-12-28,7.460064767746778
2023-12-29,7.460064767746778
2023-12-30,7.460064767746778
2023-12-31,7.460064767746778
