horizon,origin_date,target_date,actual,sarima,hybrid,lstm_correction
1,2022-01-11,2022-01-11,6.562873902637556,7.343543515312659,7.297544800448405,-0.045998714864254
1,2022-02-10,2022-02-10,8.395700596545284,7.828180640522305,7.789620987657372,-0.038559652864933014
1,2022-03-12,2022-03-12,7.197590244974486,7.711682141499649,7.659212168978582,-0.052469972521066666
1,2022-04-11,2022-04-11,6.830001775590331,7.355079081800257,7.255896505859171,-0.09918257594108582
1,2022-05-11,2022-05-11,7.008978800178157,7.71854217595703,7.809622811743086,0.09108063578605652
1,2022-06-10,2022-06-10,7.7565559772981345,7.581064764740524,7.615510229351577,0.03444546461105347
1,2022-07-10,2022-07-10,5.785937036225244,6.7297277792288925,6.683434621144738,-0.04629315808415413
1,2022-08-09,2022-08-09,8.503912157328378,8.04626905904031,8.044348005413735,-0.001921053626574576
1,2022-09-08,2022-09-08,7.89223500973639,8.010680885320596,7.967798319911651,-0.042882565408945084
1,2022-10-08,2022-10-08,8.066126156376194,7.923126918332868,7.9448695155551965,0.021742597222328186
1,2022-11-07,2022-11-07,8.05360672242779,7.7235531105280915,7.718439706283907,-0.005113404244184494
1,2022-12-07,2022-12-07,7.594083295757286,7.6762840126701635,7.498941150779371,-0.17734286189079285
1,2023-01-06,2023-01-06,7.957781100758424,7.594711539354658,7.677257065680361,0.08254552632570267
1,2023-02-05,2023-02-05,7.394547200719486,7.783223871368009,7.748831279802162,-0.0343925915658474
1,2023-03-07,2023-03-07,8.822392716870349,7.8965925137457855,7.837872845208407,-0.05871966853737831
1,2023-04-06,2023-04-06,6.2027985042246785,7.368218939637237,7.281512286399894,-0.08670665323734283
1,2023-05-06,2023-05-06,7.759725056674388,7.804780945867737,7.86348806017681,0.058707114309072495
1,2023-06-05,2023-06-05,7.658566333845242,7.708363483245673,7.6688853004530095,-0.039478182792663574
1,2023-07-05,2023-07-05,8.172754279870441,7.677237475053674,7.563252830640679,-0.11398464441299438
1,2023-08-04,2023-08-04,8.872553787906295,7.797635095459376,7.812020073910211,0.014384978450834751
1,2023-09-03,2023-09-03,7.2824223977958775,7.677828432742033,7.688082376244936,0.010253943502902985
1,2023-10-03,2023-10-03,7.51273839959382,7.606866825617318,7.573659599072699,-0.03320722654461861
1,2023-11-02,2023-11-02,7.639117255535947,7.410581119226937,7.364385142790799,-0.04619597643613815
1,2023-12-02,2023-12-02,8.876118772031369,7.8168212361442535,7.7865207511740415,-0.030300484970211983
7,2022-01-11,2022-01-17,6.740907379165658,7.368186476306653,7.322187761442399,-0.045998714864254
7,2022-02-10,2022-02-16,9.74701625977252,7.6003313883330765,7.5617717354681435,-0.038559652864933014
7,2022-03-12,2022-03-18,8.15699129245089,7.770864756726039,7.718394784204972,-0.052469972521066666
7,2022-04-11,2022-04-17,6.595640082654809,7.3265270335498105,7.227344457608725,-0.09918257594108582
7,2022-05-11,2022-05-17,7.310358764767277,7.620602346066321,7.711682981852378,0.09108063578605652
7,2022-06-10,2022-06-16,6.994830089875532,7.384192165619031,7.4186376302300845,0.03444546461105347
7,2022-07-10,2022-07-16,7.029009164902778,7.035215096624275,6.988921938540121,-0.04629315808415413
7,2022-08-09,2022-08-15,6.1369538739044565,7.812295929965306,7.810374876338732,-0.001921053626574576
7,2022-09-08,2022-09-14,7.180435415039061,8.017895472951666,7.975012907542721,-0.042882565408945084
7,2022-10-08,2022-10-14,8.092848385922776,7.489261143746045,7.511003740968373,0.021742597222328186
7,2022-11-07,2022-11-13,8.161082729900984,8.216200833954534,8.21108742971035,-0.005113404244184494
7,2022-12-07,2022-12-13,7.866886243140725,7.642451416232893,7.4651085543421,-0.17734286189079285
7,2023-01-06,2023-01-12,7.691450664306726,7.955879439885212,8.038424966210915,0.08254552632570267
7,2023-02-05,2023-02-11,7.88729916379129,7.93106882872933,7.896676237163483,-0.0343925915658474
7,2023-03-07,2023-03-13,8.110584297131764,7.914951221415908,7.85623155287853,-0.05871966853737831
7,2023-04-06,2023-04-12,8.286872394110299,7.728686250547029,7.641979597309686,-0.08670665323734283
7,2023-05-06,2023-05-12,8.642469103374994,7.640781157293071,7.699488271602143,0.058707114309072495
7,2023-06-05,2023-06-11,7.173268674419285,7.890415632103534,7.85093744931087,-0.039478182792663574
7,2023-07-05,2023-07-11,8.216861676866067,7.458463142255133,7.344478497842139,-0.11398464441299438
7,2023-08-04,2023-08-10,8.069102354552237,7.451140124461989,7.465525102912824,0.014384978450834751
7,2023-09-03,2023-09-09,8.189049209212774,7.829524768505048,7.839778712007951,0.010253943502902985
7,2023-10-03,2023-10-09,6.9377879275886825,7.75427680190469,7.7210695753600715,-0.03320722654461861
7,2023-11-02,2023-11-08,7.428619021933483,7.76106956403634,7.714873587600202,-0.04619597643613815
7,2023-12-02,2023-12-08,7.495364173908803,7.496269070435444,7.465968585465232,-0.030300484970211983
30,2022-01-11,2022-02-09,8.093440595503724,7.3682796660318575,7.3222809511676035,-0.045998714864254
30,2022-02-10,2022-03-11,7.750211611491847,7.599121352308895,7.560561699443962,-0.038559652864933014
30,2022-03-12,2022-04-10,7.206855871908678,7.771192654706089,7.718722682185023,-0.052469972521066666
30,2022-04-11,2022-05-10,8.093440595503724,7.326352434227139,7.227169858286053,-0.09918257594108582
30,2022-05-11,2022-06-09,8.159914086832428,7.620115238370957,7.7111958741570135,0.09108063578605652
30,2022-06-10,2022-07-09,6.5792879088927,7.383190893393399,7.417636358004453,0.03444546461105347
30,2022-07-10,2022-08-08,8.077426293968285,7.036863417574802,6.990570259490648,-0.04629315808415413
30,2022-08-09,2022-09-07,8.298258155074734,7.811022838494339,7.809101784867765,-0.001921053626574576
30,2022-09-08,2022-10-07,8.671121706977779,8.017971249974527,7.975088684565582,-0.042882565408945084
30,2022-10-08,2022-11-06,6.807506593785511,7.48698776208646,7.508730359308788,0.021742597222328186
30,2022-11-07,2022-12-06,7.7590914060747025,8.218773779149934,8.21366037490575,-0.005113404244184494
30,2022-12-07,2023-01-05,7.35471190214614,7.642277237680647,7.464934375789854,-0.17734286189079285
30,2023-01-06,2023-02-04,7.6124089421421735,7.957820331946275,8.040365858271977,0.08254552632570267
30,2023-02-05,2023-03-06,7.880504275465511,7.931854152147829,7.897461560581982,-0.0343925915658474
30,2023-03-07,2023-04-05,6.634636389701339,7.9150493876752925,7.856329719137914,-0.05871966853737831
30,2023-04-06,2023-05-05,8.17916213556961,7.730560844518473,7.64385419128113,-0.08670665323734283
30,2023-05-06,2023-06-04,6.99781244315565,7.639933426110269,7.698640540419341,0.058707114309072495
30,2023-06-05,2023-07-04,8.2731757980059,7.891319343817045,7.851841161024382,-0.039478182792663574
30,2023-07-05,2023-08-03,8.109403853241847,7.457344492455303,7.343359848042309,-0.11398464441299438
30,2023-08-04,2023-09-02,7.547959693320663,7.449288401893455,7.463673380344289,0.014384978450834751
30,2023-09-03,2023-10-02,7.413657790021476,7.830336295587873,7.840590239090776,0.010253943502902985
30,2023-10-03,2023-11-01,7.360915465378349,7.755056916690315,7.721849690145697,-0.03320722654461861
30,2023-11-02,2023-12-01,8.347492789249378,7.762976258313501,7.716780281877363,-0.04619597643613815
