horizon,origin,target,actual,sarima,ridge_corr,ridge_full,ridge_shrunk,gbm_corr,gbm_full,gbm_shrunk
1,2022-01-11,2022-01-11,6.562873902637556,7.343543515312659,-0.009352685679277488,7.334190829633381,7.334190829633381,0.4201500270608294,7.763693542373488,7.459911820286849
1,2022-02-10,2022-02-10,8.395700596545284,7.828180640522305,0.10455727584340054,7.9327379163657055,7.9327379163657055,0.3205409392788362,8.14872157980114,7.916960370086175
1,2022-03-12,2022-03-12,7.197590244974486,7.711682141499649,-0.029422291890259147,7.68225984960939,7.68225984960939,-0.8549102114960899,6.856771930003559,7.4748989787973334
1,2022-04-11,2022-04-11,6.830001775590331,7.355079081800257,0.07421621310781135,7.429295294908068,7.429295294908068,0.15567643655828142,7.510755518358539,7.3981965443253435
1,2022-05-11,2022-05-11,7.008978800178157,7.71854217595703,0.048759353948616246,7.767301529905646,7.767301529905646,0.05534537285049598,7.773887548807526,7.7338710985131724
1,2022-06-10,2022-06-10,7.7565559772981345,7.581064764740524,0.08931667671497255,7.670381441455496,7.670381441455496,0.5440605861563458,8.12512535089687,7.731752386153225
1,2022-07-10,2022-07-10,5.785937036225244,6.7297277792288925,-0.12900209637071275,6.6007256828581795,6.6007256828581795,-0.5513122494595262,6.178415529769366,6.577031675815755
1,2022-08-09,2022-08-09,8.503912157328378,8.04626905904031,-0.07206523740478397,7.974203821635525,7.974203821635525,0.056918590080864986,8.103187649121175,8.062033713146286
1,2022-09-08,2022-09-08,7.89223500973639,8.010680885320596,0.07114121781308747,8.081822103133684,8.081822103133684,0.463171505359996,8.473852390680593,8.138964782784878
1,2022-10-08,2022-10-08,8.066126156376194,7.923126918332868,0.04771587563999913,7.970842793972867,7.970842793972867,0.00033106971483139874,7.9234579880477,7.923218614201158
1,2022-11-07,2022-11-07,8.05360672242779,7.7235531105280915,-0.07145808092298393,7.652095029605108,7.652095029605108,0.4278810906583451,8.151434201186436,7.8420626762628345
1,2022-12-07,2022-12-07,7.594083295757286,7.6762840126701635,-0.030091009911590402,7.646193002758573,7.646193002758573,0.5991595232849688,8.275443535955132,7.842232301717212
1,2023-01-06,2023-01-06,7.957781100758424,7.594711539354658,0.02678573035167237,7.621497269706331,7.621497269706331,-0.9452712235166437,6.649440315838015,7.3329012265218445
1,2023-02-05,2023-02-05,7.394547200719486,7.783223871368009,0.004280130010699313,7.787504001378709,7.787504001378709,0.05363829355935794,7.836862164927367,7.798079986805809
1,2023-03-07,2023-03-07,8.822392716870349,7.8965925137457855,-0.053199113164643916,7.843393400581141,7.843393400581141,-0.5441865819741509,7.352405931771635,7.745869995465757
1,2023-04-06,2023-04-06,6.2027985042246785,7.368218939637237,-0.22284459170189763,7.1453743479353395,7.1453743479353395,-0.5246696359346837,6.843549303702553,7.222901999799684
1,2023-05-06,2023-05-06,7.759725056674388,7.804780945867737,0.14942587986097294,7.95420682572871,7.95420682572871,0.15340141054339945,7.958182356411137,7.847268297946381
1,2023-06-05,2023-06-05,7.658566333845242,7.708363483245673,-0.04093076726952674,7.667432715976147,7.667432715976147,0.545862901890317,8.25422638513599,7.8595502892674
1,2023-07-05,2023-07-05,8.172754279870441,7.677237475053674,0.26643776513922734,7.943675240192901,7.943675240192901,-0.318475629854004,7.35876184519967,7.589029771055757
1,2023-08-04,2023-08-04,8.872553787906295,7.797635095459376,-0.045887360330475024,7.751747735128901,7.751747735128901,0.17510625824963838,7.972741353709014,7.846134005730619
1,2023-09-03,2023-09-03,7.2824223977958775,7.677828432742033,-0.1659922442360306,7.5118361885060025,7.5118361885060025,-0.9972332779254077,6.680595154816626,7.401626269843602
1,2023-10-03,2023-10-03,7.51273839959382,7.606866825617318,-0.0488551578748342,7.558011667742483,7.558011667742483,0.024415495108456076,7.631282320725774,7.613629147640125
1,2023-11-02,2023-11-02,7.639117255535947,7.410581119226937,0.0020388630172614866,7.412619982244199,7.412619982244199,0.1269489183198393,7.537530037546777,7.4457419653335775
1,2023-12-02,2023-12-02,8.876118772031369,7.8168212361442535,0.18630520458533606,8.00312644072959,8.00312644072959,-0.12826919712973467,7.688552039014519,7.781294714451976
7,2022-01-11,2022-01-17,6.740907379165658,7.368186476306653,-0.09231434004828315,7.2758721362583705,7.2758721362583705,0.2534558708702732,7.621642347176927,7.471326847606383
7,2022-02-10,2022-02-16,9.74701625977252,7.6003313883330765,-0.08906616039403588,7.511265227939041,7.511265227939041,-0.17936171261538209,7.420969675717695,7.527342612919883
7,2022-03-12,2022-03-18,8.15699129245089,7.770864756726039,0.15665010660830228,7.927514863334341,7.927514863334341,0.27632053738628165,8.047185294112321,7.883309588743163
7,2022-04-11,2022-04-17,6.595640082654809,7.3265270335498105,-0.1003172041495204,7.22620982940029,7.22620982940029,-0.09001046254232284,7.2365165710074875,7.289898517131553
7,2022-05-11,2022-05-17,7.310358764767277,7.620602346066321,0.06313544889147908,7.683737794957801,7.683737794957801,-0.260489047811788,7.360113298254533,7.514599920403149
7,2022-06-10,2022-06-16,6.994830089875532,7.384192165619031,0.12391972229202826,7.508111887911059,7.508111887911059,0.4380434400902135,7.822235605709245,7.562447902608607
7,2022-07-10,2022-07-16,7.029009164902778,7.035215096624275,0.15680033481838462,7.192015431442659,7.192015431442659,0.8114128221154973,7.846627918739772,7.365408354578787
7,2022-08-09,2022-08-15,6.1369538739044565,7.812295929965306,0.14930749638929436,7.961603426354601,7.961603426354601,0.6642279475172336,8.47652387748254,8.082594332994406
7,2022-09-08,2022-09-14,7.180435415039061,8.017895472951666,0.11498025380449299,8.13287572675616,8.13287572675616,-0.02031608804904819,7.997579384902618,8.009628121094549
7,2022-10-08,2022-10-14,8.092848385922776,7.489261143746045,-0.09056687501183519,7.39869426873421,7.39869426873421,-0.3722455478052517,7.117015595940794,7.337780951618415
7,2022-11-07,2022-11-13,8.161082729900984,8.216200833954534,-0.011489392646244228,8.20471144130829,8.20471144130829,-0.24218509346568945,7.974015740488845,8.117646950086932
7,2022-12-07,2022-12-13,7.866886243140725,7.642451416232893,0.043281061662442284,7.6857324778953355,7.6857324778953355,0.04713933936651948,7.689590755599412,7.661634120300439
7,2023-01-06,2023-01-12,7.691450664306726,7.955879439885212,0.08652456076173254,8.042404000646945,8.042404000646945,-0.14196364180042673,7.8139157980847855,7.898109293642073
7,2023-02-05,2023-02-11,7.88729916379129,7.93106882872933,0.04828797326750925,7.97935680199684,7.97935680199684,0.3371067116013704,8.2681755403307,8.068249756055303
7,2023-03-07,2023-03-13,8.110584297131764,7.914951221415908,-0.04958500056860831,7.865366220847299,7.865366220847299,-0.09687534926339161,7.818075872152517,7.875529134018567
7,2023-04-06,2023-04-12,8.286872394110299,7.728686250547029,0.08901731794795437,7.817703568494983,7.817703568494983,-0.12063315164681296,7.608053098900216,7.679596253108078
7,2023-05-06,2023-05-12,8.642469103374994,7.640781157293071,0.07207743994299491,7.712858597236066,7.712858597236066,0.6415526289424778,8.282333786235549,7.901852152138215
7,2023-06-05,2023-06-11,7.173268674419285,7.890415632103534,-0.02681100253888112,7.8636046295646524,7.8636046295646524,-0.2604528373493433,7.62996279475419,7.7844279417886835
7,2023-07-05,2023-07-11,8.216861676866067,7.458463142255133,-0.1889119860955154,7.2695511561596176,7.2695511561596176,-0.4801425625051789,6.978320579749954,7.263075747977986
7,2023-08-04,2023-08-10,8.069102354552237,7.451140124461989,0.049639837336557024,7.500779961798546,7.500779961798546,0.20146652412884516,7.652606648590834,7.533124148078276
7,2023-09-03,2023-09-09,8.189049209212774,7.829524768505048,0.09818720782288769,7.927711976327936,7.927711976327936,-0.19884045731860892,7.630684311186439,7.748609386561711
7,2023-10-03,2023-10-09,6.9377879275886825,7.75427680190469,-0.12589938473308807,7.628377417171602,7.628377417171602,-0.0009981223601538223,7.753278679544536,7.753870629775099
7,2023-11-02,2023-11-08,7.428619021933483,7.76106956403634,0.0173990657134247,7.778468629749765,7.778468629749765,-0.46006938532226804,7.301000178714072,7.5738506723892645
7,2023-12-02,2023-12-08,7.495364173908803,7.496269070435444,-0.03233062216339278,7.463938448272051,7.463938448272051,-0.3534394054714567,7.142829664963987,7.352441778579419
30,2022-01-11,2022-02-09,8.093440595503724,7.3682796660318575,0.12068467958280382,7.4889643456146615,7.388188002062221,0.6229097623689644,7.991189428400822,7.378290147616401
30,2022-02-10,2022-03-11,7.750211611491847,7.599121352308895,0.0051060936083459066,7.604227445917241,7.599963661603736,0.43996507134850726,8.039086423657402,7.606191818226505
30,2022-03-12,2022-04-10,7.206855871908678,7.771192654706089,-0.15049721086262463,7.620695443843465,7.7463663962626566,0.49703466626010195,8.268227320966192,7.779180258487661
30,2022-04-11,2022-05-10,8.093440595503724,7.326352434227139,-0.06685622915781418,7.259496205069325,7.315323724697496,-0.43261248353797044,6.893739950689168,7.319400128192906
30,2022-05-11,2022-06-09,8.159914086832428,7.620115238370957,0.014415681764166419,7.6345309201351235,7.622493272083768,0.30109125738834097,7.921206495759298,7.624953930376505
30,2022-06-10,2022-07-09,6.5792879088927,7.383190893393399,-0.06035993971696813,7.322830953676431,7.3732338220666005,-0.7376134973737141,6.645577396019685,7.371337063548305
30,2022-07-10,2022-08-08,8.077426293968285,7.036863417574802,-0.09239230756762429,6.944471110007178,7.021622236075745,-0.22966773722331288,6.807195680351489,7.033172538425157
30,2022-08-09,2022-09-07,8.298258155074734,7.811022838494339,0.02976233704929802,7.840785175543637,7.815932480787583,-0.16762977871139567,7.643393059782944,7.808328941377637
30,2022-09-08,2022-10-07,8.671121706977779,8.017971249974527,-0.08884105751974375,7.9291301924547835,8.003315888312136,0.6052456072436246,8.623216857218152,8.02769785946351
30,2022-10-08,2022-11-06,6.807506593785511,7.48698776208646,-0.14736308298827092,7.339624679098189,7.462678514344804,-0.4139824921046136,7.073005269981846,7.4803348496360655
30,2022-11-07,2022-12-06,7.7590914060747025,8.218773779149934,0.08957007550715801,8.308343854657092,8.233549400775031,0.3686453676128825,8.587419146762818,8.224698100595278
30,2022-12-07,2023-01-05,7.35471190214614,7.642277237680647,0.004048479807677289,7.646325717488324,7.642945081326601,0.26792050172253096,7.910197739403178,7.646582858511528
30,2023-01-06,2023-02-04,7.6124089421421735,7.957820331946275,0.06712697049882564,8.024947302445101,7.968893703396659,0.03860850401098925,7.996428835957264,7.958440790545188
30,2023-02-05,2023-03-06,7.880504275465511,7.931854152147829,-0.026920528233264386,7.904933623914564,7.927413299141172,-0.1353753810121347,7.796478771135694,7.929678599860017
30,2023-03-07,2023-04-05,6.634636389701339,7.9150493876752925,0.06452017145197038,7.979569559127263,7.925692737423105,-0.08739414228032628,7.827655245394967,7.913644918673929
30,2023-04-06,2023-05-05,8.17916213556961,7.730560844518473,0.03146275738041334,7.7620236018988855,7.73575099084472,0.25125754162014985,7.981818386138622,7.734598682974882
30,2023-05-06,2023-06-04,6.99781244315565,7.639933426110269,-0.07404639583465158,7.565887030275618,7.627718615289131,-0.6196025696692453,7.020330856441023,7.629976092820418
30,2023-06-05,2023-07-04,8.2731757980059,7.891319343817045,0.1056595598659633,7.996978903683009,7.908749112283958,0.5890976220283438,8.48041696584539,7.900786446843952
30,2023-07-05,2023-08-03,8.109403853241847,7.457344492455303,-0.20032645182742762,7.257018040627876,7.424298323442488,-0.15448569032966808,7.302858802125635,7.454861827627192
30,2023-08-04,2023-09-02,7.547959693320663,7.449288401893455,0.08677750276871027,7.5360659046621645,7.463603356293362,-0.015762194049105498,7.433526207844349,7.449035095294661
30,2023-09-03,2023-10-02,7.413657790021476,7.830336295587873,0.041514308617691564,7.871850604205565,7.837184561738028,0.3336242741274683,8.163960569715341,7.835697809974176
30,2023-10-03,2023-11-01,7.360915465378349,7.755056916690315,0.14333671622955865,7.898393632919874,7.778701968589624,0.2647581914419357,8.019815108132251,7.759311717561804
30,2023-11-02,2023-12-01,8.347492789249378,7.762976258313501,0.07206768107317099,7.835043939386672,7.774864657211303,-0.6542121088166108,7.10876414949689,7.7524627318553705
