target,horizon,model,rmse,mae,mape,n_origins
NO2,1,SARIMA,0.5950976656191922,0.4847154242964223,6.505728633306451,24
NO2,1,ridge_full,0.5578341533558457,0.45099810556050884,6.029793304231781,24
NO2,1,ridge_shrunk,0.5578341533558457,0.45099810556050884,6.029793304231781,24
NO2,1,gbm_full,0.7098326987781342,0.5949319072977284,7.784556255874447,24
NO2,1,gbm_shrunk,0.5924522243001515,0.48272022167208334,6.422181857633415,24
NO2,7,SARIMA,0.7544754370518413,0.5691380588746724,7.468966697965611,24
NO2,7,ridge_full,0.7788656770337118,0.5834431176947265,7.669361133523736,24
NO2,7,ridge_shrunk,0.7788656770337118,0.5834431176947265,7.669361133523736,24
NO2,7,gbm_full,0.8896168839745441,0.6645706898123943,8.84259919307127,24
NO2,7,gbm_shrunk,0.7932433691076761,0.6008765568305238,7.935714856687769,24
NO2,30,SARIMA,0.6087059157751358,0.541516331533121,7.141019388302918,23
NO2,30,ridge_full,0.6198302090884709,0.5386210844660269,7.08442781717016,23
NO2,30,ridge_shrunk,0.6095988587014828,0.5410387269879384,7.131683953030672,23
NO2,30,gbm_full,0.6816306574195532,0.5320254411885874,6.933807939213475,23
NO2,30,gbm_shrunk,0.6077269355447843,0.5405530973046687,7.127490152505383,23
