target,horizon,model,rmse,mae,mape,delta_vs_sarima,n
NO2,1,SARIMA,0.5950976656191922,0.4847154242964223,6.505728633306451,0.0,24
NO2,1,paper_style_fullridge,0.5713109752865284,0.45886332342903696,6.129549859270597,-0.023786690332663785,24
NO2,1,paper_style_fullgbm,0.6789138707135971,0.5588199675933375,7.340039215697337,0.0838162050944049,24
NO2,1,ours_ridge_alpha,0.5744549854090627,0.4605716365237497,6.177841207327886,-0.020642680210129494,24
NO2,1,ours_gbm_alpha,0.6060019355367116,0.5013444901841599,6.692771841479169,0.01090426991751936,24
NO2,7,SARIMA,0.7544754370518413,0.5691380588746724,7.468966697965611,0.0,24
NO2,7,paper_style_fullridge,0.812744542970885,0.60676019452056,8.024976147294348,0.05826910591904377,24
NO2,7,paper_style_fullgbm,0.8418039425432694,0.6390660212067422,8.431185702674728,0.08732850549142812,24
NO2,7,ours_ridge_alpha,0.8041965493631141,0.6027218749603184,7.959338005280353,0.04972111231127285,24
NO2,7,ours_gbm_alpha,0.7813424172053195,0.5929825334360306,7.801188959419523,0.026866980153478215,24
NO2,30,SARIMA,0.6087059157751358,0.541516331533121,7.141019388302918,0.0,23
NO2,30,paper_style_fullridge,0.5986677945502092,0.5174361863931042,6.829809640045362,-0.010038121224926533,23
NO2,30,paper_style_fullgbm,0.5712368886357951,0.5030332174570161,6.58716593054991,-0.03746902713934064,23
NO2,30,ours_ridge_alpha,0.5981097078443841,0.5223191499290571,6.886385924010805,-0.010596207930751667,23
NO2,30,ours_gbm_alpha,0.574402257332687,0.5170707870205535,6.79654669922342,-0.03430365844244876,23
PM10,1,SARIMA,0.12509960873245107,0.09588963571750019,4.760490445563206,0.0,24
PM10,1,paper_style_fullridge,0.11583271936411413,0.08842214593494047,4.39651620318169,-0.009266889368336945,24
PM10,1,paper_style_fullgbm,0.11212666109229304,0.085392299939138,4.25919453482079,-0.012972947640158036,24
PM10,1,ours_ridge_alpha,0.11692347186059222,0.09053864339343863,4.496227121341098,-0.00817613687185885,24
PM10,1,ours_gbm_alpha,0.12291266947312732,0.0927322193044529,4.607104498317321,-0.0021869392593237558,24
PM10,7,SARIMA,0.14997321066713734,0.10496745029200871,5.133113693925361,0.0,24
PM10,7,paper_style_fullridge,0.14370153389128912,0.10602282151747393,5.186003155738103,-0.006271676775848223,24
PM10,7,paper_style_fullgbm,0.15498366109847386,0.11511539141040385,5.628603243978363,0.005010450431336522,24
PM10,7,ours_ridge_alpha,0.14462432384243867,0.10468468981847139,5.119061583249459,-0.005348886824698668,24
PM10,7,ours_gbm_alpha,0.14968223051657495,0.1053409963024613,5.152616148307051,-0.0002909801505623921,24
PM10,30,SARIMA,0.14760099563289333,0.11328696774000245,5.714052061801883,0.0,23
PM10,30,paper_style_fullridge,0.14416357443307246,0.11094903893374743,5.594091645776697,-0.003437421199820878,23
PM10,30,paper_style_fullgbm,0.14463960923247318,0.1155556963996053,5.783980644680102,-0.0029613864004201518,23
PM10,30,ours_ridge_alpha,0.14712003517641786,0.1134458928950626,5.719434139145765,-0.00048096045647547103,23
PM10,30,ours_gbm_alpha,0.14769813793762365,0.11371585975511707,5.735277488775142,9.714230473031882e-05,23
PM25,1,SARIMA,0.07308566661324976,0.05392703138745994,3.716997665944514,0.0,24
PM25,1,paper_style_fullridge,0.06961392797635699,0.05191420807212795,3.5800536134494227,-0.0034717386368927766,24
PM25,1,paper_style_fullgbm,0.0775249123776623,0.05623534253124881,3.8607902394570055,0.004439245764412542,24
PM25,1,ours_ridge_alpha,0.07071417429559758,0.05249147168139273,3.6182969076534137,-0.002371492317652185,24
PM25,1,ours_gbm_alpha,0.07318918469383683,0.05337392093655535,3.6791702153332335,0.00010351808058706169,24
PM25,7,SARIMA,0.0704367927142869,0.055874271529525156,3.75982815889146,0.0,24
PM25,7,paper_style_fullridge,0.0709423030343823,0.056448609200922574,3.795993506840709,0.0005055103200953953,24
PM25,7,paper_style_fullgbm,0.07208823226413412,0.05734129355374971,3.8680473930055297,0.001651439549847214,24
PM25,7,ours_ridge_alpha,0.07146606276796742,0.05692761529337078,3.829317105340082,0.0010292700536805172,24
PM25,7,ours_gbm_alpha,0.07045735708208176,0.05510197866051061,3.7063970022327246,2.0564367794850824e-05,24
PM25,30,SARIMA,0.08577361667388278,0.06934569935119804,4.886958923310405,0.0,23
PM25,30,paper_style_fullridge,0.07971507848177928,0.0645909107234042,4.555326506005368,-0.006058538192103502,23
PM25,30,paper_style_fullgbm,0.0791453589476819,0.06629606705825343,4.661727937620304,-0.006628257726200876,23
PM25,30,ours_ridge_alpha,0.084493927709785,0.06808823747282103,4.799727667108146,-0.0012796889640977749,23
PM25,30,ours_gbm_alpha,0.08536650575416908,0.06940438561137689,4.892566863983994,-0.0004071109197136963,23
