feature,horizon,origin,actual,sarima,ridge_alpha,ridge_corr,ridge_full,ridge_alph,gbm_alpha,gbm_corr,gbm_full,gbm_alph
NO2,1,2022-01-11,6.562873902637556,7.343543515312659,1.0,-0.01067429100203422,7.332869224310625,7.332869224310625,0.4770294397128651,0.4075377416527039,7.751081256965363,7.537951015875095
NO2,7,2022-01-11,6.740907379165658,7.368186476306653,0.8585514365049166,0.10697763337078076,7.475164109677434,7.460032277111034,0.6904488549552431,-0.029483134143722486,7.338703342162931,7.347829880096628
NO2,30,2022-01-11,8.093440595503724,7.3682796660318575,0.1812536213509021,0.08238628899858144,7.450665955030439,7.383212479262513,0.41084911545481695,0.1727772837543543,7.541056949786212,7.43926506023302
NO2,1,2022-02-10,8.395700596545284,7.828180640522305,1.0,0.128154782250687,7.956335422772992,7.956335422772992,0.39831136284904617,0.17949325406422675,8.007673894586532,7.899674843170837
NO2,7,2022-02-10,9.74701625977252,7.6003313883330765,0.735854318118292,0.005400080754562462,7.605731469087639,7.604305061074509,0.5521116930947954,-0.007461022597390389,7.592870365735686,7.596212070514613
NO2,30,2022-02-10,7.750211611491847,7.599121352308895,0.45393865281156387,-0.0436074042061127,7.555513948102782,7.5793262659909635,0.22492504834664542,0.06245168043175674,7.661573032740652,7.613168299549337
NO2,1,2022-03-12,7.197590244974486,7.711682141499649,1.0,-0.08815777131759425,7.6235243701820545,7.6235243701820545,0.4623121088708834,-0.5068802812186872,7.204801860280962,7.4773452497443715
NO2,7,2022-03-12,8.15699129245089,7.770864756726039,0.6871266963512915,0.05129769925360985,7.822162455979648,7.806112775344594,0.47141069947750663,-0.14109935856236044,7.629765398163678,7.704349009410329
NO2,30,2022-03-12,7.206855871908678,7.771192654706089,0.13906145425113423,-0.18116388795428584,7.590028766751804,7.745999740989377,0.31139264058386085,-0.39370508240395335,7.377487572302136,7.648595789485036
NO2,1,2022-04-11,6.830001775590331,7.355079081800257,0.923781098727497,-0.020302383295790604,7.3347766985044665,7.336324123852485,0.3559470808836049,0.6123882475160848,7.967467329316342,7.573056890871034
NO2,7,2022-04-11,6.595640082654809,7.3265270335498105,0.8354879786210216,-0.356972976656245,6.969554056893566,7.028280402860955,0.353561609009205,-0.13339330089083176,7.193133732658978,7.279364283455799
NO2,30,2022-04-11,8.093440595503724,7.326352434227139,0.13465586288059733,-0.045746501554476966,7.280605932672661,7.320192399586552,0.32593373896240735,-0.19619527036151588,7.130157163865623,7.2624057761914695
NO2,1,2022-05-11,7.008978800178157,7.71854217595703,0.5651132140394445,0.18251482407297737,7.901057000030007,7.821683714798754,0.07559768818450338,0.15736232757256582,7.875904503529595,7.730438404128848
NO2,7,2022-05-11,7.310358764767277,7.620602346066321,0.6557943749398919,0.2635785662081651,7.884180912274486,7.793455687140358,0.1269714848437394,0.13555740233154134,7.756159748397863,7.637814270721917
NO2,30,2022-05-11,8.159914086832428,7.620115238370957,0.0,0.11409082174464806,7.734206060115605,7.620115238370957,0.11385127052219164,-0.03639292898512374,7.583722309385833,7.615971857167977
NO2,1,2022-06-10,7.7565559772981345,7.581064764740524,0.8663004781466364,0.1780075794526903,7.759072344193214,7.735272815934115,0.06996105256292569,0.7882719834209378,8.369336748161462,7.636213102406518
NO2,7,2022-06-10,6.994830089875532,7.384192165619031,0.7480611010160396,0.13281419763946464,7.517006363258496,7.483545300535771,0.42010098833329773,0.4512673834892936,7.835459549108324,7.573770039425464
NO2,30,2022-06-10,6.5792879088927,7.383190893393399,0.0,0.001084265148409879,7.384275158541809,7.383190893393399,0.14579292628725357,0.04437714924876775,7.427568042642167,7.389660767842663
NO2,1,2022-07-10,5.785937036225244,6.7297277792288925,0.35357233324770176,-0.13189091193599906,6.5978368672928935,6.683094801761515,0.12091019766750101,-0.5494735166537393,6.180254262575153,6.663290827717232
NO2,7,2022-07-10,7.029009164902778,7.035215096624275,0.6089962213668194,-0.09120950624040233,6.944005590383872,6.9796688519711365,0.32370502175744953,-0.21519584418911786,6.820019252435157,6.965555121198924
NO2,30,2022-07-10,8.077426293968285,7.036863417574802,0.2560565548036789,-0.03810974638291259,6.998753671191889,7.027105167211551,0.2685675079054407,0.4196244485375313,7.456487866112333,7.1495609099747215
NO2,1,2022-08-09,8.503912157328378,8.04626905904031,0.8512175411644156,0.03283770030276806,8.079106759343077,8.074221085549526,0.35496076753594674,-0.1765854101345928,7.869683648905716,7.983588166323284
NO2,7,2022-08-09,6.1369538739044565,7.812295929965306,0.8348792007422355,0.3696728263571343,8.18196875632244,8.120928083770474,0.49914647487309743,0.41369653380147225,8.22599246376678,8.01879109647953
NO2,30,2022-08-09,8.298258155074734,7.811022838494339,0.8301490450821621,0.10957482703429912,7.920597665528638,7.901986276521906,0.581077618325289,-0.12076471937767395,7.690258119116665,7.740849162980639
NO2,1,2022-09-08,7.89223500973639,8.010680885320596,1.0,0.1400097868517816,8.150690672172377,8.150690672172377,0.5028688952342525,0.582437663233507,8.593118548554104,8.303570669573649
NO2,7,2022-09-08,7.180435415039061,8.017895472951666,0.9846256400542469,0.257652887245427,8.275548360197094,8.27158711196752,0.6652055850318349,-0.0004790498040520416,8.017416423147614,8.017576806346502
NO2,30,2022-09-08,8.671121706977779,8.017971249974527,1.0,-0.04711654186491991,7.9708547081096075,7.9708547081096075,0.6925702506693548,0.39972673140775605,8.417697981382284,8.29481009254484
NO2,1,2022-10-08,8.066126156376194,7.923126918332868,1.0,0.04136410897822309,7.964491027311092,7.964491027311092,0.5076210728873733,-0.10072872587302882,7.82239819245984,7.871994894434623
NO2,7,2022-10-08,8.092848385922776,7.489261143746045,0.9498903407592284,-0.05799048430432512,7.43127065944172,7.434176542849417,0.5203764260193564,-0.48583627736977364,7.003424866376272,7.236443398097814
NO2,30,2022-10-08,6.807506593785511,7.48698776208646,1.0,-0.19059819588748367,7.296389566198976,7.296389566198976,0.677944093338607,-0.5311667854919501,6.955820976594509,7.126886377284538
NO2,1,2022-11-07,8.05360672242779,7.7235531105280915,1.0,-0.2306348762232337,7.492918234304858,7.492918234304858,0.5906831319409072,0.0909759695009371,7.814529080029028,7.7772910811242655
NO2,7,2022-11-07,8.161082729900984,8.216200833954534,1.0,-0.4381573973953451,7.778043436559189,7.778043436559189,0.40041355273618634,-0.5154778831833874,7.700722950771147,8.009796503392145
NO2,30,2022-11-07,7.7590914060747025,8.218773779149934,1.0,-0.12366499144298954,8.095108787706945,8.095108787706945,0.5847634520716403,-0.26434732464446137,7.954426454505473,8.064193125044937
NO2,1,2022-12-07,7.594083295757286,7.6762840126701635,1.0,-0.05996278222364641,7.616321230446517,7.616321230446517,0.4058069211992673,0.30929561813224554,7.985579630802409,7.8017983152048345
NO2,7,2022-12-07,7.866886243140725,7.642451416232893,0.644979593617167,0.22003244168625638,7.862483857919149,7.784367851054288,0.2753099164240435,-0.18935794355148056,7.453093472681412,7.590319296619506
NO2,30,2022-12-07,7.35471190214614,7.642277237680647,1.0,0.05295231375044637,7.695229551431093,7.695229551431093,0.530169119389834,0.4875411798237097,8.129818417504357,7.900756515654064
NO2,1,2023-01-06,7.957781100758424,7.594711539354658,1.0,-0.01252730607967274,7.582184233274985,7.582184233274985,0.3643843343368115,-0.2533943266163447,7.341317212738313,7.502378616325837
NO2,7,2023-01-06,7.691450664306726,7.955879439885212,0.4736376388860751,-0.028778644496712757,7.927100795388499,7.942248790655447,0.19567984371732855,0.023146544356845482,7.979025984242058,7.960408752067556
NO2,30,2023-01-06,7.6124089421421735,7.957820331946275,1.0,-0.04935068047328998,7.908469651472985,7.908469651472985,0.5007904766233767,0.42005673456242504,8.3778770665087,8.16818074425665
NO2,1,2023-02-05,7.394547200719486,7.783223871368009,0.8997081300624503,-0.1094491945456738,7.673774676822336,7.68475154120648,0.28545991555450534,-0.3847983127069808,7.398425558661028,7.673379377517159
NO2,7,2023-02-05,7.88729916379129,7.93106882872933,0.5004354176028678,-0.21480330264422515,7.716265526085105,7.823573648268092,0.22118561718864427,-0.0203932463555813,7.910675582373749,7.926558135947691
NO2,30,2023-02-05,7.880504275465511,7.931854152147829,0.48204659761009805,-0.12430826626367983,7.807545885884149,7.871931775340612,0.2964030705671466,0.06794259946705791,7.999796751614887,7.951992547252178
NO2,1,2023-03-07,8.822392716870349,7.8965925137457855,0.4740693577677757,-0.016196785878191306,7.880395727867594,7.888914113866609,0.2809333484682724,-0.3424664400521049,7.554126073693681,7.800382270003939
NO2,7,2023-03-07,8.110584297131764,7.914951221415908,0.5812104482276831,0.23228060005101514,8.147231821466923,8.049955133086154,0.34921478585281424,0.16801883794581202,8.08297005936172,7.973625883928394
NO2,30,2023-03-07,6.634636389701339,7.9150493876752925,0.4101814450777521,0.09948220147068593,8.014531589145978,7.955855140834054,0.40893452256504176,-0.30599538707784135,7.609054000597451,7.78991731015351
NO2,1,2023-04-06,6.2027985042246785,7.368218939637237,0.5966141651250998,-0.19360370868716073,7.174615230950076,7.252712224613724,0.4120791711533791,-0.46547555807314184,6.902743381564095,7.1764061574743
NO2,7,2023-04-06,8.286872394110299,7.728686250547029,0.8218653587166405,0.1061392669191557,7.834825517466185,7.815918437227462,0.44803967412164686,-0.20628701076722297,7.522399239779806,7.636261485467354
NO2,30,2023-04-06,8.17916213556961,7.730560844518473,0.4807771915964536,0.020116439300219908,7.750677283818693,7.740232369710153,0.4636047158515328,0.08483800608228433,7.815398850600757,7.769892144221661
NO2,1,2023-05-06,7.759725056674388,7.804780945867737,0.7454734372381193,0.1376478453053284,7.942428791173065,7.907393758235921,0.3872653867932792,-0.030925112479719415,7.7738558333880174,7.792804720221653
NO2,7,2023-05-06,8.642469103374994,7.640781157293071,0.7979788967839554,0.026771687087044357,7.667552844380115,7.662144398619835,0.4734352503716636,0.2370574077031048,7.877838564996176,7.7530124904614475
NO2,30,2023-05-06,6.99781244315565,7.639933426110269,0.5416449637883578,-0.02059964880473382,7.619333777305535,7.628775730079376,0.4320895674048387,-0.422062932660147,7.217870493450122,7.457564436119529
NO2,1,2023-06-05,7.658566333845242,7.708363483245673,0.8486197231499775,-0.16991856479777387,7.538444918447899,7.564167237828944,0.46152915805371575,0.06806706092797846,7.776430544173651,7.739778416566954
NO2,7,2023-06-05,7.173268674419285,7.890415632103534,0.901805860000871,-0.37451030316219003,7.5159053289413436,7.552680046081168,0.5434693433668178,-0.6389195868680924,7.251496045235442,7.543182423764133
NO2,30,2023-06-05,8.2731757980059,7.891319343817045,0.6742492070271853,0.1128513907062529,8.004170734523298,7.9674093045126515,0.7089589643253008,-0.05052017219220352,7.840799171624842,7.855502614862125
NO2,1,2023-07-05,8.172754279870441,7.677237475053674,1.0,0.3641031397285827,8.041340614782257,8.041340614782257,0.693706406793243,0.2096320136563045,7.886869488709978,7.822660545996021
NO2,7,2023-07-05,8.216861676866067,7.458463142255133,0.9460271101771499,0.2328782003120112,7.691341342567144,7.6787722331195605,0.5561178000618068,0.33163706353519146,7.790100205790324,7.642892416447282
NO2,30,2023-07-05,8.109403853241847,7.457344492455303,0.5913973701265478,-0.002403438696152971,7.45494105375915,7.455923105131138,0.4894648927531689,0.025825281633800184,7.483169774089103,7.469985061160512
NO2,1,2023-08-04,8.872553787906295,7.797635095459376,0.59118290386857,-0.09726752918484081,7.700367566274536,7.740132195103761,0.5335089198551157,-0.0672485126803921,7.730386582778984,7.761757414097397
NO2,7,2023-08-04,8.069102354552237,7.451140124461989,0.7595103724920504,0.05645259182764497,7.507592716289634,7.494016453509145,0.28770492703001865,0.2653489292354648,7.716489053697454,7.527482318785172
NO2,30,2023-08-04,7.547959693320663,7.449288401893455,0.15301932216648187,0.12625115166774264,7.575539553561197,7.468607267544391,0.2302905205092641,-0.26271828337803715,7.186570118515418,7.388786871667026
NO2,1,2023-09-03,7.2824223977958775,7.677828432742033,0.5061808038047331,-0.14388501396146897,7.533943418780564,7.604996600719562,0.6954581518093378,-0.921996766642523,6.75583166609951,7.036618265438639
NO2,7,2023-09-03,8.189049209212774,7.829524768505048,0.9990703062250552,-0.25664533997941497,7.572879428525633,7.573118030100581,0.47433552701242726,-0.5451643537163864,7.284360414788662,7.570933947476597
NO2,30,2023-09-03,7.413657790021476,7.830336295587873,0.14811622067950997,0.0583472223266007,7.888683517914474,7.838978465646036,0.34173773193336177,0.06981500522670855,7.900151300814581,7.854194717128965
NO2,1,2023-10-03,7.51273839959382,7.606866825617318,0.41829576963660703,0.10694555711351314,7.713812382730831,7.651601699739331,0.4660952597977088,0.35573224422257854,7.9625990698398965,7.7726719384066625
NO2,7,2023-10-03,6.9377879275886825,7.75427680190469,0.9344356044309832,0.33920885224691744,8.093485654151607,8.071245630782379,0.42226523986550457,0.3332227353132103,8.0874995372179,7.894985180160362
NO2,30,2023-10-03,7.360915465378349,7.755056916690315,0.229756224196512,0.11141477207279056,7.866471688763106,7.780655154041475,0.2886101482817296,0.2194575848303631,7.974514501520678,7.818394602789756
NO2,1,2023-11-02,7.639117255535947,7.410581119226937,0.4185135562010319,0.033743580965514205,7.4443247001924515,7.424703265295772,0.4887491094480526,-0.12340210094424207,7.287179018282695,7.350268452286421
NO2,7,2023-11-02,7.428619021933483,7.76106956403634,0.9675175731248882,0.1516951908352001,7.9127647548715405,7.90783732692793,0.4376354915101339,-0.04114424034786132,7.719925323688479,7.7430633841888925
NO2,30,2023-11-02,8.347492789249378,7.762976258313501,0.2920858327128104,0.000227655059476594,7.763203913372978,7.76304275313112,0.4144200124504846,-0.22162769292184153,7.54134856539166,7.67112930705346
NO2,1,2023-12-02,8.876118772031369,7.8168212361442535,0.9830060903403204,0.0834149826660229,7.900236218810276,7.898818672130586,0.7102564166275338,-0.07104238286540339,7.74577885327885,7.766362927861591
NO2,7,2023-12-02,7.495364173908803,7.496269070435444,1.0,-0.052741709050081145,7.443527361385363,7.443527361385363,0.7439825724736621,0.0040236711199968505,7.500292741555441,7.499262611626087
PM10,1,2022-01-11,2.035800116206301,2.0212857556828543,0.08913176471274764,0.017038850937044825,2.038324606619899,2.0228044585355507,0.0,-0.008851474136339726,2.0124342815465144,2.0212857556828543
PM10,7,2022-01-11,2.160060165068454,2.0646131558645675,1.0,-0.003842225610501372,2.060770930254066,2.060770930254066,0.02262893770274161,0.007414660787701442,2.0720278166522688,2.064780941761619
PM10,30,2022-01-11,2.0897596353783796,2.0645711460091007,0.0,0.013221050243990444,2.077792196253091,2.0645711460091007,0.29100899138992975,-0.02725206841301972,2.037319077596081,2.0566405490669384
PM10,1,2022-02-10,2.2869192986529963,2.1258250386615196,0.0,0.012019035389792756,2.1378440740513125,2.1258250386615196,0.0,0.07215291929780583,2.1979779579593255,2.1258250386615196
PM10,7,2022-02-10,2.493737286186112,2.136030614232199,0.8527164169134311,0.030457352557610354,2.1664879667898096,2.162002098773794,0.0,0.008881573946595719,2.144912188178795,2.136030614232199
PM10,30,2022-02-10,1.9639873910178034,2.136022916389917,0.0,-0.009619725366226703,2.12640319102369,2.136022916389917,0.2626579254242978,0.03973216211451386,2.1757550785044306,2.146458883663537
PM10,1,2022-03-12,2.0461225393788784,2.0340234233552157,0.46656329519406486,0.0013098410332112217,2.0353332643884268,2.034634547103851,0.0,-0.10115663212773848,1.9328667912274773,2.0340234233552157
PM10,7,2022-03-12,2.0963568542370368,2.1002980603849633,0.5288459907062893,0.030991284786372947,2.131289345171336,2.116687677091073,0.0,-0.052223025473438676,2.0480750349115247,2.1002980603849633
PM10,30,2022-03-12,1.8526561662732188,2.1002283457449775,0.44008950287003196,-0.01920487365745196,2.0810234720875256,2.091776482444388,0.036721438987909534,-0.05421881764352264,2.0460095281014548,2.098237352740884
PM10,1,2022-04-11,1.6831589308015336,1.993646450498433,1.0,-0.03890761993618307,1.95473883056225,1.95473883056225,0.0,-0.016207607487035824,1.9774388430113972,1.993646450498433
PM10,7,2022-04-11,1.7281030786339973,2.1225898478978955,1.0,-0.02812369551458405,2.0944661523833115,2.0944661523833115,0.0,0.009815679034786967,2.1324055269326823,2.1225898478978955
PM10,30,2022-04-11,1.9812030349352991,2.122454779815752,0.04389968657229282,-0.01255647878551013,2.109898301030242,2.1219035543326163,0.03927242308516942,-0.038140560118711996,2.0843142196970397,2.1209569076020642
PM10,1,2022-05-11,1.9833455559844126,2.0156276868914467,1.0,0.0004691291039796041,2.0160968159954265,2.0160968159954265,0.0,0.007609277662299913,2.0232369645537465,2.0156276868914467
PM10,7,2022-05-11,2.107845992380574,2.0463848076516538,0.6253911317462374,-0.004903536836407563,2.0414812708152463,2.0433181791999733,0.040610966045206635,-0.06850551012602478,1.977879297525629,2.0436027327060162
PM10,30,2022-05-11,2.0478679617500046,2.0463526849923137,0.0,0.0018600326034742193,2.048212717595788,2.0463526849923137,0.10455786694699908,0.02905746101379633,2.07541014600611,2.0493908711348117
PM10,1,2022-06-10,2.000598435713269,2.0415116405768825,1.0,0.013815502283168067,2.0553271428600506,2.0553271428600506,0.0,0.022153765517078948,2.0636654060939614,2.0415116405768825
PM10,7,2022-06-10,2.1074177578334856,2.0326410552206338,0.7280165234953856,0.006424362801176247,2.03906541802181,2.037318097492819,0.13835752208926488,-0.002968223789859518,2.029672831430774,2.0322303791320624
PM10,30,2022-06-10,1.9995849959340932,2.0326507488130323,0.0,0.011006841060288576,2.043657589873321,2.0326507488130323,0.014863914525783154,0.03270490644764042,2.0653556552606727,2.0331368717470437
PM10,1,2022-07-10,1.9907342328224316,2.036057483567167,0.9794879612094203,-0.0030343267003450935,2.0330231568668222,2.033085397093803,0.0,0.051839886027735906,2.087897369594903,2.036057483567167
PM10,7,2022-07-10,2.061152414826867,2.06355219473602,0.7824513328297958,-0.002509736944820636,2.061042457791199,2.061588447718493,0.0,0.03675875756722391,2.1003109523032437,2.06355219473602
PM10,30,2022-07-10,2.0765877718867194,2.063524164093087,0.0,0.0018250468003418573,2.065349210893429,2.063524164093087,0.13870976103878913,-0.0654174154361463,1.9981067486569406,2.0544501300301636
PM10,1,2022-08-09,2.1486437909580505,2.067261845300432,0.6751505951345212,0.023926932594752724,2.091188777895185,2.083416128081523,0.11712578282920721,0.032453817841903106,2.099715663142335,2.0710630241209613
PM10,7,2022-08-09,1.9724883383470697,2.0565409150700025,0.3285077648848951,0.02238665399313273,2.078927569063135,2.063895104736538,0.16098099421789633,-0.04289755332993895,2.0136433617400633,2.0496352242854337
PM10,30,2022-08-09,2.1379118177840657,2.056552433188783,0.0,0.007493415548406505,2.0640458487371895,2.056552433188783,0.23876857570565518,0.04029054770034469,2.096842980889128,2.066172549877595
PM10,1,2022-09-08,2.216635235812697,2.135525129236142,1.0,-0.02208991272840182,2.11343521650774,2.11343521650774,0.37234130600086174,-0.015795157114518683,2.1197299721216236,2.1296439398076332
PM10,7,2022-09-08,2.011147043006042,2.124635160286692,0.6033092665434406,0.009426440271030848,2.1340616005577226,2.130322219052723,0.2881974099391599,-0.02553600795096456,2.0990991523357274,2.1172757489350382
PM10,30,2022-09-08,2.17692446851476,2.1246477114277194,0.8836874612428702,-0.008893427803599084,2.11575428362412,2.11678870079021,0.09844532477593004,-0.034991804720799304,2.0896559067069203,2.1212029318474843
PM10,1,2022-10-08,2.1630205798711306,2.1104441227511694,1.0,0.009127743811803318,2.1195718665629726,2.1195718665629726,0.12087696192658481,0.003456458982969956,2.113900581734139,2.1108619290120547
PM10,7,2022-10-08,2.193672751473343,2.049029318925647,0.5994648309138425,0.02425830628666973,2.073287625212317,2.063571320402042,0.3459103162450387,0.020627579212657204,2.0696568981383043,2.056164611374467
PM10,30,2022-10-08,2.231356546304916,2.0490937316492728,0.27332109585329084,0.0033944956435232303,2.052488227292796,2.0500215189184297,0.18198228747712367,0.03888751772700323,2.087981249376276,2.05617057107954
PM10,1,2022-11-07,2.1658336474623425,2.2355355194076205,1.0,-0.011272637391169483,2.224262882016451,2.224262882016451,0.0,0.019589798601782817,2.2551253180094033,2.2355355194076205
PM10,7,2022-11-07,2.275311313895148,2.249853671732256,0.27527410376869316,-0.022231670368923002,2.2276220013633328,2.2437338685961694,0.0,-0.01578560496432773,2.2340680667679282,2.249853671732256
PM10,30,2022-11-07,1.9419614489122599,2.249837294537462,0.0,-0.003777200880004805,2.246060093657457,2.249837294537462,0.0,-0.0826642536795285,2.1671730408579335,2.249837294537462
PM10,1,2022-12-07,2.090819006386732,2.0040399477619566,0.7674162647961006,0.013963470075742297,2.018003417837699,2.014755741811075,0.01810567299388075,-0.00744063297392248,1.996599314788034,2.003905230094463
PM10,7,2022-12-07,2.048563373439521,2.0732168804868785,0.0,0.038788519057262515,2.112005399544141,2.0732168804868785,0.0,-0.015091732764998013,2.0581251477218805,2.0732168804868785
PM10,30,2022-12-07,2.1488915242770124,2.0731427883113565,0.17251575647020034,0.002126998984691408,2.075269787296048,2.073509729150212,0.10295327159741441,0.04136996829648507,2.1145127566078417,2.077401961893361
PM10,1,2023-01-06,1.8890656097855303,2.1638965503616405,0.710171322954665,0.0022622124891289717,2.1661587628507695,2.16550310879785,0.0,-0.03554578480707695,2.1283507655545635,2.1638965503616405
PM10,7,2023-01-06,1.9201865233931217,2.1920994626579042,0.0,-0.006585117157139041,2.1855143455007653,2.1920994626579042,0.1554635058103277,0.0040321696454493055,2.1961316323033535,2.192726317887008
PM10,30,2023-01-06,2.042955696046429,2.1920680178274807,0.0,-0.0064455298946855385,2.185622487932795,2.1920680178274807,0.10202237586864364,-0.004437676968789032,2.187630340858692,2.1916152754797875
PM10,1,2023-02-05,1.9486774237084459,2.0639746846755984,0.836589183579905,0.0020668378960142296,2.0660415225716124,2.065703778903617,0.04708725814953206,-0.0345155157491064,2.029459168926492,2.062349443675356
PM10,7,2023-02-05,2.294805373715896,2.070708541025354,0.0,0.008250882930900127,2.0789594239562543,2.070708541025354,0.03520354252883321,-0.02938312948007944,2.041325411545275,2.0696741507770717
PM10,30,2023-02-05,2.221537345963242,2.070703128081247,0.0,-0.0022033761975689976,2.068499751883678,2.070703128081247,0.06540259848114945,-0.10416934040801443,1.9665337876732325,2.0638901825364955
PM10,1,2023-03-07,2.2703743012784465,2.1910787860245398,0.8361382889739731,0.017883301426964076,2.208962087451504,2.2060316990808873,0.24418446562626156,0.006361756679862873,2.1974405427044026,2.1926322281798565
PM10,7,2023-03-07,2.235727810970731,2.177412294610894,0.0,-0.0043762011864284965,2.1730360934244652,2.177412294610894,0.0,0.011472351797913734,2.1888846464088076,2.177412294610894
PM10,30,2023-03-07,1.8155584676259655,2.177424746096899,0.0,-0.0032434620786307208,2.1741812840182684,2.177424746096899,0.0,0.004719154144014282,2.1821439002409133,2.177424746096899
PM10,1,2023-04-06,1.9839855508078876,1.9472607417318122,1.0,-0.007550088355843894,1.9397106533759683,1.9397106533759683,0.12181609705064242,0.017333151228057134,1.9645938929598694,1.9493721985640027
PM10,7,2023-04-06,1.9831319421436893,2.0203191782913805,0.0,-0.0042753801473780235,2.0160437981440027,2.0203191782913805,0.0,-0.08989470139612403,1.9304244768952565,2.0203191782913805
PM10,30,2023-04-06,2.0698603619799285,2.0202488755831194,0.0,0.0019522343100657215,2.022201109893185,2.0202488755831194,0.0,-0.014701477250007184,2.0055473983331122,2.0202488755831194
PM10,1,2023-05-06,1.9928144763110418,2.0699351342135435,0.5802239051312102,-0.004505869964455398,2.065429264249088,2.067320720746754,0.34695177881532485,-0.07360000956458425,1.9963351246489591,2.044399479974286
PM10,7,2023-05-06,2.008789180152131,2.045620597900283,0.0,0.004911640539727189,2.0505322384400104,2.045620597900283,0.0,-0.01443579846460124,2.0311847994356818,2.045620597900283
PM10,30,2023-05-06,1.837883760930296,2.045649270657761,0.0,-0.005504308779255915,2.040144961878505,2.045649270657761,0.0,-0.03426436144623948,2.0113849092115217,2.045649270657761
PM10,1,2023-06-05,1.9070036288153207,1.9114059787431594,0.19841015167302456,0.0015213322371083642,1.9129273109802678,1.9117078265030691,0.3862211737014645,-0.009540746086931068,1.9018652326562284,1.9077211405914773
PM10,7,2023-06-05,2.0839423611621912,2.009897086892127,0.0,0.007616814329709755,2.017513901221837,2.009897086892127,0.0,-0.04615483071023876,1.963742256181888,2.009897086892127
PM10,30,2023-06-05,2.0480419618405756,2.009789811957277,0.24573578862059178,0.002859998427166017,2.0126498103844432,2.01049261592623,0.0,0.03924361668477999,2.049033428642057,2.009789811957277
PM10,1,2023-07-05,2.0652910060355545,2.024931140476186,0.0,0.0153568500183786,2.0402879904945643,2.024931140476186,0.48622518251295044,0.03060459572852546,2.0555357362047113,2.039811865620023
PM10,7,2023-07-05,2.1038247503502836,2.0082249016141387,0.0,0.023006133125462857,2.0312310347396014,2.0082249016141387,0.0,0.06050364245408367,2.068728544068222,2.0082249016141387
PM10,30,2023-07-05,2.1055548536144757,2.008241819407338,0.9616526175010431,0.004111864723914068,2.012353684131252,2.0121960048819,0.06963734624677397,0.008823686494709848,2.017065505902048,2.008856277518943
PM10,1,2023-08-04,2.1340262667133314,2.0633570369655763,0.09262698366913616,-0.005182058935134137,2.058174978030442,2.062877038477219,0.13030210516435828,0.036384879856914555,2.0997419168224907,2.0680980634070845
PM10,7,2023-08-04,1.930123183139694,2.016603245376914,0.0,-0.006061810054507554,2.0105414353224065,2.016603245376914,0.0,0.04378821449450149,2.0603914598714153,2.016603245376914
PM10,30,2023-08-04,1.9460552097724477,2.016653292151999,0.251283015844002,0.017438987191677583,2.0340922793436764,2.0210354134467887,0.0,0.03200908269777691,2.048662374849776,2.016653292151999
PM10,1,2023-09-03,1.94581579391844,1.9894052678943714,0.6094959485803788,-0.008349979344756887,1.9810552885496147,1.9843159893130122,0.11224543565772054,-0.03781345096498244,1.951591816929389,1.985160880617085
PM10,7,2023-09-03,2.013681730762978,2.0370761821354955,0.19124671311525585,-0.0053454118874842575,2.031730770248011,2.036053889681767,0.006803031702699039,0.03776809546410019,2.0748442775995954,2.0373331196862883
PM10,30,2023-09-03,1.9991787172548816,2.0370251926297898,0.2690232201205285,-0.001609822313038916,2.035415370316751,2.0365921130473144,0.22774802061993416,-0.0411142306398392,1.9959109619899507,2.027661507982255
PM10,1,2023-10-03,2.2359986437832498,2.0377478304576044,1.0,0.03950112256291986,2.0772489530205243,2.0772489530205243,0.2862860914786301,0.04197900018844335,2.079726830646048,2.0497658343457346
PM10,7,2023-10-03,1.8887821782382572,2.0946067418349084,0.2732622371018853,0.007002187943032209,2.1016089297779406,2.096520175376829,0.0,-0.0051663491265468795,2.0894403927083616,2.0946067418349084
PM10,30,2023-10-03,2.0535586569312887,2.094544346409891,1.0,0.00427304180051879,2.0988173882104095,2.0988173882104095,0.17261382325683622,0.0379362283098886,2.1324805747197795,2.101092663818405
PM10,1,2023-11-02,1.884789464872571,2.0636289969735886,1.0,-0.005014575464724081,2.0586144215088646,2.0586144215088646,0.12722303295617646,-0.009316514721760295,2.054312482251828,2.0624437217141054
PM10,7,2023-11-02,2.1054110648712245,2.1125676852285964,0.7342445395130638,0.01513640564461355,2.12770409087321,2.123681508421009,0.0,0.05379906903982399,2.16636675426842,2.1125676852285964
PM10,30,2023-11-02,2.1807101006168232,2.11251120263121,1.0,-0.0025289907512935647,2.1099822118799163,2.1099822118799163,0.0,-0.047457004997759955,2.06505419763345,2.11251120263121
PM10,1,2023-12-02,2.2814466385532977,2.0877391124216533,1.0,0.0180136529851647,2.105752765406818,2.105752765406818,0.15221859819079844,0.03938326597433423,2.1271223783959874,2.093733977960442
PM10,7,2023-12-02,1.9936428117155824,2.0095022563607405,1.0,0.014027232839839693,2.0235294892005804,2.0235294892005804,0.5413882113453419,0.046957710082742486,2.056459966443483,2.0349246070313094
PM25,1,2022-01-11,1.486043801159876,1.4724808258044861,0.0,0.0013186809614680155,1.4737995067659542,1.4724808258044861,0.0,0.03633312618958338,1.5088139519940695,1.4724808258044861
PM25,7,2022-01-11,1.5463802165068705,1.485987535335613,0.8385084209509015,-0.02185318788301979,1.4641343474525932,1.4676634532710786,0.2694638760421559,0.0011253155300769558,1.48711285086569,1.4862907672201178
PM25,30,2022-01-11,1.4747643213685016,1.4859938219839828,0.6124294448333473,-0.0026427385990683587,1.4833510833849144,1.4843753310509158,0.05630639067505007,0.02175523967241974,1.5077490616564024,1.4872187810082074
PM25,1,2022-02-10,1.6021006574556473,1.506913531453088,0.022255379510343863,-0.005780992018348346,1.5011325394347397,1.5067848732817732,0.24094387599631664,0.011838294821737433,1.5187518262748254,1.5097658960926246
PM25,7,2022-02-10,1.6931961950980228,1.5252789637583055,0.34305985128613736,-0.004814499342832085,1.5204644644154734,1.5236273023297364,0.06887248114341195,-0.008744865703383457,1.516534098054922,1.5246766831600476
PM25,30,2022-02-10,1.45112830038359,1.5252743871458159,0.44098840737237016,-0.013597205024636995,1.511677182121179,1.5192781773572857,0.0,0.0014171894091698865,1.5266915765549858,1.5252743871458159
PM25,1,2022-03-12,1.4899524146928862,1.4791802674687673,0.0,-0.007304865196246037,1.4718754022725213,1.4791802674687673,0.1993961343617437,0.011599154272038927,1.4907794217408061,1.4814930939924773
PM25,7,2022-03-12,1.4937541096245024,1.5053554478651565,0.0,0.011057592876619603,1.5164130407417762,1.5053554478651565,0.0,0.026312961698247022,1.5316684095634034,1.5053554478651565
PM25,30,2022-03-12,1.3266058448775329,1.5053345910851381,0.06048738274103458,-0.014771915166804659,1.4905626759183335,1.5044410765986256,0.0,-0.014512775294255245,1.4908218157908828,1.5053345910851381
PM25,1,2022-04-11,1.2780143102368318,1.4087416496913856,1.0,-0.01841659176168719,1.3903250579296984,1.3903250579296984,0.09980059418868942,-0.06304751970002855,1.345694129991357,1.4024494697631997
PM25,7,2022-04-11,1.4044407884990031,1.4658210204784885,0.1920850118455078,-0.0067688173140628615,1.4590522031644257,1.4645208321245367,0.18409760841662956,0.014138979058514713,1.4799599995370032,1.468423972708614
PM25,30,2022-04-11,1.3684600776105063,1.4657924505051367,0.4711344084660723,-0.018711453501548105,1.4470809970035887,1.4569768409281445,0.0,-0.04488309453577156,1.420909355969365,1.4657924505051367
PM25,1,2022-05-11,1.3713566298903974,1.4062703045868066,1.0,0.0012357776424242778,1.407506082229231,1.407506082229231,0.17119742991764625,-0.03552142406467501,1.3707488805221315,1.4001891280799195
PM25,7,2022-05-11,1.449191973729008,1.4175291046483653,0.6419362877461104,-0.008938639011430376,1.408590465636935,1.4117910679038652,0.0,0.0010748361017888712,1.4186039407501543,1.4175291046483653
PM25,30,2022-05-11,1.4319266942001012,1.417540901583393,0.781492998735555,-0.007784439316336075,1.409756462267057,1.4114574167585947,0.1318839176690875,-0.025395232270476853,1.3921456693129162,1.4141916788614461
PM25,1,2022-06-10,1.4199366573050316,1.427507166545605,1.0,-0.0006882918692768751,1.4268188746763282,1.4268188746763282,0.05786773751979512,0.026176390886588463,1.4536835574321934,1.4290219350626456
PM25,7,2022-06-10,1.468708163966802,1.4214813847558565,0.9375328820935974,-0.00810097455523706,1.4133804102006196,1.4138864547333183,0.0,0.006253715237820795,1.4277350999936773,1.4214813847558565
PM25,30,2022-06-10,1.4204768699803956,1.4214878305177205,0.7862991820957254,-0.004930445918983151,1.4165573845987374,1.4176110249242568,0.2840634833071674,0.0038606103563796875,1.4253484408741002,1.4225844889432455
PM25,1,2022-07-10,1.426303543165646,1.431465588247104,1.0,-0.004882809184935584,1.4265827790621683,1.4265827790621683,0.3219547772368731,-0.015443501672637859,1.4160220865744662,1.4264934791063324
PM25,7,2022-07-10,1.432928132322783,1.4378146369632916,1.0,0.004831521605026299,1.442646158568318,1.442646158568318,0.0,-0.018901107547787916,1.4189135294155037,1.4378146369632916
PM25,30,2022-07-10,1.4134989595854557,1.4378129535793636,0.6527365574947446,-0.007807149915813708,1.43000580366355,1.43271694141947,0.26180174865625927,0.02205147815421669,1.4598644317335803,1.4435860691205928
PM25,1,2022-08-09,1.4485912143604445,1.4151135928466985,1.0,0.010106265477026945,1.4252198583237254,1.4252198583237254,0.17350134478856313,0.007947338004615565,1.423060930851314,1.4164924666779886
PM25,7,2022-08-09,1.4488918885631659,1.420310561994153,1.0,0.0063293999769434735,1.4266399619710963,1.4266399619710963,0.0,-0.03728790875525926,1.3830226532388936,1.420310561994153
PM25,30,2022-08-09,1.4676517926007628,1.4203032304545031,0.5570207643051298,0.0037747474333102203,1.4240779778878134,1.4224058431548645,0.21453934665715443,-0.01387639403368202,1.406426836420821,1.4173261979445597
PM25,1,2022-09-08,1.5230628725580182,1.4594402110420819,0.07558115534005258,0.0061797913863268494,1.4656200024284087,1.459907286814821,0.0,-0.0018662438076942497,1.4575739672343877,1.4594402110420819
PM25,7,2022-09-08,1.371595921773682,1.4518240762158583,0.12057553976219453,0.014113209812943093,1.4659372860288014,1.453525784106831,0.033428287934596276,0.0064415574717348704,1.4582656336875932,1.4520394064537707
PM25,30,2022-09-08,1.4813016573916815,1.4518301050463016,0.20249792550620827,0.0014854569339047094,1.4533155619802063,1.4521309069938462,0.0,-0.004977179284353715,1.4468529257619478,1.4518301050463016
PM25,1,2022-10-08,1.4598977750329798,1.4436104311330544,0.0,0.004565899153793695,1.4481763302868482,1.4436104311330544,0.07915625510360479,0.00480292297037266,1.4484133541034272,1.4439906125289401
PM25,7,2022-10-08,1.4980962321399005,1.415190519271775,0.0,0.01945903069897264,1.4346495499707477,1.415190519271775,0.0,-0.00364377747557996,1.411546741796195,1.415190519271775
PM25,30,2022-10-08,1.5165341101630527,1.4152073292749119,0.0,0.019674262029067028,1.434881591303979,1.4152073292749119,0.0,0.027879554164232316,1.4430868834391442,1.4152073292749119
PM25,1,2022-11-07,1.4736240365951496,1.525753808413413,0.0,-0.006811685347690978,1.518942123065722,1.525753808413413,0.0,0.008115410067423185,1.5338692184808362,1.525753808413413
PM25,7,2022-11-07,1.6084100631201108,1.540520891181461,0.0,0.0001445734232827558,1.5406654646047437,1.540520891181461,0.0,-0.00031842716598906167,1.540202464015472,1.540520891181461
PM25,30,2022-11-07,1.4184872916238769,1.540503795247529,0.523944645675033,-0.00715899718358436,1.5333447980639445,1.5367528770047871,0.0,-0.041613235124061544,1.4988905601234674,1.540503795247529
PM25,1,2022-12-07,1.4858104464327762,1.448962828495278,0.0,0.005129330688273425,1.4540921591835514,1.448962828495278,0.0,-0.011999320065245976,1.436963508430032,1.448962828495278
PM25,7,2022-12-07,1.4950712560897952,1.4854107001281776,0.0,0.010415694244028066,1.4958263943722057,1.4854107001281776,0.0,0.0017508009139216153,1.487161501042099,1.4854107001281776
PM25,30,2022-12-07,1.5590014932765919,1.4853747317398969,0.3940825585637727,0.00571640379421182,1.4910911355341088,1.4876274667729035,0.13904832314657975,0.018460155786487076,1.5038348875263838,1.4879415854470326
PM25,1,2023-01-06,1.384952753880765,1.5656678460928837,0.0,-0.003385319390683003,1.5622825267022007,1.5656678460928837,0.0,0.03195083185940156,1.5976186779522852,1.5656678460928837
PM25,7,2023-01-06,1.4487416252109044,1.57607004900871,0.0,-0.008134625417622447,1.5679354235910876,1.57607004900871,0.0,0.0062315587118246,1.5823016077205347,1.57607004900871
PM25,30,2023-01-06,1.506685709124831,1.576058144936894,0.17459505447155083,-0.0081967723499887,1.5678613725869053,1.5746270290219568,0.0,-0.007898623297773815,1.5681595216391202,1.576058144936894
PM25,1,2023-02-05,1.4054280571996491,1.5060304395737563,0.650008392478475,-4.5665217647947046e-05,1.5059847743561083,1.5060007567990408,0.0,0.010318249890108065,1.5163486894638643,1.5060304395737563
PM25,7,2023-02-05,1.627143112320542,1.4958028704345852,0.0,0.005013336782155452,1.5008162072167406,1.4958028704345852,0.04099012795227063,0.03807566016983735,1.5338785306044225,1.497363596616814
PM25,30,2023-02-05,1.559983156204915,1.4958193335870593,0.0,0.004225561003107219,1.5000448945901665,1.4958193335870593,0.0,-0.044152020305611696,1.4516673132814477,1.4958193335870593
PM25,1,2023-03-07,1.603107854799259,1.5489073166520182,0.8547832107398489,-0.004353415399089177,1.544553901252929,1.5451860902595005,0.0,-0.01558638951387495,1.5333209271381432,1.5489073166520182
PM25,7,2023-03-07,1.5698391452992015,1.5490496527575888,0.13441509602550558,-0.018838917682831188,1.5302107350747576,1.5465174178282344,0.31505640595177803,0.011669706778967894,1.5607193595365567,1.5527262686338814
PM25,30,2023-03-07,1.393183996638038,1.5490404812743386,0.0,-0.005819747900126909,1.5432207333742116,1.5490404812743386,0.17627294056312956,-0.01013669016771773,1.5389037911066208,1.5472536570908977
PM25,1,2023-04-06,1.4594782357163913,1.4422018460047643,0.7146102864040512,-0.0035030540649313366,1.438698791939833,1.439698527536135,0.25458761850738226,0.04587110828306745,1.4880729542878317,1.4538800622208448
PM25,7,2023-04-06,1.4340885444548208,1.452180090948404,0.28558901726402514,0.0008862260305537973,1.4530663169789577,1.4524331873695435,0.26969734969358367,-0.008981202993724203,1.4431988879546798,1.4497578843039365
PM25,30,2023-04-06,1.4587763774324811,1.4522030566792168,0.0,-0.004856917340749214,1.4473461393384677,1.4522030566792168,0.008095228160201914,0.020556893479370668,1.4727599501585875,1.4523694694221974
PM25,1,2023-05-06,1.4042426385367648,1.457161453485864,0.4628313648878013,-0.010652864678619648,1.4465085888072442,1.4522309735866934,0.28122588188435144,-0.04171552147569632,1.4154459320101676,1.4454299691705956
PM25,7,2023-05-06,1.4206565438560534,1.443569831802721,0.231258106970358,-0.015251691565408773,1.4283181402373122,1.4400427544832088,0.41988376523502985,-0.057035766538058016,1.386534065264663,1.419621439395655
PM25,30,2023-05-06,1.2685478762295495,1.4435911097232292,0.0,-0.00908485465020011,1.4345062550730292,1.4435911097232292,0.07802580901317814,-0.011532376079150041,1.432058733644079,1.4426912867498094
PM25,1,2023-06-05,1.3360967278896545,1.3372043953614365,0.4844688186395891,-0.015948549609213717,1.3212558457522228,1.3294778203732458,0.2840305766567521,0.01238356455331587,1.3495879599147524,1.340721706342581
PM25,7,2023-06-05,1.442451018331973,1.4086442906292718,0.5390841786939,-0.007033399721180286,1.4016108909080915,1.4048526961171535,0.0,-0.0034350808064634725,1.4052092098228084,1.4086442906292718
PM25,30,2023-06-05,1.4579297829252615,1.4085809886271365,0.1562820471520354,-0.010483067421668612,1.3980979212054678,1.4069426733900454,0.24223117017050783,-0.007790466488029057,1.4007905221391075,1.4066938948135672
PM25,1,2023-07-05,1.4340885444548208,1.4387682497696774,0.36178815920771956,0.0036638491948996774,1.4424320989645771,1.4400937870255148,0.41491780109870735,0.02302082501101303,1.4617890747806905,1.4483199998627252
PM25,7,2023-07-05,1.4750164992313541,1.4282396846658612,0.5045243965105922,0.0025347233547740045,1.430774408020635,1.4295185144367497,0.0,0.03465944647511978,1.462899131140981,1.4282396846658612
PM25,30,2023-07-05,1.475142422930009,1.4282417186624774,0.9184417850744467,0.005495539030534288,1.4337372576930116,1.4332890513396277,0.22099803289543393,0.0065298775899843,1.4347715962524616,1.4296848087649119
PM25,1,2023-08-04,1.4898390055937112,1.4553921813808781,0.4576622493220062,4.653377639314538e-06,1.4553968347585173,1.4553943110561556,0.17972464076993488,0.004715294933014674,1.4601074763138928,1.4562396360688385
PM25,7,2023-08-04,1.3845085781474984,1.4366317304653309,0.22020668414674066,-0.0033169950913702834,1.4333147353739606,1.4359013059749293,0.0,-0.019453617297813537,1.4171781131675174,1.4366317304653309
PM25,30,2023-08-04,1.3873757774861213,1.4366469657437104,0.06379781921022569,0.006320412927923413,1.442967378671634,1.43705019430502,0.0036005243940895023,0.016006660017403154,1.4526536257611136,1.4367045981135709
PM25,1,2023-09-03,1.4042426385367648,1.4123798301256278,0.9702021831578929,0.0015142142573990494,1.4138940443830268,1.4138489241039252,0.1023895749576817,0.014847535732400448,1.4272273658580283,1.4139000629984373
PM25,7,2023-09-03,1.3967432772263064,1.4366176383630143,0.341838819728176,0.0024732984979655022,1.4390909368609797,1.4374631078023943,0.04094468840785833,-0.015833227824034957,1.4207844105389793,1.4359693517832686
PM25,30,2023-09-03,1.3758494904019196,1.4365975414844638,0.2018643918159935,0.004077939640161259,1.4406754811246252,1.4374207322897874,0.0,-0.007304814348749632,1.4292927271357143,1.4365975414844638
PM25,1,2023-10-03,1.5450554418332092,1.3927076754051921,0.651024737987708,0.018294520335453982,1.4110021957406462,1.4046178607131918,0.311686549029713,-0.014785576266173876,1.3779220991390182,1.3880992101633727
PM25,7,2023-10-03,1.3040971345849757,1.4283578978208349,0.32143431632466885,0.0020689181086262724,1.430426815929461,1.429022919098613,0.2256216350504741,0.007014035746971657,1.4353719335678066,1.4299404160343692
PM25,30,2023-10-03,1.4619779540530191,1.428312269343791,0.07193217608514303,0.012861942141854654,1.4411742114856456,1.4292374568307358,0.12801620676919093,0.029892802858109652,1.4582050722019007,1.4321390325753856
PM25,1,2023-11-02,1.3615160291180508,1.4505814862981394,1.0,0.011873947308283948,1.4624554336064233,1.4624554336064233,0.34325667977061936,0.045659155437251825,1.4962406417353913,1.4662542963946612
PM25,7,2023-11-02,1.5200210968074948,1.462869950122497,0.5949598983739185,0.01427935067398861,1.4771493007964858,1.471365591148339,0.06222577714943567,-0.0268895985903028,1.4359803515321943,1.461196723952979
PM25,30,2023-11-02,1.5719100917661826,1.4628403407848205,0.31346388719679164,0.00476669327266844,1.467607034057489,1.464334526987146,0.23782849632619638,0.018190265456017655,1.4810306062408383,1.4671665042659996
PM25,1,2023-12-02,1.6154195198148185,1.5169294298468448,1.0,0.010788720484715554,1.5277181503315602,1.5277181503315602,0.1311941099199167,0.008636984078089799,1.5255664139249345,1.5180625512853623
PM25,7,2023-12-02,1.488126687518597,1.475932686562004,0.9074040171665848,0.0010883190369385344,1.4770210055989426,1.4769202316280807,0.7873533821561501,0.03767801972191684,1.5136107062839208,1.5055986028230013
