target,horizon,model,n,n_folds,rmse_sarima,rmse_arm,delta_pct,dm_stat,dm_pvalue,ci95_lo_pct,ci95_hi_pct,arah,nyata05
NO2,1,RESEP_kita_ridge_alpha,72,3,0.6452595704778641,0.6166314441270117,-4.4366837255356195,2.294919341459028,0.024696625746229328,0.8578432792818317,7.894383298534192,menang,ya
NO2,1,kontrol_koreksi_penuh,72,3,0.6452595704778641,0.6105325603968373,-5.3818667199788655,2.302930714091909,0.024216226894721693,0.8865779891776964,9.532466691961162,menang,ya
NO2,1,pembanding_gbm_3seed,24,1,0.6452595704778641,0.678913870713597,5.215622018718656,-1.2464856769297123,0.22513240692901437,-31.80107120554584,7.693635511553396,kalah,tidak
NO2,1,gbm_alpha,24,1,0.6452595704778641,0.6060019355367114,-6.084006613350866,-0.4201713932461569,0.6782596792116165,-9.185226989035202,6.225848385792767,menang,tidak
NO2,7,RESEP_kita_ridge_alpha,72,3,0.8921271775736714,0.9148921855384547,2.551767117631991,-0.9277676875921294,0.35667137325844456,-8.455823845836395,4.568880423162482,kalah,tidak
NO2,7,kontrol_koreksi_penuh,72,3,0.8921271775736714,0.9275308443039938,3.9684551284055845,-1.3554127249893655,0.17958234824420938,-10.99541125522863,4.271597434390715,kalah,tidak
NO2,7,pembanding_gbm_3seed,24,1,0.8921271775736714,0.8418039425432694,-5.640814033629905,-1.0377543175293396,0.31017212162547714,-21.365655171900443,2.0741054238796512,menang,tidak
NO2,7,gbm_alpha,24,1,0.8921271775736714,0.7813424172053195,-12.418045672552488,-0.6050133102398229,0.5510933318256885,-8.871446386413325,3.10600940542502,menang,tidak
NO2,30,RESEP_kita_ridge_alpha,69,3,0.7044674187074595,0.6993375030647361,-0.7281977145423872,0.41194385987610277,0.681676263837312,-1.4202845001069624,2.873546076977888,menang,tidak
NO2,30,kontrol_koreksi_penuh,69,3,0.7044674187074595,0.7008980051552403,-0.5066825601059547,0.1380112795119357,0.890639371306865,-4.041086696826206,5.139651761889056,menang,tidak
NO2,30,pembanding_gbm_3seed,23,1,0.7044674187074595,0.5712368886357951,-18.912234481491378,,,-9.918054206084218,20.46548332215614,menang,tidak
NO2,30,gbm_alpha,23,1,0.7044674187074595,0.5744022573326871,-18.462906576064647,,,-2.2073458764850886,11.822851801574409,menang,tidak
PM10,1,RESEP_kita_ridge_alpha,72,3,0.11777304159033461,0.11222864568441149,-4.707695267995982,2.200113270736412,0.031054396024117192,1.1045811272987132,8.328631277311004,menang,ya
PM10,1,kontrol_koreksi_penuh,72,3,0.11777304159033461,0.11162348490589187,-5.221531686201624,2.3613619162218433,0.020955730807077133,1.4230310493040113,8.981278705723897,menang,ya
PM10,1,pembanding_gbm_3seed,24,1,0.11777304159033461,0.11212666109229298,-4.7942894416212605,1.9977743290645444,0.05770153532409639,0.6552451404623446,20.001902194205474,menang,tidak
PM10,1,gbm_alpha,24,1,0.11777304159033461,0.12291266947312728,4.364010484394643,2.199449573588475,0.038164863232729385,0.4507043244082317,3.8139164527772893,kalah,ya
PM10,7,RESEP_kita_ridge_alpha,72,3,0.1523764039516205,0.14779871879714904,-3.004195555057774,1.648313614410169,0.10370689473625005,0.46974530865625364,5.302061065380807,menang,tidak
PM10,7,kontrol_koreksi_penuh,72,3,0.1523764039516205,0.1498084535534229,-1.685267752488058,0.6275100264621684,0.5323379622683237,-2.07047681603302,4.945707044478316,menang,tidak
PM10,7,pembanding_gbm_3seed,24,1,0.1523764039516205,0.15498366109847386,1.7110635762746893,,,-9.00643846697281,1.6489783862182819,kalah,tidak
PM10,7,gbm_alpha,24,1,0.1523764039516205,0.14968223051657498,-1.768104093007026,0.5712513175063245,0.5733696111750968,-0.3509516619307097,0.8901742209237097,menang,tidak
PM10,30,RESEP_kita_ridge_alpha,69,3,0.1502978058298296,0.14968580088677833,-0.407194862008964,0.8897631534100288,0.3767301331754991,-0.0038910184798858012,0.9021854418846817,menang,tidak
PM10,30,kontrol_koreksi_penuh,69,3,0.1502978058298296,0.146651995980326,-2.4257239348067863,3.397492612445356,0.0011403324030676565,1.1098295526050794,3.774856551385141,menang,ya
PM10,30,pembanding_gbm_3seed,23,1,0.1502978058298296,0.14463960923247318,-3.7646568199157544,,,-12.85840071293597,15.584352045148908,menang,tidak
PM10,30,gbm_alpha,23,1,0.1502978058298296,0.14769813793762365,-1.7296778737737182,,,-1.2348085895260417,0.9646725739328373,menang,tidak
PM25,1,RESEP_kita_ridge_alpha,72,3,0.06628192764325382,0.0645437932679082,-2.622335283760453,1.8342997019823213,0.07079960238244687,0.11804144662623979,5.317516969782127,menang,tidak
PM25,1,kontrol_koreksi_penuh,72,3,0.06628192764325382,0.06374829944085506,-3.822502290572163,2.2446370394289454,0.027908766305134947,0.755893956132356,6.900865951374426,menang,ya
PM25,1,pembanding_gbm_3seed,24,1,0.06628192764325382,0.07752491237766232,16.96236837727639,-0.7329318737836001,0.4710045073268161,-20.644890297594767,12.644001208273076,kalah,tidak
PM25,1,gbm_alpha,24,1,0.06628192764325382,0.0731891846938368,10.42102620756535,-0.08991525510161733,0.9291329908299082,-3.6448651294912495,3.0500787084709247,kalah,tidak
PM25,7,RESEP_kita_ridge_alpha,72,3,0.07313360503701466,0.07450491161311484,1.8750703939811708,-2.712245819945276,0.008377673213495695,-3.8021603414574203,-0.26661095550460184,kalah,ya
PM25,7,kontrol_koreksi_penuh,72,3,0.07313360503701466,0.07495955742944402,2.4967351076228232,-1.3553231875137386,0.1796107298998293,-5.588591540515684,0.49588927391598,kalah,tidak
PM25,7,pembanding_gbm_3seed,24,1,0.07313360503701466,0.07208823226413412,-1.4294013981007117,-0.3370659271063117,0.7391237092240746,-10.031004870039558,7.983683140837434,menang,tidak
PM25,7,gbm_alpha,24,1,0.07313360503701466,0.07045735708208174,-3.6593956411398074,-0.04293371366058921,0.9661249296234224,-0.7199052665525314,0.7752624788593313,menang,tidak
PM25,30,RESEP_kita_ridge_alpha,69,3,0.0890318595831114,0.08771150370524103,-1.483015051075974,3.080469213476517,0.0029817288813764886,0.8770427000056671,2.19436358082266,menang,ya
PM25,30,kontrol_koreksi_penuh,69,3,0.0890318595831114,0.08265007094326483,-7.167983090243278,5.537998429620744,5.346750748813633e-07,5.06269721596182,9.178878883487926,menang,ya
PM25,30,pembanding_gbm_3seed,23,1,0.0890318595831114,0.07914535894768189,-11.104452587784534,,,-2.0441316216972427,15.485729807487578,menang,tidak
PM25,30,gbm_alpha,23,1,0.0890318595831114,0.08536650575416904,-4.116901349814828,,,-0.20172532054562645,1.1384326351781457,menang,tidak
