target,horizon,model,rmse,mae,mape,delta_pct_vs_sarima,n,n_folds
NO2,1,SARIMA,0.6452595704778641,0.5381224822943262,7.167522231428164,0.0,72,3
NO2,1,adaptif,0.6166314441270117,0.5157969252653906,6.863593416074304,-4.4366837255356195,72,3
NO2,1,dua_tingkat_alfa,0.6166314441270117,0.5157969252653906,6.863593416074304,-4.4366837255356195,72,3
NO2,1,dua_tingkat_penuh,0.6165421565411635,0.5146093678527875,6.830145299545818,-4.450521193421918,72,3
NO2,7,SARIMA,0.8921271775736714,0.656524744802786,8.626822078355914,0.0,72,3
NO2,7,adaptif,0.9148921855384547,0.6759368701662775,8.87625850777951,2.551767117631991,72,3
NO2,7,dua_tingkat_alfa,0.9148921855384547,0.6759368701662775,8.87625850777951,2.551767117631991,72,3
NO2,7,dua_tingkat_penuh,0.9275308443039938,0.6826577473470077,8.956440140420606,3.9684551284055845,72,3
NO2,30,SARIMA,0.7044674187074594,0.5881272518698827,7.684533955058343,0.0,69,3
NO2,30,adaptif,0.6993375030647359,0.5731628708999439,7.475237011804632,-0.7281977145424031,69,3
NO2,30,dua_tingkat_alfa,0.6993375030647359,0.5731628708999439,7.475237011804632,-0.7281977145424031,69,3
NO2,30,dua_tingkat_penuh,0.705768365431301,0.5687749219583583,7.4130265992874325,0.1846709569944993,69,3
PM10,1,SARIMA,0.11777304159033467,0.08769361567129588,4.3409238956595875,0.0,72,3
PM10,1,adaptif,0.11222864568441154,0.08464769295127249,4.181604952216911,-4.707695267995979,72,3
PM10,1,dua_tingkat_alfa,0.11222864568441154,0.08464769295127249,4.181604952216911,-4.707695267995979,72,3
PM10,1,dua_tingkat_penuh,0.11159474152311133,0.08369826134698528,4.13816876354028,-5.245937426592176,72,3
PM10,7,SARIMA,0.15237640395162055,0.10803548048321017,5.20696815045345,0.0,72,3
PM10,7,adaptif,0.14779871879714906,0.10768847809144008,5.189112906550431,-3.004195555057791,72,3
PM10,7,dua_tingkat_alfa,0.14779871879714906,0.10768847809144008,5.189112906550431,-3.004195555057791,72,3
PM10,7,dua_tingkat_penuh,0.1496051720797482,0.10994012770058241,5.300958351815963,-1.818675201675077,72,3
PM10,30,SARIMA,0.15029780582982963,0.11711546555612282,5.873301793752266,0.0,69,3
PM10,30,adaptif,0.1496858008867783,0.11688622270444694,5.859736760126497,-0.40719486200900085,69,3
PM10,30,dua_tingkat_alfa,0.1496858008867783,0.11688622270444694,5.859736760126497,-0.40719486200900085,69,3
PM10,30,dua_tingkat_penuh,0.1482594359749804,0.11535976941574819,5.784491842869546,-1.3562206338242335,69,3
PM25,1,SARIMA,0.06628192764325384,0.04892530183163019,3.3863587707644798,0.0,72,3
PM25,1,adaptif,0.06454379326790823,0.04779441723664221,3.3037040604729535,-2.622335283760452,72,3
PM25,1,dua_tingkat_alfa,0.06454379326790823,0.04779441723664221,3.3037040604729535,-2.622335283760452,72,3
PM25,1,dua_tingkat_penuh,0.0643476264856463,0.047747934509771606,3.3010319242379307,-2.918293457031662,72,3
PM25,7,SARIMA,0.07313360503701467,0.0590075947784786,3.9247231810762284,0.0,72,3
PM25,7,adaptif,0.07450491161311487,0.06068021875748902,4.035007641885229,1.8750703939811895,72,3
PM25,7,dua_tingkat_alfa,0.07450491161311487,0.06068021875748902,4.035007641885229,1.8750703939811895,72,3
PM25,7,dua_tingkat_penuh,0.0756135100912154,0.061589862205959064,4.095461719633466,3.3909241216067394,72,3
PM25,30,SARIMA,0.0890318595831114,0.07171610358243834,5.037457210364938,0.0,69,3
PM25,30,adaptif,0.08771150370524103,0.07046937573406727,4.950421426892286,-1.483015051075974,69,3
PM25,30,dua_tingkat_alfa,0.08771150370524103,0.07046937573406727,4.950421426892286,-1.483015051075974,69,3
PM25,30,dua_tingkat_penuh,0.08516435627514402,0.06834530947538717,4.800811324495201,-4.3439543171139325,69,3
