feature,fold,origin_date,actual_h1,sarima_h1,adapt_h1,tier_a_h1,tier_f_h1,help_h1,alpha_h1,actual_h7,sarima_h7,adapt_h7,tier_a_h7,tier_f_h7,help_h7,alpha_h7,actual_h30,sarima_h30,adapt_h30,tier_a_h30,tier_f_h30,help_h30,alpha_h30
NO2,0,2022-01-11,6.562873902637556,7.343543515312659,7.332869224310625,7.332869224310625,7.332869224310625,True,1.0,6.740907379165658,7.368186476306653,7.460032277111034,7.460032277111034,7.475164109677434,True,0.8585514365049166,8.093440595503724,7.3682796660318575,7.383212479262513,7.383212479262513,7.450665955030439,True,0.1812536213509021
NO2,0,2022-02-10,8.395700596545284,7.828180640522305,7.956335422772992,7.956335422772992,7.956335422772992,True,1.0,9.74701625977252,7.6003313883330765,7.604305061074509,7.604305061074509,7.605731469087639,True,0.735854318118292,7.750211611491847,7.599121352308895,7.5793262659909635,7.5793262659909635,7.555513948102782,True,0.45393865281156387
NO2,0,2022-03-12,7.197590244974486,7.711682141499649,7.6235243701820545,7.6235243701820545,7.6235243701820545,True,1.0,8.15699129245089,7.770864756726039,7.806112775344594,7.806112775344594,7.822162455979648,True,0.6871266963512915,7.206855871908678,7.771192654706089,7.745999740989377,7.745999740989377,7.590028766751804,True,0.13906145425113423
NO2,0,2022-04-11,6.830001775590331,7.355079081800257,7.336324123852485,7.336324123852485,7.3347766985044665,True,0.923781098727497,6.595640082654809,7.3265270335498105,7.028280402860955,7.028280402860955,6.969554056893566,True,0.8354879786210216,8.093440595503724,7.326352434227139,7.320192399586552,7.320192399586552,7.280605932672661,True,0.13465586288059733
NO2,0,2022-05-11,7.008978800178157,7.71854217595703,7.821683714798754,7.821683714798754,7.901057000030007,True,0.5651132140394445,7.310358764767277,7.620602346066321,7.793455687140358,7.793455687140358,7.884180912274486,True,0.6557943749398919,8.159914086832428,7.620115238370957,7.620115238370957,7.620115238370957,7.620115238370957,False,0.0
NO2,0,2022-06-10,7.7565559772981345,7.581064764740524,7.735272815934115,7.735272815934115,7.759072344193214,True,0.8663004781466364,6.994830089875532,7.384192165619031,7.483545300535771,7.483545300535771,7.517006363258496,True,0.7480611010160396,6.5792879088927,7.383190893393399,7.383190893393399,7.383190893393399,7.383190893393399,False,0.0
NO2,0,2022-07-10,5.785937036225244,6.7297277792288925,6.683094801761515,6.683094801761515,6.5978368672928935,True,0.35357233324770176,7.029009164902778,7.035215096624275,6.9796688519711365,6.9796688519711365,6.944005590383872,True,0.6089962213668194,8.077426293968285,7.036863417574802,7.027105167211551,7.027105167211551,6.998753671191889,True,0.2560565548036789
NO2,0,2022-08-09,8.503912157328378,8.04626905904031,8.074221085549526,8.074221085549526,8.079106759343077,True,0.8512175411644156,6.1369538739044565,7.812295929965306,8.120928083770474,8.120928083770474,8.18196875632244,True,0.8348792007422355,8.298258155074734,7.811022838494339,7.901986276521906,7.901986276521906,7.920597665528638,True,0.8301490450821621
NO2,0,2022-09-08,7.89223500973639,8.010680885320596,8.150690672172377,8.150690672172377,8.150690672172377,True,1.0,7.180435415039061,8.017895472951666,8.27158711196752,8.27158711196752,8.275548360197094,True,0.9846256400542469,8.671121706977779,8.017971249974527,7.9708547081096075,7.9708547081096075,7.9708547081096075,True,1.0
NO2,0,2022-10-08,8.066126156376194,7.923126918332868,7.964491027311092,7.964491027311092,7.964491027311092,True,1.0,8.092848385922776,7.489261143746045,7.434176542849417,7.434176542849417,7.43127065944172,True,0.9498903407592284,6.807506593785511,7.48698776208646,7.296389566198976,7.296389566198976,7.296389566198976,True,1.0
NO2,0,2022-11-07,8.05360672242779,7.7235531105280915,7.492918234304858,7.492918234304858,7.492918234304858,True,1.0,8.161082729900984,8.216200833954534,7.778043436559189,7.778043436559189,7.778043436559189,True,1.0,7.7590914060747025,8.218773779149934,8.095108787706945,8.095108787706945,8.095108787706945,True,1.0
NO2,0,2022-12-07,7.594083295757286,7.6762840126701635,7.616321230446517,7.616321230446517,7.616321230446517,True,1.0,7.866886243140725,7.642451416232893,7.784367851054288,7.784367851054288,7.862483857919149,True,0.644979593617167,7.35471190214614,7.642277237680647,7.695229551431093,7.695229551431093,7.695229551431093,True,1.0
NO2,0,2023-01-06,7.957781100758424,7.594711539354658,7.582184233274985,7.582184233274985,7.582184233274985,True,1.0,7.691450664306726,7.955879439885212,7.942248790655447,7.942248790655447,7.927100795388499,True,0.4736376388860751,7.6124089421421735,7.957820331946275,7.908469651472985,7.908469651472985,7.908469651472985,True,1.0
NO2,0,2023-02-05,7.394547200719486,7.783223871368009,7.68475154120648,7.68475154120648,7.673774676822336,True,0.8997081300624503,7.88729916379129,7.93106882872933,7.823573648268092,7.823573648268092,7.716265526085105,True,0.5004354176028678,7.880504275465511,7.931854152147829,7.871931775340612,7.871931775340612,7.807545885884149,True,0.48204659761009805
NO2,0,2023-03-07,8.822392716870349,7.8965925137457855,7.888914113866609,7.888914113866609,7.880395727867594,True,0.4740693577677757,8.110584297131764,7.914951221415908,8.049955133086154,8.049955133086154,8.147231821466923,True,0.5812104482276831,6.634636389701339,7.9150493876752925,7.955855140834054,7.955855140834054,8.014531589145978,True,0.4101814450777521
NO2,0,2023-04-06,6.2027985042246785,7.368218939637237,7.252712224613724,7.252712224613724,7.174615230950076,True,0.5966141651250998,8.286872394110299,7.728686250547029,7.815918437227462,7.815918437227462,7.834825517466185,True,0.8218653587166405,8.17916213556961,7.730560844518473,7.740232369710153,7.740232369710153,7.750677283818693,True,0.4807771915964536
NO2,0,2023-05-06,7.759725056674388,7.804780945867737,7.907393758235921,7.907393758235921,7.942428791173065,True,0.7454734372381193,8.642469103374994,7.640781157293071,7.662144398619835,7.662144398619835,7.667552844380115,True,0.7979788967839554,6.99781244315565,7.639933426110269,7.628775730079376,7.628775730079376,7.619333777305535,True,0.5416449637883578
NO2,0,2023-06-05,7.658566333845242,7.708363483245673,7.564167237828944,7.564167237828944,7.538444918447899,True,0.8486197231499775,7.173268674419285,7.890415632103534,7.552680046081168,7.552680046081168,7.5159053289413436,True,0.901805860000871,8.2731757980059,7.891319343817045,7.9674093045126515,7.9674093045126515,8.004170734523298,True,0.6742492070271853
NO2,0,2023-07-05,8.172754279870441,7.677237475053674,8.041340614782257,8.041340614782257,8.041340614782257,True,1.0,8.216861676866067,7.458463142255133,7.6787722331195605,7.6787722331195605,7.691341342567144,True,0.9460271101771499,8.109403853241847,7.457344492455303,7.455923105131138,7.455923105131138,7.45494105375915,True,0.5913973701265478
NO2,0,2023-08-04,8.872553787906295,7.797635095459376,7.740132195103761,7.740132195103761,7.700367566274536,True,0.59118290386857,8.069102354552237,7.451140124461989,7.494016453509145,7.494016453509145,7.507592716289634,True,0.7595103724920504,7.547959693320663,7.449288401893455,7.468607267544391,7.468607267544391,7.575539553561197,True,0.15301932216648187
NO2,0,2023-09-03,7.2824223977958775,7.677828432742033,7.604996600719562,7.604996600719562,7.533943418780564,True,0.5061808038047331,8.189049209212774,7.829524768505048,7.573118030100581,7.573118030100581,7.572879428525633,True,0.9990703062250552,7.413657790021476,7.830336295587873,7.838978465646036,7.838978465646036,7.888683517914474,True,0.14811622067950997
NO2,0,2023-10-03,7.51273839959382,7.606866825617318,7.651601699739331,7.651601699739331,7.713812382730831,True,0.41829576963660703,6.9377879275886825,7.75427680190469,8.071245630782379,8.071245630782379,8.093485654151607,True,0.9344356044309832,7.360915465378349,7.755056916690315,7.780655154041475,7.780655154041475,7.866471688763106,True,0.229756224196512
NO2,0,2023-11-02,7.639117255535947,7.410581119226937,7.424703265295772,7.424703265295772,7.4443247001924515,True,0.4185135562010319,7.428619021933483,7.76106956403634,7.90783732692793,7.90783732692793,7.9127647548715405,True,0.9675175731248882,8.347492789249378,7.762976258313501,7.76304275313112,7.76304275313112,7.763203913372978,True,0.2920858327128104
NO2,0,2023-12-02,8.876118772031369,7.8168212361442535,7.898818672130586,7.898818672130586,7.900236218810276,True,0.9830060903403204,7.495364173908803,7.496269070435444,7.443527361385363,7.443527361385363,7.443527361385363,True,1.0,,,,,,,
NO2,180,2021-07-15,9.520688476537378,8.462159726685003,8.462159726685003,8.462159726685003,8.462159726685003,False,0.0,7.989928813753692,8.268543388140822,8.445877818565066,8.445877818565066,8.561964743462868,True,0.6043678389720817,8.620075153170587,8.268299486837202,8.296157348811684,8.296157348811684,8.38756102976858,True,0.23358629521095425
NO2,180,2021-08-14,7.874318941182931,8.352911118977655,8.38073183249427,8.38073183249427,8.403683471657775,True,0.5479500564390548,9.1160881408998,8.443214923543566,8.412539394626913,8.412539394626913,8.409178171400626,True,0.9012472396845802,8.398489502796979,8.444210347674895,8.446363395961315,8.446363395961315,8.457003466737866,True,0.16829736953299268
NO2,180,2021-09-13,9.383192809623658,8.160603106453385,8.292965683187548,8.292965683187548,8.292965683187548,True,1.0,6.264094657671212,8.306092124417148,7.849576801697683,7.849576801697683,7.810108077682895,True,0.9204234001584007,8.468276185899699,8.307460224728434,8.357030313811194,8.357030313811194,8.459960106171451,True,0.3250500171784193
NO2,180,2021-10-13,7.966900693587252,8.247832741251813,8.299893654979897,8.299893654979897,8.299893654979897,True,1.0,8.821364096409576,8.15040354203049,8.502670185248682,8.502670185248682,8.509599889338444,True,0.980707754570175,9.499823155469459,8.149952104636437,8.02887313153656,8.02887313153656,7.889950015741004,True,0.4656846166669514
NO2,180,2021-11-12,9.565783353106228,8.724164087293538,8.931415538146007,8.931415538146007,8.931415538146007,True,1.0,7.774276279973856,8.322893404718709,8.31934614254345,8.31934614254345,8.318894270184463,True,0.8870074624602768,6.952116257650706,8.320872265255025,8.272811867641908,8.272811867641908,8.153619953897584,True,0.2873526662983174
NO2,180,2021-12-12,6.264094657671212,7.40546066703045,7.197494645373461,7.197494645373461,7.197494645373461,True,1.0,7.7527503521035355,7.521941815479278,7.2942156559184745,7.2942156559184745,7.217556733026873,True,0.7481515116510734,7.017150003083341,7.522249260763112,7.516126948410478,7.516126948410478,7.458698663618704,True,0.09633760543148989
NO2,180,2022-01-11,6.562873902637556,7.359544780707175,7.335712889997306,7.335712889997306,7.335712889997306,True,1.0,6.740907379165658,7.365164199079354,7.453978813345642,7.453978813345642,7.468521944844801,True,0.8592932596250507,8.093440595503724,7.364786775163469,7.381542025562668,7.381542025562668,7.448608846920308,True,0.19989067375720285
NO2,180,2022-02-10,8.395700596545284,7.829867448381963,7.9535762083230095,7.9535762083230095,7.9535762083230095,True,1.0,9.74701625977252,7.605140442356173,7.60335450293802,7.60335450293802,7.602660540332746,True,0.720165313501145,7.750211611491847,7.603799470682306,7.584570945346893,7.584570945346893,7.564090958258305,True,0.4842418957954045
NO2,180,2022-03-12,7.197590244974486,7.706257832869669,7.623647885546457,7.623647885546457,7.623647885546457,True,1.0,8.15699129245089,7.771592160967129,7.806345359429698,7.806345359429698,7.824077278698838,True,0.6621533867984883,7.206855871908678,7.77212958583293,7.742723006695627,7.742723006695627,7.590890349615477,True,0.16225283084961406
NO2,180,2022-04-11,6.830001775590331,7.355077497901558,7.328040945220337,7.328040945220337,7.327668962406566,True,0.9864282127062395,6.595640082654809,7.312933449996978,7.026811247631386,7.026811247631386,6.964395612211763,True,0.8209214935851896,8.093440595503724,7.31244008754018,7.304721534349967,7.304721534349967,7.258170992626439,True,0.14222741695768804
NO2,180,2022-05-11,7.008978800178157,7.706843044483658,7.836951515121532,7.836951515121532,7.898467376369858,True,0.6789767737593002,7.310358764767277,7.627071976666344,7.788969979172315,7.788969979172315,7.879806710242281,True,0.6405846961170706,8.159914086832428,7.626954591542598,7.626954591542598,7.626954591542598,7.626954591542598,False,0.0
NO2,180,2022-06-10,7.7565559772981345,7.55841405644737,7.751766224897972,7.751766224897972,7.755545997179823,True,0.9808261803348202,6.994830089875532,7.384873049750812,7.484879549839599,7.484879549839599,7.520580229303526,True,0.7369285871123771,6.5792879088927,7.384324533729876,7.384324533729876,7.384324533729876,7.384324533729876,False,0.0
NO2,180,2022-07-10,5.785937036225244,6.7144567306438505,6.663763680205316,6.663763680205316,6.604513863152823,True,0.461085394581611,7.029009164902778,7.028160787065463,6.9800003794932035,6.9800003794932035,6.947281790713792,True,0.5954624778335764,8.077426293968285,7.0303175480376865,7.016286814951665,7.016286814951665,6.980705998791464,True,0.28281183109978836
NO2,180,2022-08-09,8.503912157328378,8.07278897402716,8.073742773691905,8.073742773691905,8.07378906746026,True,0.9537105566107924,6.1369538739044565,7.82988499207251,8.123891799702992,8.123891799702992,8.184952823693532,True,0.8280299746902672,8.298258155074734,7.82809258149391,7.9280214359100345,7.9280214359100345,7.9466294812503175,True,0.8430189638962848
NO2,180,2022-09-08,7.89223500973639,7.995778834270832,8.15526893257322,8.15526893257322,8.15526893257322,True,1.0,7.180435415039061,8.021791357478383,8.274070918235394,8.274070918235394,8.280067711777932,True,0.9767814844730865,8.671121706977779,8.022354087025787,7.976349648161709,7.976349648161709,7.976349648161709,True,1.0
NO2,180,2022-10-08,8.066126156376194,7.899773820188725,7.962404616102445,7.962404616102445,7.962404616102445,True,1.0,8.092848385922776,7.483660425465053,7.433811675232651,7.433811675232651,7.430162373820493,True,0.931786274453445,6.807506593785511,7.48152413749056,7.2896982720156105,7.2896982720156105,7.2896982720156105,True,1.0
NO2,180,2022-11-07,8.05360672242779,7.761052688890983,7.499892332687027,7.499892332687027,7.499892332687027,True,1.0,8.161082729900984,8.231248750955832,7.797033304151604,7.797033304151604,7.793495798527547,True,0.991918945139184,7.7590914060747025,8.233562409959948,8.096957112100215,8.096957112100215,8.096957112100215,True,1.0
NO2,180,2022-12-07,7.594083295757286,7.662443062680689,7.621378558801238,7.621378558801238,7.621378558801238,True,1.0,7.866886243140725,7.62878043260618,7.765486982732668,7.765486982732668,7.847908533797153,True,0.6238659002815263,7.35471190214614,7.628649524382488,7.6906482448353675,7.6906482448353675,7.6906482448353675,True,1.0
NO2,180,2023-01-06,7.957781100758424,7.59203915466865,7.589691911955486,7.589691911955486,7.589691911955486,True,1.0,7.691450664306726,7.962110393971958,7.94731312671174,7.94731312671174,7.92920728696084,True,0.44972249141146003,7.6124089421421735,7.964559389366934,7.914518810793845,7.914518810793845,7.914518810793845,True,1.0
NO2,180,2023-02-05,7.394547200719486,7.786188633473452,7.681597878098483,7.681597878098483,7.677531120869567,True,0.9625727008518788,7.88729916379129,7.933152449377942,7.830071356706456,7.830071356706456,7.721439444486976,True,0.48689069773759713,7.880504275465511,7.934027671446994,7.874304433022472,7.874304433022472,7.804708051973771,True,0.46182658646694136
NO2,180,2023-03-07,8.822392716870349,7.891498179308442,7.887621216331087,7.887621216331087,7.884517424451948,True,0.5553787601850401,8.110584297131764,7.908734920043377,8.037900472532119,8.037900472532119,8.131530742682983,True,0.5797485381836783,6.634636389701339,7.908849059938097,7.955574412271658,7.955574412271658,8.016530339572038,True,0.4339227068289167
NO2,180,2023-04-06,6.2027985042246785,7.386597089019643,7.247234770560042,7.247234770560042,7.1793954518272365,True,0.6725927475669,8.286872394110299,7.723445099720881,7.811156858541707,7.811156858541707,7.830355850025736,True,0.8204203840185913,8.17916213556961,7.725018355249248,7.7365893205142315,7.7365893205142315,7.748921482192615,True,0.48407747205618706
NO2,180,2023-05-06,7.759725056674388,7.791894968553881,7.912638994833701,7.912638994833701,7.934805435432005,True,0.8448928123843569,8.642469103374994,7.640595131203413,7.6645750670217,7.6645750670217,7.670611230458605,True,0.7989024694519365,6.99781244315565,7.639949077079878,7.6267200987806785,7.6267200987806785,7.615795163146456,True,0.5476950168682506
NO2,180,2023-06-05,7.658566333845242,7.744212221142548,7.545522746187791,7.545522746187791,7.5362945433979895,True,0.9556160741601815,7.173268674419285,7.895070829218116,7.5607972970839725,7.5607972970839725,7.52680597273972,True,0.9076987017732255,,,,,,,
NO2,360,2021-01-16,7.337436520132644,7.55408893214393,7.433753827790943,7.433753827790943,7.344902402682309,True,0.5752526449130886,10.30818271059821,7.379513554619838,7.092055968986822,7.092055968986822,6.979130766734185,True,0.7179569010721623,7.377418269703025,7.379189941509559,7.1588292587134505,7.1588292587134505,6.981639790315329,True,0.5542965639282259
NO2,360,2021-02-15,8.655222880014131,7.865497151228141,7.838125053840424,7.838125053840424,7.751257979930584,True,0.23960343091443512,6.793486559756871,7.841352468128715,7.664611324703439,7.664611324703439,7.265388672491964,True,0.30686155061166887,8.030872343289607,7.839595507688889,7.831385518061838,7.831385518061838,7.766268916680193,True,0.11196469812809581
NO2,360,2021-03-17,7.6933780770528255,7.8912154533578756,7.878944399091087,7.878944399091087,7.813070306305209,True,0.15702899961936642,7.628712163762233,7.950524186494241,8.041505961295579,8.041505961295579,8.249570317992195,True,0.3042399322994099,6.3314584558905125,7.951503941818386,7.96228665578755,7.96228665578755,8.074200774820895,True,0.08788094774168882
NO2,360,2021-04-16,6.60379315937762,7.51365316618131,7.513786877573343,7.513786877573343,7.5155100513582624,True,0.07200843309688663,8.086922434652134,8.001844006245339,8.015058304328214,8.015058304328214,8.075624234087906,True,0.17910351417010195,8.252561501822269,8.002565057464027,7.994926756569024,7.994926756569024,7.9691743513553455,True,0.22875529706204317
NO2,360,2021-05-16,7.57371203295074,8.36238624856766,8.36238624856766,8.36238624856766,8.36238624856766,False,0.0,7.014922953789363,7.875038802326924,7.86148021456582,7.86148021456582,7.824819853104668,True,0.26998947550849095,8.03626617944075,7.870256335337873,7.870256335337873,7.870256335337873,7.870256335337873,False,0.0
NO2,360,2021-06-15,7.378790886060054,8.205954771817268,8.205954771817268,8.205954771817268,8.205954771817268,False,0.0,7.482627274581741,7.832308021003368,8.052216786957661,8.052216786957661,8.196490011971,True,0.6038430548693402,9.43400040288019,7.828372096671983,7.828372096671983,7.828372096671983,7.828372096671983,False,0.0
NO2,360,2021-07-15,9.520688476537378,8.460200921533724,8.460200921533724,8.460200921533724,8.460200921533724,False,0.0,7.989928813753692,8.321009562598869,8.4778912308264,8.4778912308264,8.583998728826675,True,0.5965328172174049,8.620075153170587,8.322809319043394,8.353428387329542,8.353428387329542,8.44373073862479,True,0.2532145950001677
NO2,360,2021-08-14,7.874318941182931,8.344747844775302,8.384492437285848,8.384492437285848,8.408403604341691,True,0.6243675793247783,9.1160881408998,8.459980313321385,8.414280387172472,8.414280387172472,8.409562148908497,True,0.9064178888914717,8.398489502796979,8.461896453509533,8.463617788256675,8.463617788256675,8.470657610163983,True,0.19647345836094907
NO2,360,2021-09-13,9.383192809623658,8.145652793562855,8.289872131242317,8.289872131242317,8.289872131242317,True,1.0,6.264094657671212,8.316989456280261,7.8445703594414455,7.8445703594414455,7.812248950170904,True,0.935964304668785,8.468276185899699,8.319345510910972,8.367256063939905,8.367256063939905,8.460815270030649,True,0.33866285860006917
NO2,360,2021-10-13,7.966900693587252,8.226224521739855,8.302317485847546,8.302317485847546,8.302317485847546,True,1.0,8.821364096409576,8.132488893818534,8.497109144766148,8.497109144766148,8.497109144766148,True,1.0,9.499823155469459,8.132397887222961,8.016111353812965,8.016111353812965,7.875351943077809,True,0.4523959084307914
NO2,360,2021-11-12,9.565783353106228,8.713890859833533,8.92724494483303,8.92724494483303,8.92724494483303,True,1.0,7.774276279973856,8.334438943447864,8.334447160790017,8.334447160790017,8.334447805485746,True,0.9272519777680399,6.952116257650706,8.33345980960565,8.284011357163005,8.284011357163005,8.160837395336285,True,0.28645441353568707
NO2,360,2021-12-12,6.264094657671212,7.374017473241882,7.201486533444567,7.201486533444567,7.201486533444567,True,1.0,7.7527503521035355,7.460560359985136,7.252031035511592,7.252031035511592,7.190804759547911,True,0.7730305659476792,7.017150003083341,7.460019467984022,7.452271802494551,7.452271802494551,7.396918846586641,True,0.12278271303668456
NO2,360,2022-01-11,6.562873902637556,7.370259163781311,7.334746258490095,7.334746258490095,7.334746258490095,True,1.0,6.740907379165658,7.353734460219631,7.449563717712763,7.449563717712763,7.4643904569358925,True,0.86601052213061,8.093440595503724,7.352471942954621,7.372836521880925,7.372836521880925,7.445161534874833,True,0.21970728864395206
NO2,360,2022-02-10,8.395700596545284,7.844956494693043,7.95733940818446,7.95733940818446,7.95733940818446,True,1.0,9.74701625977252,7.624361690420293,7.614802836059115,7.614802836059115,7.610638813857305,True,0.696563458638036,7.750211611491847,7.623136075290056,7.606850542706228,7.606850542706228,7.591122795899764,True,0.5087117875454743
NO2,360,2022-03-12,7.197590244974486,7.700522118184485,7.620166158776345,7.620166158776345,7.620166158776345,True,1.0,8.15699129245089,7.773111133413051,7.804622195889233,7.804622195889233,7.823081885905499,True,0.6305901133056481,7.206855871908678,7.773928442398208,7.739548951569214,7.739548951569214,7.593946462110578,True,0.1910162938203689
NO2,360,2022-04-11,6.830001775590331,7.32883709307815,7.316924755803729,7.316924755803729,7.3167536729185025,True,0.9858415181326213,6.595640082654809,7.2671758662483334,6.998437033653152,6.998437033653152,6.935388189051158,True,0.8099723138164511,8.093440595503724,7.266230362771282,7.256932672823119,7.256932672823119,7.201952447855091,True,0.1446482817665404
NO2,360,2022-05-11,7.008978800178157,7.7134650974047485,7.8460869433510565,7.8460869433510565,7.893438952827544,True,0.7368950653124151,7.310358764767277,7.656644911730843,7.801835171054832,7.801835171054832,7.884400863652243,True,0.6374817347214479,8.159914086832428,7.657324344266613,7.661560301346064,7.661560301346064,7.7644707122149415,True,0.0395343039672106
NO2,360,2022-06-10,7.7565559772981345,7.545570805188203,7.760032392631165,7.760032392631165,7.760032392631165,True,1.0,6.994830089875532,7.3990075963437585,7.496780931452385,7.496780931452385,7.529692808387696,True,0.748159134300165,6.5792879088927,7.3996081694404925,7.3996081694404925,7.3996081694404925,7.3996081694404925,False,0.0
NO2,360,2022-07-10,5.785937036225244,6.682406511454219,6.640287385578284,6.640287385578284,6.607213948895741,True,0.5601501590423766,7.029009164902778,7.004941597309488,6.962273834228883,6.962273834228883,6.93480354932814,True,0.608339757216395,8.077426293968285,7.007553044260267,6.9835326333850665,6.9835326333850665,6.93888986508337,True,0.34982957624662697
NO2,360,2022-08-09,8.503912157328378,8.132615946321657,8.070076268893558,8.070076268893558,8.070076268893558,True,1.0,6.1369538739044565,7.8828276548819645,8.158091495104678,8.158091495104678,8.212418829696436,True,0.8351675082855593,8.298258155074734,7.880379883939762,7.994530282716585,7.994530282716585,8.00890188020828,True,0.8881779157735148
NO2,360,2022-09-08,7.89223500973639,7.986046982446972,8.164726534423673,8.164726534423673,8.164726534423673,True,1.0,7.180435415039061,8.034056748338346,8.284161787015545,8.284161787015545,8.291276159318874,True,0.9723412308728632,8.671121706977779,8.035477086591596,7.985323775470879,7.985323775470879,7.985323775470879,True,1.0
NO2,360,2022-10-08,8.066126156376194,7.878335546938218,7.9752772183903,7.9752772183903,7.9752772183903,True,1.0,8.092848385922776,7.480240300500707,7.441367394331865,7.441367394331865,7.437676923157687,True,0.9132946818473557,6.807506593785511,7.479113032060851,7.283314345815682,7.283314345815682,7.283314345815682,True,1.0
NO2,360,2022-11-07,8.05360672242779,7.812376427226049,7.500170836142819,7.500170836142819,7.500170836142819,True,1.0,8.161082729900984,8.26184907682642,7.830151501960169,7.830151501960169,7.8178466299714895,True,0.9722864770772311,7.7590914060747025,8.26277612366687,8.124568947716742,8.124568947716742,8.124568947716742,True,1.0
NO2,360,2022-12-07,7.594083295757286,7.6240294197565275,7.628502486412325,7.628502486412325,7.628502486412325,True,1.0,7.866886243140725,7.586763561043239,7.727147648808746,7.727147648808746,7.821563977664353,True,0.597886876802429,,,,,,,
PM10,0,2022-01-11,2.035800116206301,2.0212857556828543,2.0228044585355507,2.0228044585355507,2.038324606619899,True,0.08913176471274764,2.160060165068454,2.0646131558645675,2.060770930254066,2.060770930254066,2.060770930254066,True,1.0,2.0897596353783796,2.0645711460091007,2.0645711460091007,2.0645711460091007,2.0645711460091007,False,0.0
PM10,0,2022-02-10,2.2869192986529963,2.1258250386615196,2.1258250386615196,2.1258250386615196,2.1258250386615196,False,0.0,2.493737286186112,2.136030614232199,2.162002098773794,2.162002098773794,2.1664879667898096,True,0.8527164169134311,1.9639873910178034,2.136022916389917,2.136022916389917,2.136022916389917,2.136022916389917,False,0.0
PM10,0,2022-03-12,2.0461225393788784,2.0340234233552157,2.034634547103851,2.034634547103851,2.0353332643884268,True,0.46656329519406486,2.0963568542370368,2.1002980603849633,2.116687677091073,2.116687677091073,2.131289345171336,True,0.5288459907062893,1.8526561662732188,2.1002283457449775,2.091776482444388,2.091776482444388,2.0810234720875256,True,0.44008950287003196
PM10,0,2022-04-11,1.6831589308015336,1.993646450498433,1.95473883056225,1.95473883056225,1.95473883056225,True,1.0,1.7281030786339973,2.1225898478978955,2.0944661523833115,2.0944661523833115,2.0944661523833115,True,1.0,1.9812030349352991,2.122454779815752,2.1219035543326163,2.1219035543326163,2.109898301030242,True,0.04389968657229282
PM10,0,2022-05-11,1.9833455559844126,2.0156276868914467,2.0160968159954265,2.0160968159954265,2.0160968159954265,True,1.0,2.107845992380574,2.0463848076516538,2.0433181791999733,2.0433181791999733,2.0414812708152463,True,0.6253911317462374,2.0478679617500046,2.0463526849923137,2.0463526849923137,2.0463526849923137,2.0463526849923137,False,0.0
PM10,0,2022-06-10,2.000598435713269,2.0415116405768825,2.0553271428600506,2.0553271428600506,2.0553271428600506,True,1.0,2.1074177578334856,2.0326410552206338,2.037318097492819,2.037318097492819,2.03906541802181,True,0.7280165234953856,1.9995849959340932,2.0326507488130323,2.0326507488130323,2.0326507488130323,2.0326507488130323,False,0.0
PM10,0,2022-07-10,1.9907342328224316,2.036057483567167,2.033085397093803,2.033085397093803,2.0330231568668222,True,0.9794879612094203,2.061152414826867,2.06355219473602,2.061588447718493,2.061588447718493,2.061042457791199,True,0.7824513328297958,2.0765877718867194,2.063524164093087,2.063524164093087,2.063524164093087,2.063524164093087,False,0.0
PM10,0,2022-08-09,2.1486437909580505,2.067261845300432,2.083416128081523,2.083416128081523,2.091188777895185,True,0.6751505951345212,1.9724883383470697,2.0565409150700025,2.063895104736538,2.063895104736538,2.078927569063135,True,0.3285077648848951,2.1379118177840657,2.056552433188783,2.056552433188783,2.056552433188783,2.056552433188783,False,0.0
PM10,0,2022-09-08,2.216635235812697,2.135525129236142,2.11343521650774,2.11343521650774,2.11343521650774,True,1.0,2.011147043006042,2.124635160286692,2.130322219052723,2.130322219052723,2.1340616005577226,True,0.6033092665434406,2.17692446851476,2.1246477114277194,2.11678870079021,2.11678870079021,2.11575428362412,True,0.8836874612428702
PM10,0,2022-10-08,2.1630205798711306,2.1104441227511694,2.1195718665629726,2.1195718665629726,2.1195718665629726,True,1.0,2.193672751473343,2.049029318925647,2.063571320402042,2.063571320402042,2.073287625212317,True,0.5994648309138425,2.231356546304916,2.0490937316492728,2.0500215189184297,2.0500215189184297,2.052488227292796,True,0.27332109585329084
PM10,0,2022-11-07,2.1658336474623425,2.2355355194076205,2.224262882016451,2.224262882016451,2.224262882016451,True,1.0,2.275311313895148,2.249853671732256,2.2437338685961694,2.2437338685961694,2.2276220013633328,True,0.27527410376869316,1.9419614489122599,2.249837294537462,2.249837294537462,2.249837294537462,2.249837294537462,False,0.0
PM10,0,2022-12-07,2.090819006386732,2.0040399477619566,2.014755741811075,2.014755741811075,2.018003417837699,True,0.7674162647961006,2.048563373439521,2.0732168804868785,2.0732168804868785,2.0732168804868785,2.0732168804868785,False,0.0,2.1488915242770124,2.0731427883113565,2.073509729150212,2.073509729150212,2.075269787296048,True,0.17251575647020034
PM10,0,2023-01-06,1.8890656097855303,2.1638965503616405,2.16550310879785,2.16550310879785,2.1661587628507695,True,0.710171322954665,1.9201865233931217,2.1920994626579042,2.1920994626579042,2.1920994626579042,2.1920994626579042,False,0.0,2.042955696046429,2.1920680178274807,2.1920680178274807,2.1920680178274807,2.1920680178274807,False,0.0
PM10,0,2023-02-05,1.9486774237084459,2.0639746846755984,2.065703778903617,2.065703778903617,2.0660415225716124,True,0.836589183579905,2.294805373715896,2.070708541025354,2.070708541025354,2.070708541025354,2.070708541025354,False,0.0,2.221537345963242,2.070703128081247,2.070703128081247,2.070703128081247,2.070703128081247,False,0.0
PM10,0,2023-03-07,2.2703743012784465,2.1910787860245398,2.2060316990808873,2.2060316990808873,2.208962087451504,True,0.8361382889739731,2.235727810970731,2.177412294610894,2.177412294610894,2.177412294610894,2.177412294610894,False,0.0,1.8155584676259655,2.177424746096899,2.177424746096899,2.177424746096899,2.177424746096899,False,0.0
PM10,0,2023-04-06,1.9839855508078876,1.9472607417318122,1.9397106533759683,1.9397106533759683,1.9397106533759683,True,1.0,1.9831319421436893,2.0203191782913805,2.0203191782913805,2.0203191782913805,2.0203191782913805,False,0.0,2.0698603619799285,2.0202488755831194,2.0202488755831194,2.0202488755831194,2.0202488755831194,False,0.0
PM10,0,2023-05-06,1.9928144763110418,2.0699351342135435,2.067320720746754,2.067320720746754,2.065429264249088,True,0.5802239051312102,2.008789180152131,2.045620597900283,2.045620597900283,2.045620597900283,2.045620597900283,False,0.0,1.837883760930296,2.045649270657761,2.045649270657761,2.045649270657761,2.045649270657761,False,0.0
PM10,0,2023-06-05,1.9070036288153207,1.9114059787431594,1.9117078265030691,1.9117078265030691,1.9129273109802678,True,0.19841015167302456,2.0839423611621912,2.009897086892127,2.009897086892127,2.009897086892127,2.009897086892127,False,0.0,2.0480419618405756,2.009789811957277,2.01049261592623,2.01049261592623,2.0126498103844432,True,0.24573578862059178
PM10,0,2023-07-05,2.0652910060355545,2.024931140476186,2.024931140476186,2.024931140476186,2.024931140476186,False,0.0,2.1038247503502836,2.0082249016141387,2.0082249016141387,2.0082249016141387,2.0082249016141387,False,0.0,2.1055548536144757,2.008241819407338,2.0121960048819,2.0121960048819,2.012353684131252,True,0.9616526175010431
PM10,0,2023-08-04,2.1340262667133314,2.0633570369655763,2.062877038477219,2.062877038477219,2.058174978030442,True,0.09262698366913616,1.930123183139694,2.016603245376914,2.016603245376914,2.016603245376914,2.016603245376914,False,0.0,1.9460552097724477,2.016653292151999,2.0210354134467887,2.0210354134467887,2.0340922793436764,True,0.251283015844002
PM10,0,2023-09-03,1.94581579391844,1.9894052678943714,1.9843159893130122,1.9843159893130122,1.9810552885496147,True,0.6094959485803788,2.013681730762978,2.0370761821354955,2.036053889681767,2.036053889681767,2.031730770248011,True,0.19124671311525585,1.9991787172548816,2.0370251926297898,2.0365921130473144,2.0365921130473144,2.035415370316751,True,0.2690232201205285
PM10,0,2023-10-03,2.2359986437832498,2.0377478304576044,2.0772489530205243,2.0772489530205243,2.0772489530205243,True,1.0,1.8887821782382572,2.0946067418349084,2.096520175376829,2.096520175376829,2.1016089297779406,True,0.2732622371018853,2.0535586569312887,2.094544346409891,2.0988173882104095,2.0988173882104095,2.0988173882104095,True,1.0
PM10,0,2023-11-02,1.884789464872571,2.0636289969735886,2.0586144215088646,2.0586144215088646,2.0586144215088646,True,1.0,2.1054110648712245,2.1125676852285964,2.123681508421009,2.123681508421009,2.12770409087321,True,0.7342445395130638,2.1807101006168232,2.11251120263121,2.1099822118799163,2.1099822118799163,2.1099822118799163,True,1.0
PM10,0,2023-12-02,2.2814466385532977,2.0877391124216533,2.105752765406818,2.105752765406818,2.105752765406818,True,1.0,1.9936428117155824,2.0095022563607405,2.0235294892005804,2.0235294892005804,2.0235294892005804,True,1.0,,,,,,,
PM10,180,2021-07-15,2.2913307553563786,2.209192968990148,2.2094766684884397,2.2094766684884397,2.2098133976143797,True,0.4572637161014146,2.190702063204113,2.1547127671368567,2.155716351786579,2.155716351786579,2.1809264174951433,True,0.03828481100516497,2.126897819664539,2.1546865604498278,2.1501083879895813,2.1501083879895813,2.1491056105432187,True,0.8203213676626396
PM10,180,2021-08-14,2.083478256574382,2.1488472095724163,2.1539454323375007,2.1539454323375007,2.1553915743667025,True,0.7790248443264535,2.1153104311482105,2.1753096056217105,2.1821320154552057,2.1821320154552057,2.20520415676377,True,0.2282158310748593,2.2123332175713584,2.1753240443637507,2.1745249764901406,2.1745249764901406,2.1694401701179653,True,0.13580641601617358
PM10,180,2021-09-13,2.1971332299243818,2.165030041167373,2.167339826228567,2.167339826228567,2.169304058813664,True,0.5404247835051461,2.026804136632675,2.1338605198323366,2.1339644318536135,2.1339644318536135,2.134475665012642,True,0.1689227593807156,2.1980694760457844,2.133853098971532,2.1376920286153043,2.1376920286153043,2.1632724294934045,True,0.1304900409245516
PM10,180,2021-10-13,2.1743341452188343,2.195919658980394,2.2095657442898102,2.2095657442898102,2.2157845460514993,True,0.6869450231743345,2.258970345815568,2.1963708970164864,2.1970242691263917,2.1970242691263917,2.1973387256542103,True,0.6750906972971732,2.2970242305411364,2.196372271304106,2.196372271304106,2.196372271304106,2.196372271304106,False,0.0
PM10,180,2021-11-12,2.460414091876322,2.2670734556034198,2.267779671807707,2.267779671807707,2.2714851362444146,True,0.16007872322499228,2.2118399964288615,2.204587171482494,2.206523630950323,2.206523630950323,2.2093160661187943,True,0.4094951604470157,2.0692117916059845,2.204543298784805,2.204543298784805,2.204543298784805,2.204543298784805,False,0.0
PM10,180,2021-12-12,2.037244492392264,2.1034017192727883,2.10301019611177,2.10301019611177,2.101860525306783,True,0.25403886185261404,2.2274719888515753,2.1462345297722107,2.1385688128689493,2.1385688128689493,2.1336331824709913,True,0.6083251830159094,1.94581579391844,2.146258498725789,2.146258498725789,2.146258498725789,2.146258498725789,False,0.0
PM10,180,2022-01-11,2.035800116206301,2.0188359700490803,2.0262531092136715,2.0262531092136715,2.038611462790352,True,0.3750672239438671,2.160060165068454,2.06788119080165,2.063163240101756,2.063163240101756,2.063163240101756,True,1.0,2.0897596353783796,2.067893498281158,2.067893498281158,2.067893498281158,2.067893498281158,False,0.0
PM10,180,2022-02-10,2.2869192986529963,2.1217297469617002,2.122511842513373,2.122511842513373,2.137371299383736,True,0.050001146342174285,2.493737286186112,2.1340279729158316,2.1627563222493165,2.1627563222493165,2.1657326715392546,True,0.9061227698364157,1.9639873910178034,2.134024954040763,2.134024954040763,2.134024954040763,2.134024954040763,False,0.0
PM10,180,2022-03-12,2.0461225393788784,2.0340074613136108,2.0349419052722006,2.0349419052722006,2.0350958253093236,True,0.8585766915028298,2.0963568542370368,2.1029547870743874,2.121202065974936,2.121202065974936,2.1330576854626178,True,0.6061635217053741,1.8526561662732188,2.102986672369362,2.0936257521457025,2.0936257521457025,2.083279465776013,True,0.4749998524305568
PM10,180,2022-04-11,1.6831589308015336,1.9912513616584149,1.9569687153229869,1.9569687153229869,1.9569687153229869,True,1.0,1.7281030786339973,2.1243603898896306,2.095467165342555,2.095467165342555,2.095467165342555,True,1.0,1.9812030349352991,2.1244204210234234,2.123774451589157,2.123774451589157,2.111776991095045,True,0.05109131287363554
PM10,180,2022-05-11,1.9833455559844126,2.015724228566118,2.016226577378798,2.016226577378798,2.016226577378798,True,1.0,2.107845992380574,2.048199768330874,2.045268510805294,2.045268510805294,2.043591505490917,True,0.6360873125906387,2.0478679617500046,2.0482140985022164,2.0482140985022164,2.0482140985022164,2.0482140985022164,False,0.0
PM10,180,2022-06-10,2.000598435713269,2.041834136488888,2.055116168727205,2.055116168727205,2.055116168727205,True,1.0,2.1074177578334856,2.033489049999591,2.0378493909534168,2.0378493909534168,2.0393432012349626,True,0.7448288878292075,1.9995849959340932,2.0334840997571955,2.0334840997571955,2.0334840997571955,2.0334840997571955,False,0.0
PM10,180,2022-07-10,1.9907342328224316,2.0337944816962166,2.0326319239751673,2.0326319239751673,2.0325250985119254,True,0.915844589274798,2.061152414826867,2.0620005526805203,2.0600530444288725,2.0600530444288725,2.0594690437914607,True,0.7693072933949878,2.0765877718867194,2.062011109896628,2.062011109896628,2.062011109896628,2.062011109896628,False,0.0
PM10,180,2022-08-09,2.1486437909580505,2.067429249146538,2.0826032620345347,2.0826032620345347,2.090603255008109,True,0.6547859260344668,1.9724883383470697,2.0568219588644183,2.0641432213820634,2.0641432213820634,2.078557577772939,True,0.3368324844329564,2.1379118177840657,2.056816332183648,2.056816332183648,2.056816332183648,2.056816332183648,False,0.0
PM10,180,2022-09-08,2.216635235812697,2.1341457990295103,2.113588891052435,2.113588891052435,2.113588891052435,True,1.0,2.011147043006042,2.12350316159298,2.1293177138105674,2.1293177138105674,2.133603525770518,True,0.5756774820573467,2.17692446851476,2.1234950924892493,2.115700857276871,2.115700857276871,2.1151355478587535,True,0.9323755727010016
PM10,180,2022-10-08,2.1630205798711306,2.1130962741276407,2.119296400463892,2.119296400463892,2.119296400463892,True,1.0,2.193672751473343,2.0511092591139124,2.06413922021248,2.06413922021248,2.0750070403429137,True,0.54523727427696,2.231356546304916,2.0510809845061124,2.052246709660438,2.052246709660438,2.0549355114897656,True,0.3024301449359146
PM10,180,2022-11-07,2.1658336474623425,2.23313955057092,2.224083208017428,2.224083208017428,2.224083208017428,True,1.0,2.275311313895148,2.243791966107356,2.2390509152932068,2.2390509152932068,2.2228991592843035,True,0.22692263678609328,1.9419614489122599,2.2438009304255435,2.2438009304255435,2.2438009304255435,2.2438009304255435,False,0.0
PM10,180,2022-12-07,2.090819006386732,2.007071516419131,2.0141942792509857,2.0141942792509857,2.0185293030031017,True,0.6216526010197637,2.048563373439521,2.079371129052897,2.079371129052897,2.079371129052897,2.079371129052897,False,0.0,2.1488915242770124,2.0794082805587077,2.0798895882945496,2.0798895882945496,2.081803640265245,True,0.20093338571577973
PM10,180,2023-01-06,1.8890656097855303,2.163085870357764,2.1657769821790667,2.1657769821790667,2.1670622463965934,True,0.6767749817985385,1.9201865233931217,2.188742176068417,2.188742176068417,2.188742176068417,2.188742176068417,False,0.0,2.042955696046429,2.188759342067592,2.188759342067592,2.188759342067592,2.188759342067592,False,0.0
PM10,180,2023-02-05,1.9486774237084459,2.06416898107441,2.0658130603624367,2.0658130603624367,2.0664000571038157,True,0.7368997140202806,2.294805373715896,2.074163458770672,2.074163458770672,2.074163458770672,2.074163458770672,False,0.0,2.221537345963242,2.074163136361265,2.074163136361265,2.074163136361265,2.074163136361265,False,0.0
PM10,180,2023-03-07,2.2703743012784465,2.192036528599105,2.2037748744672356,2.2037748744672356,2.2088894133072636,True,0.6965184935044326,2.235727810970731,2.1753712597872497,2.1753712597872497,2.1753712597872497,2.1753712597872497,False,0.0,1.8155584676259655,2.1753691734032086,2.1753691734032086,2.1753691734032086,2.1753691734032086,False,0.0
PM10,180,2023-04-06,1.9839855508078876,1.9424779688894775,1.9403899322385076,1.9403899322385076,1.940372731136146,True,0.9918293777820555,1.9831319421436893,2.0255304887928203,2.0255304887928203,2.0255304887928203,2.0255304887928203,False,0.0,2.0698603619799285,2.025549869519452,2.025549869519452,2.025549869519452,2.025549869519452,False,0.0
PM10,180,2023-05-06,1.9928144763110418,2.0680653079956275,2.067474406148147,2.067474406148147,2.0660562620301204,True,0.29412062124285093,2.008789180152131,2.0464213821873196,2.0464213821873196,2.0464213821873196,2.0464213821873196,False,0.0,1.837883760930296,2.046402351346489,2.046402351346489,2.046402351346489,2.046402351346489,False,0.0
PM10,180,2023-06-05,1.9070036288153207,1.9128483279398485,1.9128483279398485,1.9128483279398485,1.9128483279398485,False,0.0,2.0839423611621912,2.010341794390854,2.010341794390854,2.010341794390854,2.010341794390854,False,0.0,,,,,,,
PM10,360,2021-01-16,2.0621508129606583,2.120362146463143,2.120362146463143,2.120362146463143,2.120362146463143,False,0.0,2.426758701843186,2.0751054042696873,2.0751054042696873,2.0751054042696873,2.0751054042696873,False,0.0,1.9993819212233566,2.0751386711783804,2.0751386711783804,2.0751386711783804,2.0751386711783804,False,0.0
PM10,360,2021-02-15,2.092626367786705,2.053219822666561,2.0513308054448394,2.0513308054448394,2.0383508750467234,True,0.12704444658889352,2.219145495926383,2.0768870963518613,2.0771902516330134,2.0771902516330134,2.090125207827196,True,0.022900190991498263,2.0441911054524686,2.076873175262069,2.076873175262069,2.076873175262069,2.076873175262069,False,0.0
PM10,360,2021-03-17,1.7958369121743323,2.0905047038169977,2.0905047038169977,2.0905047038169977,2.0905047038169977,False,0.0,1.8836401517569228,2.1385005533659966,2.142771366282164,2.142771366282164,2.1614626640596013,True,0.18599391724720507,1.821786238129181,2.138463485040546,2.138463485040546,2.138463485040546,2.138463485040546,False,0.0
PM10,360,2021-04-16,1.9383069368692056,1.9338286499313841,1.9355510068813642,1.9355510068813642,1.952503472319719,True,0.09222882628623381,2.21673221748263,2.0476432212330327,2.028192929702153,2.028192929702153,1.9923034973121714,True,0.3514707004808138,2.0158107017839875,2.0475556312071053,2.0475556312071053,2.0475556312071053,2.0475556312071053,False,0.0
PM10,360,2021-05-16,2.0068108119088435,2.0654846738047765,2.0654846738047765,2.0654846738047765,2.0654846738047765,False,0.0,1.943412078999865,2.092148849409086,2.106467962749984,2.106467962749984,2.12877256375966,True,0.3909792765373522,1.9248092024605106,2.0921316219065806,2.0901927179930273,2.0901927179930273,2.078540126900839,True,0.14265567641632784
PM10,360,2021-06-15,1.9429292393433024,1.9840973699080413,1.9840973699080413,1.9840973699080413,1.9840973699080413,False,0.0,2.0809908457608155,2.036834602676889,2.040350821008433,2.040350821008433,2.062747345380925,True,0.1356945643193577,2.262256807180018,2.036795053171825,2.036795053171825,2.036795053171825,2.036795053171825,False,0.0
PM10,360,2021-07-15,2.2913307553563786,2.210693882866307,2.2099026067259766,2.2099026067259766,2.2095402572057137,True,0.6859037271444741,2.190702063204113,2.165159572444662,2.1664777145994187,2.1664777145994187,2.188369991909913,True,0.056790966519595434,2.126897819664539,2.165193667874549,2.1597673539002296,2.1597673539002296,2.159012851791167,True,0.8779283999258601
PM10,360,2021-08-14,2.083478256574382,2.149232701535254,2.157932175096607,2.157932175096607,2.1582931768241913,True,0.9601564249035223,2.1153104311482105,2.1727944089170146,2.178213484330299,2.178213484330299,2.2037902780412684,True,0.1748321813968385,2.2123332175713584,2.172776155288061,2.171074368572599,2.171074368572599,2.1647167975172725,True,0.2111566161797471
PM10,360,2021-09-13,2.1971332299243818,2.159851238069726,2.163061881935338,2.163061881935338,2.1675199153153804,True,0.41866983871713714,2.026804136632675,2.13262860577815,2.1324758048869548,2.1324758048869548,2.1314997908050968,True,0.13536398332998678,2.1980694760457844,2.13264594561831,2.1346992344524036,2.1346992344524036,2.1596157790323884,True,0.0761327963198186
PM10,360,2021-10-13,2.1743341452188343,2.20074267752451,2.2086121683141795,2.2086121683141795,2.2161634944166075,True,0.5103160775939227,2.258970345815568,2.204912775017632,2.204045861721516,2.204045861721516,2.203523251603566,True,0.6238925428246334,2.2970242305411364,2.204909364479906,2.204909364479906,2.204909364479906,2.204909364479906,False,0.0
PM10,360,2021-11-12,2.460414091876322,2.267190796552799,2.2673372186124436,2.2673372186124436,2.2688160523790373,True,0.090091699584048,2.2118399964288615,2.208397597450536,2.2105439568161103,2.2105439568161103,2.2139695068649803,True,0.38521074301928737,2.0692117916059845,2.2084467860342656,2.2084467860342656,2.2084467860342656,2.2084467860342656,False,0.0
PM10,360,2021-12-12,2.037244492392264,2.100609564489868,2.1006117848432195,2.1006117848432195,2.1031769745702,True,0.0008648222457791336,2.2274719888515753,2.1366271586211667,2.1307269841687178,2.1307269841687178,2.1274913006236185,True,0.6458259808802413,1.94581579391844,2.1365988694327767,2.1365988694327767,2.1365988694327767,2.1365988694327767,False,0.0
PM10,360,2022-01-11,2.035800116206301,2.0186254888964754,2.019698072009015,2.019698072009015,2.0378862691867745,True,0.05568741745526142,2.160060165068454,2.055943324469641,2.0535757167121504,2.0535757167121504,2.0535757167121504,True,1.0,2.0897596353783796,2.05591967599262,2.05591967599262,2.05591967599262,2.05591967599262,False,0.0
PM10,360,2022-02-10,2.2869192986529963,2.1280869677043843,2.1280869677043843,2.1280869677043843,2.1280869677043843,False,0.0,2.493737286186112,2.1394528956384353,2.163611584312095,2.163611584312095,2.1692051112137367,True,0.8119962902431758,1.9639873910178034,2.139447963437725,2.139447963437725,2.139447963437725,2.139447963437725,False,0.0
PM10,360,2022-03-12,2.0461225393788784,2.0340202983536373,2.03571268860212,2.03571268860212,2.0382748649158846,True,0.397782059281867,2.0963568542370368,2.0924591042242393,2.1063273302347176,2.1063273302347176,2.1243356668823736,True,0.43506027168645994,1.8526561662732188,2.0924158882710935,2.0840628643612176,2.0840628643612176,2.0739477435371416,True,0.4522936131488951
PM10,360,2022-04-11,1.6831589308015336,1.9980229401507525,1.9575391931439887,1.9575391931439887,1.9575391931439887,True,1.0,1.7281030786339973,2.114894951614073,2.089120317768738,2.089120317768738,2.089120317768738,True,1.0,1.9812030349352991,2.114809269950235,2.114809269950235,2.114809269950235,2.114809269950235,False,0.0
PM10,360,2022-05-11,1.9833455559844126,2.015539002700567,2.01774578470812,2.01774578470812,2.01774578470812,True,1.0,2.107845992380574,2.0426607536837635,2.0402195103433907,2.0402195103433907,2.0381009446524536,True,0.5353828030099421,2.0478679617500046,2.042640954649627,2.042640954649627,2.042640954649627,2.042640954649627,False,0.0
PM10,360,2022-06-10,2.000598435713269,2.0400811157993575,2.0551789898174397,2.0551789898174397,2.0551789898174397,True,1.0,2.1074177578334856,2.0313685090132405,2.0358576029180933,2.0358576029180933,2.038191616216101,True,0.6579251609839203,1.9995849959340932,2.0313753251724065,2.0313753251724065,2.0313753251724065,2.0313753251724065,False,0.0
PM10,360,2022-07-10,1.9907342328224316,2.039325775325054,2.034934802554395,2.034934802554395,2.034934802554395,True,1.0,2.061152414826867,2.0660616733818062,2.0637756960128386,2.0637756960128386,2.0630605746566797,True,0.7617134850741785,2.0765877718867194,2.066042984445515,2.066042984445515,2.066042984445515,2.066042984445515,False,0.0
PM10,360,2022-08-09,2.1486437909580505,2.066014694913454,2.08456373351655,2.08456373351655,2.091233186308546,True,0.7355332368020281,1.9724883383470697,2.055764595724606,2.062844270830769,2.062844270830769,2.077747977217601,True,0.3220466836923679,2.1379118177840657,2.0557724162145843,2.0557724162145843,2.0557724162145843,2.0557724162145843,False,0.0
PM10,360,2022-09-08,2.216635235812697,2.1352738790743118,2.111930398153744,2.111930398153744,2.111930398153744,True,1.0,2.011147043006042,2.1257887333280467,2.132604477209356,2.132604477209356,2.136452163141086,True,0.6391699482070213,2.17692446851476,2.1257969747106187,2.117014954456718,2.117014954456718,2.1161720126480383,True,0.9124212850711808
PM10,360,2022-10-08,2.1630205798711306,2.10458683776791,2.1167367568852713,2.1167367568852713,2.1167367568852713,True,1.0,2.193672751473343,2.046340503913728,2.061604946009999,2.061604946009999,2.0708068273409523,True,0.6238960316892672,2.231356546304916,2.0463832211329196,2.0470908112363344,2.0470908112363344,2.047912815662658,True,0.46259978684408043
PM10,360,2022-11-07,2.1658336474623425,2.244029365251444,2.2253774126386623,2.2253774126386623,2.2253774126386623,True,1.0,2.275311313895148,2.2621648695645846,2.2559679873312093,2.2559679873312093,2.2374046399545287,True,0.25027563681632736,1.9419614489122599,2.262150184549094,2.262150184549094,2.262150184549094,2.262150184549094,False,0.0
PM10,360,2022-12-07,2.090819006386732,2.000230399380156,2.010298833991615,2.010298833991615,2.0229886178097183,True,0.44240873434892564,2.048563373439521,2.058251118184039,2.058251118184039,2.058251118184039,2.058251118184039,False,0.0,,,,,,,
PM25,0,2022-01-11,1.486043801159876,1.4724808258044861,1.4724808258044861,1.4724808258044861,1.4724808258044861,False,0.0,1.5463802165068705,1.485987535335613,1.4676634532710786,1.4676634532710786,1.4641343474525932,True,0.8385084209509015,1.4747643213685016,1.4859938219839828,1.4843753310509158,1.4843753310509158,1.4833510833849144,True,0.6124294448333473
PM25,0,2022-02-10,1.6021006574556473,1.506913531453088,1.5067848732817732,1.5067848732817732,1.5011325394347397,True,0.022255379510343863,1.6931961950980228,1.5252789637583055,1.5236273023297364,1.5236273023297364,1.5204644644154734,True,0.34305985128613736,1.45112830038359,1.5252743871458159,1.5192781773572857,1.5192781773572857,1.511677182121179,True,0.44098840737237016
PM25,0,2022-03-12,1.4899524146928862,1.4791802674687673,1.4791802674687673,1.4791802674687673,1.4791802674687673,False,0.0,1.4937541096245024,1.5053554478651565,1.5053554478651565,1.5053554478651565,1.5053554478651565,False,0.0,1.3266058448775329,1.5053345910851381,1.5044410765986256,1.5044410765986256,1.4905626759183335,True,0.06048738274103458
PM25,0,2022-04-11,1.2780143102368318,1.4087416496913856,1.3903250579296984,1.3903250579296984,1.3903250579296984,True,1.0,1.4044407884990031,1.4658210204784885,1.4645208321245367,1.4645208321245367,1.4590522031644257,True,0.1920850118455078,1.3684600776105063,1.4657924505051367,1.4569768409281445,1.4569768409281445,1.4470809970035887,True,0.4711344084660723
PM25,0,2022-05-11,1.3713566298903974,1.4062703045868066,1.407506082229231,1.407506082229231,1.407506082229231,True,1.0,1.449191973729008,1.4175291046483653,1.4117910679038652,1.4117910679038652,1.408590465636935,True,0.6419362877461104,1.4319266942001012,1.417540901583393,1.4114574167585947,1.4114574167585947,1.409756462267057,True,0.781492998735555
PM25,0,2022-06-10,1.4199366573050316,1.427507166545605,1.4268188746763282,1.4268188746763282,1.4268188746763282,True,1.0,1.468708163966802,1.4214813847558565,1.4138864547333183,1.4138864547333183,1.4133804102006196,True,0.9375328820935974,1.4204768699803956,1.4214878305177205,1.4176110249242568,1.4176110249242568,1.4165573845987374,True,0.7862991820957254
PM25,0,2022-07-10,1.426303543165646,1.431465588247104,1.4265827790621683,1.4265827790621683,1.4265827790621683,True,1.0,1.432928132322783,1.4378146369632916,1.442646158568318,1.442646158568318,1.442646158568318,True,1.0,1.4134989595854557,1.4378129535793636,1.43271694141947,1.43271694141947,1.43000580366355,True,0.6527365574947446
PM25,0,2022-08-09,1.4485912143604445,1.4151135928466985,1.4252198583237254,1.4252198583237254,1.4252198583237254,True,1.0,1.4488918885631659,1.420310561994153,1.4266399619710963,1.4266399619710963,1.4266399619710963,True,1.0,1.4676517926007628,1.4203032304545031,1.4224058431548645,1.4224058431548645,1.4240779778878134,True,0.5570207643051298
PM25,0,2022-09-08,1.5230628725580182,1.4594402110420819,1.459907286814821,1.459907286814821,1.4656200024284087,True,0.07558115534005258,1.371595921773682,1.4518240762158583,1.453525784106831,1.453525784106831,1.4659372860288014,True,0.12057553976219453,1.4813016573916815,1.4518301050463016,1.4521309069938462,1.4521309069938462,1.4533155619802063,True,0.20249792550620827
PM25,0,2022-10-08,1.4598977750329798,1.4436104311330544,1.4436104311330544,1.4436104311330544,1.4436104311330544,False,0.0,1.4980962321399005,1.415190519271775,1.415190519271775,1.415190519271775,1.415190519271775,False,0.0,1.5165341101630527,1.4152073292749119,1.4152073292749119,1.4152073292749119,1.4152073292749119,False,0.0
PM25,0,2022-11-07,1.4736240365951496,1.525753808413413,1.525753808413413,1.525753808413413,1.525753808413413,False,0.0,1.6084100631201108,1.540520891181461,1.540520891181461,1.540520891181461,1.540520891181461,False,0.0,1.4184872916238769,1.540503795247529,1.5367528770047871,1.5367528770047871,1.5333447980639445,True,0.523944645675033
PM25,0,2022-12-07,1.4858104464327762,1.448962828495278,1.448962828495278,1.448962828495278,1.448962828495278,False,0.0,1.4950712560897952,1.4854107001281776,1.4854107001281776,1.4854107001281776,1.4854107001281776,False,0.0,1.5590014932765919,1.4853747317398969,1.4876274667729035,1.4876274667729035,1.4910911355341088,True,0.3940825585637727
PM25,0,2023-01-06,1.384952753880765,1.5656678460928837,1.5656678460928837,1.5656678460928837,1.5656678460928837,False,0.0,1.4487416252109044,1.57607004900871,1.57607004900871,1.57607004900871,1.57607004900871,False,0.0,1.506685709124831,1.576058144936894,1.5746270290219568,1.5746270290219568,1.5678613725869053,True,0.17459505447155083
PM25,0,2023-02-05,1.4054280571996491,1.5060304395737563,1.5060007567990408,1.5060007567990408,1.5059847743561083,True,0.650008392478475,1.627143112320542,1.4958028704345852,1.4958028704345852,1.4958028704345852,1.4958028704345852,False,0.0,1.559983156204915,1.4958193335870593,1.4958193335870593,1.4958193335870593,1.4958193335870593,False,0.0
PM25,0,2023-03-07,1.603107854799259,1.5489073166520182,1.5451860902595005,1.5451860902595005,1.544553901252929,True,0.8547832107398489,1.5698391452992015,1.5490496527575888,1.5465174178282344,1.5465174178282344,1.5302107350747576,True,0.13441509602550558,1.393183996638038,1.5490404812743386,1.5490404812743386,1.5490404812743386,1.5490404812743386,False,0.0
PM25,0,2023-04-06,1.4594782357163913,1.4422018460047643,1.439698527536135,1.439698527536135,1.438698791939833,True,0.7146102864040512,1.4340885444548208,1.452180090948404,1.4524331873695435,1.4524331873695435,1.4530663169789577,True,0.28558901726402514,1.4587763774324811,1.4522030566792168,1.4522030566792168,1.4522030566792168,1.4522030566792168,False,0.0
PM25,0,2023-05-06,1.4042426385367648,1.457161453485864,1.4522309735866934,1.4522309735866934,1.4465085888072442,True,0.4628313648878013,1.4206565438560534,1.443569831802721,1.4400427544832088,1.4400427544832088,1.4283181402373122,True,0.231258106970358,1.2685478762295495,1.4435911097232292,1.4435911097232292,1.4435911097232292,1.4435911097232292,False,0.0
PM25,0,2023-06-05,1.3360967278896545,1.3372043953614365,1.3294778203732458,1.3294778203732458,1.3212558457522228,True,0.4844688186395891,1.442451018331973,1.4086442906292718,1.4048526961171535,1.4048526961171535,1.4016108909080915,True,0.5390841786939,1.4579297829252615,1.4085809886271365,1.4069426733900454,1.4069426733900454,1.3980979212054678,True,0.1562820471520354
PM25,0,2023-07-05,1.4340885444548208,1.4387682497696774,1.4400937870255148,1.4400937870255148,1.4424320989645771,True,0.36178815920771956,1.4750164992313541,1.4282396846658612,1.4295185144367497,1.4295185144367497,1.430774408020635,True,0.5045243965105922,1.475142422930009,1.4282417186624774,1.4332890513396277,1.4332890513396277,1.4337372576930116,True,0.9184417850744467
PM25,0,2023-08-04,1.4898390055937112,1.4553921813808781,1.4553943110561556,1.4553943110561556,1.4553968347585173,True,0.4576622493220062,1.3845085781474984,1.4366317304653309,1.4359013059749293,1.4359013059749293,1.4333147353739606,True,0.22020668414674066,1.3873757774861213,1.4366469657437104,1.43705019430502,1.43705019430502,1.442967378671634,True,0.06379781921022569
PM25,0,2023-09-03,1.4042426385367648,1.4123798301256278,1.4138489241039252,1.4138489241039252,1.4138940443830268,True,0.9702021831578929,1.3967432772263064,1.4366176383630143,1.4374631078023943,1.4374631078023943,1.4390909368609797,True,0.341838819728176,1.3758494904019196,1.4365975414844638,1.4374207322897874,1.4374207322897874,1.4406754811246252,True,0.2018643918159935
PM25,0,2023-10-03,1.5450554418332092,1.3927076754051921,1.4046178607131918,1.4046178607131918,1.4110021957406462,True,0.651024737987708,1.3040971345849757,1.4283578978208349,1.429022919098613,1.429022919098613,1.430426815929461,True,0.32143431632466885,1.4619779540530191,1.428312269343791,1.4292374568307358,1.4292374568307358,1.4411742114856456,True,0.07193217608514303
PM25,0,2023-11-02,1.3615160291180508,1.4505814862981394,1.4624554336064233,1.4624554336064233,1.4624554336064233,True,1.0,1.5200210968074948,1.462869950122497,1.471365591148339,1.471365591148339,1.4771493007964858,True,0.5949598983739185,1.5719100917661826,1.4628403407848205,1.464334526987146,1.464334526987146,1.467607034057489,True,0.31346388719679164
PM25,0,2023-12-02,1.6154195198148185,1.5169294298468448,1.5277181503315602,1.5277181503315602,1.5277181503315602,True,1.0,1.488126687518597,1.475932686562004,1.4769202316280807,1.4769202316280807,1.4770210055989426,True,0.9074040171665848,,,,,,,
PM25,180,2021-07-15,1.4880117817934024,1.4725729992354268,1.4717049092205083,1.4717049092205083,1.4688611737257256,True,0.2338714502203176,1.5275788606814098,1.452454018767174,1.452454018767174,1.452454018767174,1.452454018767174,False,0.0,1.4473825887483411,1.4524732410864896,1.4520781535591318,1.4520781535591318,1.4518089192634958,True,0.5947230900488544
PM25,180,2021-08-14,1.426476871553294,1.4671019941062842,1.4731325825605273,1.4731325825605273,1.473848932521463,True,0.8938259226845456,1.4701483298835283,1.488529353463206,1.488529353463206,1.488529353463206,1.488529353463206,False,0.0,1.5202924108756681,1.4885069315143573,1.4885069315143573,1.4885069315143573,1.4885069315143573,False,0.0
PM25,180,2021-09-13,1.4788697137997888,1.4807578214143713,1.4807578214143713,1.4807578214143713,1.4807578214143713,False,0.0,1.3412368152463554,1.4515120711233174,1.4515120711233174,1.4515120711233174,1.4515120711233174,False,0.0,1.5545119118748696,1.451540114115304,1.45460726934054,1.45460726934054,1.46619070720414,True,0.20935365596723265
PM25,180,2021-10-13,1.5560053535249954,1.517498602327594,1.517498602327594,1.517498602327594,1.517498602327594,False,0.0,1.5543067693939974,1.4804364982430576,1.4811183439824303,1.4811183439824303,1.483090883896811,True,0.25687515994841914,1.5900590486693391,1.480474691226947,1.480474691226947,1.480474691226947,1.480474691226947,False,0.0
PM25,180,2021-11-12,1.6686243324412877,1.5780149942233719,1.577640592499143,1.577640592499143,1.5759429347803673,True,0.18069062907090996,1.5433411027801816,1.546899204850652,1.5611609907604687,1.5611609907604687,1.5611609907604687,True,1.0,1.4657846494359792,1.5469351309045587,1.545205366263934,1.545205366263934,1.545205366263934,True,1.0
PM25,180,2021-12-12,1.3867182767200665,1.4908083578653373,1.4908083578653373,1.4908083578653373,1.4908083578653373,False,0.0,1.5776769025868556,1.5204727927195336,1.5303568254908246,1.5303568254908246,1.5309115377875646,True,0.946860250621614,1.4368717313595831,1.520441289576802,1.5224068663564092,1.5224068663564092,1.5224068663564092,True,1.0
PM25,180,2022-01-11,1.486043801159876,1.4714694847749377,1.471579982297328,1.471579982297328,1.4738880645614114,True,0.04568694529252475,1.5463802165068705,1.488004715293764,1.469582542028314,1.469582542028314,1.4658528271510791,True,0.8316299336105781,1.4747643213685016,1.4879913443329573,1.486327892190269,1.486327892190269,1.4855456051621705,True,0.6801429042629077
PM25,180,2022-02-10,1.6021006574556473,1.5049110731781405,1.5039391152462733,1.5039391152462733,1.5013203138980915,True,0.27068312188666227,1.6931961950980228,1.5243609205279764,1.5226051753683987,1.5226051753683987,1.5199260219549855,True,0.3958929681662525,1.45112830038359,1.5243430525112411,1.5168629688350361,1.5168629688350361,1.5102283946038844,True,0.5299514678500554
PM25,180,2022-03-12,1.4899524146928862,1.4797432620563644,1.4797432620563644,1.4797432620563644,1.4797432620563644,False,0.0,1.4937541096245024,1.5071854762283659,1.5071854762283659,1.5071854762283659,1.5071854762283659,False,0.0,1.3266058448775329,1.507157441915306,1.5046321154334483,1.5046321154334483,1.4919174528049846,True,0.16570395579530067
PM25,180,2022-04-11,1.2780143102368318,1.4080441469687388,1.3912176432130958,1.3912176432130958,1.3912176432130958,True,1.0,1.4044407884990031,1.469773213945909,1.4679680526925731,1.4679680526925731,1.4613487949609305,True,0.21427724054971956,1.3684600776105063,1.4697136162885787,1.4602836588110464,1.4602836588110464,1.4503988787031545,True,0.48822602097626167
PM25,180,2022-05-11,1.3713566298903974,1.4056067129513414,1.407507274512794,1.407507274512794,1.407507274512794,True,1.0,1.449191973729008,1.420806345928298,1.4138532379746755,1.4138532379746755,1.4105149230050857,True,0.6756216322564935,1.4319266942001012,1.4207951390167204,1.4146513485056345,1.4146513485056345,1.4131919250298246,True,0.8080517688539074
PM25,180,2022-06-10,1.4199366573050316,1.4272396900713162,1.4266701074130959,1.4266701074130959,1.4266701074130959,True,1.0,1.468708163966802,1.4211421533819402,1.4136782524424936,1.4136782524424936,1.4132305078208676,True,0.9434068907448009,1.4204768699803956,1.421148721503455,1.4173271110832684,1.4173271110832684,1.4163709701088207,True,0.7998763653710433
PM25,180,2022-07-10,1.426303543165646,1.43052727408493,1.4262452827146541,1.4262452827146541,1.4262452827146541,True,1.0,1.432928132322783,1.4370493791467103,1.4419700918763776,1.4419700918763776,1.4419700918763776,True,1.0,1.4134989595854557,1.437043375569878,1.4317625748251233,1.4317625748251233,1.4290537373184227,True,0.6609561758059376
PM25,180,2022-08-09,1.4485912143604445,1.4156260709004653,1.4251016497074043,1.4251016497074043,1.4251016497074043,True,1.0,1.4488918885631659,1.4207463983800497,1.4270408165267945,1.4270408165267945,1.4270408165267945,True,1.0,1.4676517926007628,1.4207405159409832,1.423316447032185,1.423316447032185,1.425061132234847,True,0.5961952915976848
PM25,180,2022-09-08,1.5230628725580182,1.4593670063356055,1.4600517004808886,1.4600517004808886,1.4655535221536349,True,0.11067524361414718,1.371595921773682,1.4514414373011566,1.453333728288227,1.453333728288227,1.4654949947339697,True,0.1346485397819816,1.4813016573916815,1.4514495297116181,1.4519184350877432,1.4519184350877432,1.453543427395509,True,0.2239390108373549
PM25,180,2022-10-08,1.4598977750329798,1.445028181559289,1.445028181559289,1.445028181559289,1.445028181559289,False,0.0,1.4980962321399005,1.4155911253566624,1.4155911253566624,1.4155911253566624,1.4155911253566624,False,0.0,1.5165341101630527,1.4156200658427893,1.4156200658427893,1.4156200658427893,1.4156200658427893,False,0.0
PM25,180,2022-11-07,1.4736240365951496,1.5241462200601321,1.5241462200601321,1.5241462200601321,1.5241462200601321,False,0.0,1.6084100631201108,1.5371605995613051,1.5371605995613051,1.5371605995613051,1.5371605995613051,False,0.0,1.4184872916238769,1.5371460955752547,1.532753141527733,1.532753141527733,1.5296109826764748,True,0.5829977740921468
PM25,180,2022-12-07,1.4858104464327762,1.4507782910028995,1.4507782910028995,1.4507782910028995,1.4507782910028995,False,0.0,1.4950712560897952,1.488397550525625,1.488397550525625,1.488397550525625,1.488397550525625,False,0.0,1.5590014932765919,1.488357712474645,1.491029741040603,1.491029741040603,1.4941818105531706,True,0.458788387477606
PM25,180,2023-01-06,1.384952753880765,1.56413498331942,1.56413498331942,1.56413498331942,1.56413498331942,False,0.0,1.4487416252109044,1.573033455709115,1.573033455709115,1.573033455709115,1.573033455709115,False,0.0,1.506685709124831,1.573023524280974,1.5709946226981122,1.5709946226981122,1.5647650659906407,True,0.24567558635451595
PM25,180,2023-02-05,1.4054280571996491,1.5059934260552201,1.5060365209894686,1.5060365209894686,1.506061370888043,True,0.6342635997155495,1.627143112320542,1.4970337396801119,1.4972913053606203,1.4972913053606203,1.5017083032035805,True,0.05509940750943766,1.559983156204915,1.4970446475924237,1.4970446475924237,1.4970446475924237,1.4970446475924237,False,0.0
PM25,180,2023-03-07,1.603107854799259,1.5494522919922056,1.546499983269154,1.546499983269154,1.5443428796913898,True,0.5778176724121964,1.5698391452992015,1.548229058506977,1.5467730102650408,1.5467730102650408,1.5292037127027087,True,0.07653202506361664,1.393183996638038,1.5482284304733671,1.5482284304733671,1.5482284304733671,1.5482284304733671,False,0.0
PM25,180,2023-04-06,1.4594782357163913,1.4405287449382407,1.4399504420008062,1.4399504420008062,1.4387809699676186,True,0.33087951661689746,1.4340885444548208,1.4556462320288766,1.4554816613168593,1.4554816613168593,1.454992658054597,True,0.2518012015374915,1.4587763774324811,1.4556371953325768,1.4556371953325768,1.4556371953325768,1.4556371953325768,False,0.0
PM25,180,2023-05-06,1.4042426385367648,1.4570948939667647,1.456378855673491,1.456378855673491,1.4470474434425908,True,0.07126566998773712,1.4206565438560534,1.4450578143347241,1.4422803971848404,1.4422803971848404,1.429488062807686,True,0.1783854511140071,1.2685478762295495,1.4450723163566703,1.4450723163566703,1.4450723163566703,1.4450723163566703,False,0.0
PM25,180,2023-06-05,1.3360967278896545,1.3372398183850756,1.3332381000486888,1.3332381000486888,1.3222480167935082,True,0.2669271142594194,1.442451018331973,1.4097787696897917,1.406286693900336,1.406286693900336,1.4028038962771674,True,0.5006651135969147,,,,,,,
PM25,360,2021-01-16,1.513903394611469,1.5398112355904727,1.5375990741743681,1.5375990741743681,1.5342840467259125,True,0.40023264453448554,1.6736130548703674,1.5130189874973872,1.5137975942793973,1.5137975942793973,1.5139788764698414,True,0.811142542891588,1.4922013428882466,1.5130255563818624,1.5130255563818624,1.5130255563818624,1.5130255563818624,False,0.0
PM25,360,2021-02-15,1.5202924108756681,1.507550789935463,1.507550789935463,1.507550789935463,1.507550789935463,False,0.0,1.5949902527638153,1.5060493196480214,1.5106595325831664,1.5106595325831664,1.5112180599401688,True,0.8919412999235379,1.4868574989179806,1.5060615814610847,1.5060615814610847,1.5060615814610847,1.5060615814610847,False,0.0
PM25,360,2021-03-17,1.3916967553944477,1.5125732700392127,1.5125732700392127,1.5125732700392127,1.5125732700392127,False,0.0,1.4302434964337392,1.537471073375601,1.538461596151301,1.538461596151301,1.5389647748736193,True,0.6631330135333361,1.3630264540503045,1.5374591726279192,1.5374591726279192,1.5374591726279192,1.5374591726279192,False,0.0
PM25,360,2021-04-16,1.4290546038329561,1.421335565425162,1.422029381051682,1.422029381051682,1.4252335754986643,True,0.17799226103499668,1.573770200281264,1.4823918452706777,1.458327877897322,1.458327877897322,1.4546534952469392,True,0.8675342027467913,1.4016453078743158,1.482359414665269,1.4836370493994084,1.4836370493994084,1.4925645663869263,True,0.12519507489810902
PM25,360,2021-05-16,1.4332605463060726,1.4390272922174454,1.4378871738261962,1.4378871738261962,1.43588373655171,True,0.36268433343692436,1.3756158148673485,1.4582303754618418,1.4585763772414495,1.4585763772414495,1.4594976859275042,True,0.27302053362820605,1.2795519715388317,1.458233183313033,1.4577214297138177,1.4577214297138177,1.4506766872242272,True,0.06772366361354201
PM25,360,2021-06-15,1.2681442282930877,1.3366524228143013,1.3363840666046232,1.3363840666046232,1.3359591552483454,True,0.38708894351363776,1.424910162659891,1.3873047442807809,1.3863864551448866,1.3863864551448866,1.3771488777088794,True,0.09041957467568067,1.5001113088351776,1.3872838011534512,1.3867605898668165,1.3867605898668165,1.3815492833319019,True,0.09123893288266702
PM25,360,2021-07-15,1.4880117817934024,1.4724869451169862,1.4710804357751115,1.4710804357751115,1.4687381265599928,True,0.3751873611623226,1.5275788606814098,1.4556785125478127,1.4556785125478127,1.4556785125478127,1.4556785125478127,False,0.0,1.4473825887483411,1.4556795358142824,1.4558074714685365,1.4558074714685365,1.4558855889558535,True,0.620886695920084
PM25,360,2021-08-14,1.426476871553294,1.4687099018231922,1.4753201435463617,1.4753201435463617,1.4755746973305106,True,0.9629189560158534,1.4701483298835283,1.4891326273044094,1.4891326273044094,1.4891326273044094,1.4891326273044094,False,0.0,1.5202924108756681,1.4891230251649863,1.4891230251649863,1.4891230251649863,1.4891230251649863,False,0.0
PM25,360,2021-09-13,1.4788697137997888,1.4772034814798434,1.4772034814798434,1.4772034814798434,1.4772034814798434,False,0.0,1.3412368152463554,1.4505685377027984,1.4505685377027984,1.4505685377027984,1.4505685377027984,False,0.0,1.5545119118748696,1.4505706271863459,1.4532262338657096,1.4532262338657096,1.4644510605389267,True,0.19132015636023877
PM25,360,2021-10-13,1.5560053535249954,1.5163307323081163,1.5163307323081163,1.5163307323081163,1.5163307323081163,False,0.0,1.5543067693939974,1.4824824155452054,1.4831751740630337,1.4831751740630337,1.484795345287202,True,0.2995155906595897,1.5900590486693391,1.482496394415942,1.482496394415942,1.482496394415942,1.482496394415942,False,0.0
PM25,360,2021-11-12,1.6686243324412877,1.5793733196680482,1.5787865236675984,1.5787865236675984,1.5750455567158281,True,0.1355887572697783,1.5433411027801816,1.5492646278349718,1.5636202366937024,1.5636202366937024,1.5636202366937024,True,1.0,1.4657846494359792,1.5492929623142282,1.547643524318296,1.547643524318296,1.547643524318296,True,1.0
PM25,360,2021-12-12,1.3867182767200665,1.4909961510443042,1.4909961510443042,1.4909961510443042,1.4909961510443042,False,0.0,1.5776769025868556,1.5183850255203144,1.5288597912147968,1.5288597912147968,1.5290150178457251,True,0.9853972960491029,1.4368717313595831,1.5183698321363408,1.5197551150989097,1.5197551150989097,1.5197551150989097,True,1.0
PM25,360,2022-01-11,1.486043801159876,1.472667913003865,1.472667913003865,1.472667913003865,1.472667913003865,False,0.0,1.5463802165068705,1.4852072572712671,1.4667155937357899,1.4667155937357899,1.4633358494725064,True,0.8454720293096556,1.4747643213685016,1.4852168684346339,1.483360379015358,1.483360379015358,1.4823005270124952,True,0.6365816447905556
PM25,360,2022-02-10,1.6021006574556473,1.5080241053114603,1.5080241053114603,1.5080241053114603,1.5080241053114603,False,0.0,1.6931961950980228,1.5255654673232961,1.5238524903841675,1.5238524903841675,1.5202000941621245,True,0.31926520069940345,1.45112830038359,1.525567426049442,1.5195006183701032,1.5195006183701032,1.512140348172064,True,0.45183380440208387
PM25,360,2022-03-12,1.4899524146928862,1.4802250827770163,1.4802250827770163,1.4802250827770163,1.4802250827770163,False,0.0,1.4937541096245024,1.5048517345083492,1.5048517345083492,1.5048517345083492,1.5048517345083492,False,0.0,1.3266058448775329,1.5048424641527502,1.5032742804959205,1.5032742804959205,1.4902633847915498,True,0.10756397012305792
PM25,360,2022-04-11,1.2780143102368318,1.4108855946285173,1.39189774091577,1.39189774091577,1.39189774091577,True,1.0,1.4044407884990031,1.464553943255851,1.463478053646457,1.463478053646457,1.458167679667732,True,0.1684693396300523,1.3684600776105063,1.464547996159337,1.4553628427975573,1.4553628427975573,1.4453931244256821,True,0.47952048384858004
PM25,360,2022-05-11,1.3713566298903974,1.4060381496537018,1.4074606434335157,1.4074606434335157,1.4074606434335157,True,1.0,1.449191973729008,1.4162696424403631,1.4110583203853158,1.4110583203853158,1.4077643259469972,True,0.6127134785768696,1.4319266942001012,1.416283202110431,1.4102082204706066,1.4102082204706066,1.4085784481076267,True,0.788471849667518
PM25,360,2022-06-10,1.4199366573050316,1.4272568202561318,1.426331304654298,1.426331304654298,1.426331304654298,True,1.0,1.468708163966802,1.4215862108022048,1.413880735404391,1.413880735404391,1.413222603585052,True,0.921310051721529,1.4204768699803956,1.4215897320938162,1.4174795937520652,1.4174795937520652,1.4164125237982934,True,0.793890859153846
PM25,360,2022-07-10,1.426303543165646,1.431937268703949,1.4270597873031399,1.4270597873031399,1.4270597873031399,True,1.0,1.432928132322783,1.4380553786238846,1.4426980826634703,1.4426980826634703,1.4426980826634703,True,1.0,1.4134989595854557,1.4380559661530639,1.432770079744086,1.432770079744086,1.4300227549046354,True,0.6580041586746237
PM25,360,2022-08-09,1.4485912143604445,1.4153292686064498,1.425705785282386,1.425705785282386,1.425705785282386,True,1.0,1.4488918885631659,1.4202146449027249,1.4265202349693125,1.4265202349693125,1.4265202349693125,True,1.0,1.4676517926007628,1.4202101132987277,1.422491995289755,1.422491995289755,1.4242137765783018,True,0.5699485275569751
PM25,360,2022-09-08,1.5230628725580182,1.459080672466491,1.4594816301473896,1.4594816301473896,1.465347106749871,True,0.06398498137320302,1.371595921773682,1.4518806686112058,1.4537758069598778,1.4537758069598778,1.4661083133994115,True,0.1332011289910061,1.4813016573916815,1.4518833350972729,1.4521769651233556,1.4521769651233556,1.4533471302696213,True,0.2005950228758209
PM25,360,2022-10-08,1.4598977750329798,1.4420396563303877,1.4420396563303877,1.4420396563303877,1.4420396563303877,False,0.0,1.4980962321399005,1.4150144643592206,1.4150144643592206,1.4150144643592206,1.4150144643592206,False,0.0,1.5165341101630527,1.4150196297804356,1.4150196297804356,1.4150196297804356,1.4150196297804356,False,0.0
PM25,360,2022-11-07,1.4736240365951496,1.5272453829618153,1.5272453829618153,1.5272453829618153,1.5272453829618153,False,0.0,1.6084100631201108,1.5416810688938054,1.5416810688938054,1.5416810688938054,1.5416810688938054,False,0.0,1.4184872916238769,1.541671300863559,1.5377731468692817,1.5377731468692817,1.5341550871959184,True,0.5186326741960511
PM25,360,2022-12-07,1.4858104464327762,1.4503659665339679,1.4503659665339679,1.4503659665339679,1.4503659665339679,False,0.0,1.4950712560897952,1.4846055697997353,1.4846055697997353,1.4846055697997353,1.4846055697997353,False,0.0,,,,,,,
