horizon,model,rmse,mae,mape,n,dm_p_vs_sarima,delta_pct_vs_sarima,delta_pct_vs_bilstm,dm_p_vs_bilstm
1,SARIMA,0.5950976656191922,0.4847154242964223,6.505728633306451,24,,0.0,0.6128257271061736,0.7732103390994163
1,SARIMA+BiLSTM(paper),0.5914729671078769,0.47780074926248844,6.379061024571516,24,0.7732103390994163,-0.6090930482047596,0.0,
1,resep_kita,0.5744549854090626,0.4605716365237497,6.177841207327886,24,0.2761150251490294,-3.4687886380214814,-2.877220540108039,0.40699565853484954
1,koreksi_penuh,0.5713109752865284,0.4588633234290369,6.129549859270594,24,0.370358788879281,-3.9971069804002695,-3.4087765532099454,0.4123283264601709
7,SARIMA,0.7544754370518413,0.5691380588746724,7.468966697965611,24,,0.0,-0.7692541770369609,0.6835356930223844
7,SARIMA+BiLSTM(paper),0.7603242632055757,0.5835033147845041,7.631828869797667,24,0.6835356930223844,0.7752175705797703,0.0,
7,resep_kita,0.8041965493631141,0.6027218749603185,7.959338005280353,24,0.07991559791728986,6.590156533864261,5.770207302417274,0.04848490970513697
7,koreksi_penuh,0.812744542970885,0.6067601945205597,8.024976147294346,24,0.12232974904358951,7.723128289866381,6.894463625861699,0.10111654638632106
30,SARIMA,0.6087059157751358,0.541516331533121,7.141019388302918,23,,0.0,-3.218353987138721,0.6443448616663412
30,SARIMA+BiLSTM(paper),0.6289476784619318,0.5546548743200499,7.293121395072354,23,0.6443448616663412,3.325376370134307,0.0,
30,resep_kita,0.5981097078443842,0.5223191499290573,6.886385924010807,23,0.7785144565812718,-1.7407762362976507,-4.903105882028323,0.6183283518579912
30,koreksi_penuh,0.5986677945502092,0.5174361863931043,6.829809640045363,23,0.2559047172791189,-1.6490921091417077,-4.814372474634276,0.6982509235837804
