variant,target,horizon,arm,rmse,mae,mape,n,n_folds
A_paper_s12,NO2,1,SARIMA,0.6452595704778641,0.5381224822943262,7.167522231428164,72,3
A_paper_s12,NO2,1,resep,0.6166314441270117,0.5157969252653906,6.863593416074304,72,3
A_paper_s12,NO2,7,SARIMA,0.8921271775736714,0.656524744802786,8.626822078355914,72,3
A_paper_s12,NO2,7,resep,0.9148921855384547,0.6759368701662775,8.87625850777951,72,3
A_paper_s12,NO2,30,SARIMA,0.7044674187074594,0.5881272518698827,7.684533955058343,69,3
A_paper_s12,NO2,30,resep,0.6993375030647359,0.5731628708999439,7.475237011804632,69,3
B_mingguan_s7,NO2,1,SARIMA,0.5800444201804552,0.4816221266209912,6.398639079203488,72,3
B_mingguan_s7,NO2,1,resep,0.5728982348016325,0.47696982806712246,6.324461741916099,72,3
B_mingguan_s7,NO2,7,SARIMA,0.8597618917363703,0.6489875686847516,8.501915755371066,72,3
B_mingguan_s7,NO2,7,resep,0.8697896011086304,0.6514346467873531,8.532060699907124,72,3
B_mingguan_s7,NO2,30,SARIMA,0.6675918652979078,0.5111807551992016,6.659761911016908,69,3
B_mingguan_s7,NO2,30,resep,0.6636184010803887,0.5069045585109158,6.6098252046330686,69,3
C_paper_fourier,NO2,1,SARIMA,0.5991046481937694,0.49597373946361883,6.588094100176511,72,3
C_paper_fourier,NO2,1,resep,0.5618280791533866,0.46708412451339476,6.186455524551797,72,3
C_paper_fourier,NO2,7,SARIMA,0.8679871721317207,0.6530375778865586,8.575566128348594,72,3
C_paper_fourier,NO2,7,resep,0.8810234448321959,0.6655893662322833,8.739964750748792,72,3
C_paper_fourier,NO2,30,SARIMA,0.641972367177824,0.516917686906751,6.739581993010349,69,3
C_paper_fourier,NO2,30,resep,0.625926359264269,0.4915194748944646,6.411507275029189,69,3
A_paper_s12,PM10,1,SARIMA,0.11777304159033467,0.08769361567129588,4.3409238956595875,72,3
A_paper_s12,PM10,1,resep,0.11222864568441154,0.08464769295127249,4.181604952216911,72,3
A_paper_s12,PM10,7,SARIMA,0.15237640395162055,0.10803548048321017,5.20696815045345,72,3
A_paper_s12,PM10,7,resep,0.14779871879714906,0.10768847809144008,5.189112906550431,72,3
A_paper_s12,PM10,30,SARIMA,0.15029780582982963,0.11711546555612282,5.873301793752266,69,3
A_paper_s12,PM10,30,resep,0.1496858008867783,0.11688622270444694,5.859736760126497,69,3
B_mingguan_s7,PM10,1,SARIMA,0.11549870926777032,0.08562108476188705,4.247232541046788,72,3
B_mingguan_s7,PM10,1,resep,0.11145124409839746,0.08430102093349662,4.172067495078544,72,3
B_mingguan_s7,PM10,7,SARIMA,0.15042354360660626,0.10869448378406013,5.226544793969323,72,3
B_mingguan_s7,PM10,7,resep,0.14709508631625423,0.10858226232503866,5.218254484387405,72,3
B_mingguan_s7,PM10,30,SARIMA,0.15408749508174086,0.11972866692238718,5.997229846363594,69,3
B_mingguan_s7,PM10,30,resep,0.15312911385000919,0.11918811170524012,5.968936479845792,69,3
C_paper_fourier,PM10,1,SARIMA,0.118453022025444,0.08540307538926672,4.239355524515443,72,3
C_paper_fourier,PM10,1,resep,0.11209118462970356,0.08155086446188745,4.043049916227029,72,3
C_paper_fourier,PM10,7,SARIMA,0.15292674541896592,0.10863039043507147,5.227229163804217,72,3
C_paper_fourier,PM10,7,resep,0.14813318176928464,0.10934691610771105,5.25076969570679,72,3
C_paper_fourier,PM10,30,SARIMA,0.15206474536155082,0.11946377387955315,5.981020321986305,69,3
C_paper_fourier,PM10,30,resep,0.1508661233280281,0.11813051979731393,5.90721391441777,69,3
A_paper_s12,PM25,1,SARIMA,0.06628192764325384,0.04892530183163019,3.3863587707644798,72,3
A_paper_s12,PM25,1,resep,0.06454379326790823,0.04779441723664221,3.3037040604729535,72,3
A_paper_s12,PM25,7,SARIMA,0.07313360503701467,0.0590075947784786,3.9247231810762284,72,3
A_paper_s12,PM25,7,resep,0.07450491161311487,0.06068021875748902,4.035007641885229,72,3
A_paper_s12,PM25,30,SARIMA,0.0890318595831114,0.07171610358243834,5.037457210364938,69,3
A_paper_s12,PM25,30,resep,0.08771150370524103,0.07046937573406727,4.950421426892286,69,3
B_mingguan_s7,PM25,1,SARIMA,0.06629022286798655,0.048983539611247406,3.390020000138934,72,3
B_mingguan_s7,PM25,1,resep,0.0646797578105673,0.04790570528593197,3.3107087162606907,72,3
B_mingguan_s7,PM25,7,SARIMA,0.07309757697737333,0.058991786003983804,3.9235356810663506,72,3
B_mingguan_s7,PM25,7,resep,0.07441599189117298,0.060633941687801646,4.031901570831926,72,3
B_mingguan_s7,PM25,30,SARIMA,0.08896104489805076,0.07169196063948131,5.03535748541855,69,3
B_mingguan_s7,PM25,30,resep,0.08770742227815236,0.07050560309464358,4.952392356471187,69,3
C_paper_fourier,PM25,1,SARIMA,0.06745443025580791,0.05029196947167228,3.479385744742082,72,3
C_paper_fourier,PM25,1,resep,0.06423494901137626,0.047771767909886215,3.300948785640803,72,3
C_paper_fourier,PM25,7,SARIMA,0.07397742685284,0.059149897409152,3.9319154548312487,72,3
C_paper_fourier,PM25,7,resep,0.07537942558000173,0.061691693062141645,4.0991585963912645,72,3
C_paper_fourier,PM25,30,SARIMA,0.08999001875021091,0.07254925694693849,5.098787001755692,69,3
C_paper_fourier,PM25,30,resep,0.0865692172203616,0.06977781663645363,4.9003519839913485,69,3
