variant,feature,fold,origin_date,actual_h1,sarima_h1,recipe_h1,actual_h7,sarima_h7,recipe_h7,actual_h30,sarima_h30,recipe_h30
A_paper_s12,NO2,0,2022-01-11,6.562873902637556,7.343543515312659,7.332869224310625,6.740907379165658,7.368186476306653,7.460032277111034,8.093440595503724,7.3682796660318575,7.383212479262513
A_paper_s12,NO2,0,2022-02-10,8.395700596545284,7.828180640522305,7.956335422772992,9.74701625977252,7.6003313883330765,7.604305061074509,7.750211611491847,7.599121352308895,7.5793262659909635
A_paper_s12,NO2,0,2022-03-12,7.197590244974486,7.711682141499649,7.6235243701820545,8.15699129245089,7.770864756726039,7.806112775344594,7.206855871908678,7.771192654706089,7.745999740989377
A_paper_s12,NO2,0,2022-04-11,6.830001775590331,7.355079081800257,7.336324123852485,6.595640082654809,7.3265270335498105,7.028280402860955,8.093440595503724,7.326352434227139,7.320192399586552
A_paper_s12,NO2,0,2022-05-11,7.008978800178157,7.71854217595703,7.821683714798754,7.310358764767277,7.620602346066321,7.793455687140358,8.159914086832428,7.620115238370957,7.620115238370957
A_paper_s12,NO2,0,2022-06-10,7.7565559772981345,7.581064764740524,7.735272815934115,6.994830089875532,7.384192165619031,7.483545300535771,6.5792879088927,7.383190893393399,7.383190893393399
A_paper_s12,NO2,0,2022-07-10,5.785937036225244,6.7297277792288925,6.683094801761515,7.029009164902778,7.035215096624275,6.9796688519711365,8.077426293968285,7.036863417574802,7.027105167211551
A_paper_s12,NO2,0,2022-08-09,8.503912157328378,8.04626905904031,8.074221085549526,6.1369538739044565,7.812295929965306,8.120928083770474,8.298258155074734,7.811022838494339,7.901986276521906
A_paper_s12,NO2,0,2022-09-08,7.89223500973639,8.010680885320596,8.150690672172377,7.180435415039061,8.017895472951666,8.27158711196752,8.671121706977779,8.017971249974527,7.9708547081096075
A_paper_s12,NO2,0,2022-10-08,8.066126156376194,7.923126918332868,7.964491027311092,8.092848385922776,7.489261143746045,7.434176542849417,6.807506593785511,7.48698776208646,7.296389566198976
A_paper_s12,NO2,0,2022-11-07,8.05360672242779,7.7235531105280915,7.492918234304858,8.161082729900984,8.216200833954534,7.778043436559189,7.7590914060747025,8.218773779149934,8.095108787706945
A_paper_s12,NO2,0,2022-12-07,7.594083295757286,7.6762840126701635,7.616321230446517,7.866886243140725,7.642451416232893,7.784367851054288,7.35471190214614,7.642277237680647,7.695229551431093
A_paper_s12,NO2,0,2023-01-06,7.957781100758424,7.594711539354658,7.582184233274985,7.691450664306726,7.955879439885212,7.942248790655447,7.6124089421421735,7.957820331946275,7.908469651472985
A_paper_s12,NO2,0,2023-02-05,7.394547200719486,7.783223871368009,7.68475154120648,7.88729916379129,7.93106882872933,7.823573648268092,7.880504275465511,7.931854152147829,7.871931775340612
A_paper_s12,NO2,0,2023-03-07,8.822392716870349,7.8965925137457855,7.888914113866609,8.110584297131764,7.914951221415908,8.049955133086154,6.634636389701339,7.9150493876752925,7.955855140834054
A_paper_s12,NO2,0,2023-04-06,6.2027985042246785,7.368218939637237,7.252712224613724,8.286872394110299,7.728686250547029,7.815918437227462,8.17916213556961,7.730560844518473,7.740232369710153
A_paper_s12,NO2,0,2023-05-06,7.759725056674388,7.804780945867737,7.907393758235921,8.642469103374994,7.640781157293071,7.662144398619835,6.99781244315565,7.639933426110269,7.628775730079376
A_paper_s12,NO2,0,2023-06-05,7.658566333845242,7.708363483245673,7.564167237828944,7.173268674419285,7.890415632103534,7.552680046081168,8.2731757980059,7.891319343817045,7.9674093045126515
A_paper_s12,NO2,0,2023-07-05,8.172754279870441,7.677237475053674,8.041340614782257,8.216861676866067,7.458463142255133,7.6787722331195605,8.109403853241847,7.457344492455303,7.455923105131138
A_paper_s12,NO2,0,2023-08-04,8.872553787906295,7.797635095459376,7.740132195103761,8.069102354552237,7.451140124461989,7.494016453509145,7.547959693320663,7.449288401893455,7.468607267544391
A_paper_s12,NO2,0,2023-09-03,7.2824223977958775,7.677828432742033,7.604996600719562,8.189049209212774,7.829524768505048,7.573118030100581,7.413657790021476,7.830336295587873,7.838978465646036
A_paper_s12,NO2,0,2023-10-03,7.51273839959382,7.606866825617318,7.651601699739331,6.9377879275886825,7.75427680190469,8.071245630782379,7.360915465378349,7.755056916690315,7.780655154041475
A_paper_s12,NO2,0,2023-11-02,7.639117255535947,7.410581119226937,7.424703265295772,7.428619021933483,7.76106956403634,7.90783732692793,8.347492789249378,7.762976258313501,7.76304275313112
A_paper_s12,NO2,0,2023-12-02,8.876118772031369,7.8168212361442535,7.898818672130586,7.495364173908803,7.496269070435444,7.443527361385363,,,
A_paper_s12,NO2,180,2021-07-15,9.520688476537378,8.462159726685003,8.462159726685003,7.989928813753692,8.268543388140822,8.445877818565066,8.620075153170587,8.268299486837202,8.296157348811684
A_paper_s12,NO2,180,2021-08-14,7.874318941182931,8.352911118977655,8.38073183249427,9.1160881408998,8.443214923543566,8.412539394626913,8.398489502796979,8.444210347674895,8.446363395961315
A_paper_s12,NO2,180,2021-09-13,9.383192809623658,8.160603106453385,8.292965683187548,6.264094657671212,8.306092124417148,7.849576801697683,8.468276185899699,8.307460224728434,8.357030313811194
A_paper_s12,NO2,180,2021-10-13,7.966900693587252,8.247832741251813,8.299893654979897,8.821364096409576,8.15040354203049,8.502670185248682,9.499823155469459,8.149952104636437,8.02887313153656
A_paper_s12,NO2,180,2021-11-12,9.565783353106228,8.724164087293538,8.931415538146007,7.774276279973856,8.322893404718709,8.31934614254345,6.952116257650706,8.320872265255025,8.272811867641908
A_paper_s12,NO2,180,2021-12-12,6.264094657671212,7.40546066703045,7.197494645373461,7.7527503521035355,7.521941815479278,7.2942156559184745,7.017150003083341,7.522249260763112,7.516126948410478
A_paper_s12,NO2,180,2022-01-11,6.562873902637556,7.359544780707175,7.335712889997306,6.740907379165658,7.365164199079354,7.453978813345642,8.093440595503724,7.364786775163469,7.381542025562668
A_paper_s12,NO2,180,2022-02-10,8.395700596545284,7.829867448381963,7.9535762083230095,9.74701625977252,7.605140442356173,7.60335450293802,7.750211611491847,7.603799470682306,7.584570945346893
A_paper_s12,NO2,180,2022-03-12,7.197590244974486,7.706257832869669,7.623647885546457,8.15699129245089,7.771592160967129,7.806345359429698,7.206855871908678,7.77212958583293,7.742723006695627
A_paper_s12,NO2,180,2022-04-11,6.830001775590331,7.355077497901558,7.328040945220337,6.595640082654809,7.312933449996978,7.026811247631386,8.093440595503724,7.31244008754018,7.304721534349967
A_paper_s12,NO2,180,2022-05-11,7.008978800178157,7.706843044483658,7.836951515121532,7.310358764767277,7.627071976666344,7.788969979172315,8.159914086832428,7.626954591542598,7.626954591542598
A_paper_s12,NO2,180,2022-06-10,7.7565559772981345,7.55841405644737,7.751766224897972,6.994830089875532,7.384873049750812,7.484879549839599,6.5792879088927,7.384324533729876,7.384324533729876
A_paper_s12,NO2,180,2022-07-10,5.785937036225244,6.7144567306438505,6.663763680205316,7.029009164902778,7.028160787065463,6.9800003794932035,8.077426293968285,7.0303175480376865,7.016286814951665
A_paper_s12,NO2,180,2022-08-09,8.503912157328378,8.07278897402716,8.073742773691905,6.1369538739044565,7.82988499207251,8.123891799702992,8.298258155074734,7.82809258149391,7.9280214359100345
A_paper_s12,NO2,180,2022-09-08,7.89223500973639,7.995778834270832,8.15526893257322,7.180435415039061,8.021791357478383,8.274070918235394,8.671121706977779,8.022354087025787,7.976349648161709
A_paper_s12,NO2,180,2022-10-08,8.066126156376194,7.899773820188725,7.962404616102445,8.092848385922776,7.483660425465053,7.433811675232651,6.807506593785511,7.48152413749056,7.2896982720156105
A_paper_s12,NO2,180,2022-11-07,8.05360672242779,7.761052688890983,7.499892332687027,8.161082729900984,8.231248750955832,7.797033304151604,7.7590914060747025,8.233562409959948,8.096957112100215
A_paper_s12,NO2,180,2022-12-07,7.594083295757286,7.662443062680689,7.621378558801238,7.866886243140725,7.62878043260618,7.765486982732668,7.35471190214614,7.628649524382488,7.6906482448353675
A_paper_s12,NO2,180,2023-01-06,7.957781100758424,7.59203915466865,7.589691911955486,7.691450664306726,7.962110393971958,7.94731312671174,7.6124089421421735,7.964559389366934,7.914518810793845
A_paper_s12,NO2,180,2023-02-05,7.394547200719486,7.786188633473452,7.681597878098483,7.88729916379129,7.933152449377942,7.830071356706456,7.880504275465511,7.934027671446994,7.874304433022472
A_paper_s12,NO2,180,2023-03-07,8.822392716870349,7.891498179308442,7.887621216331087,8.110584297131764,7.908734920043377,8.037900472532119,6.634636389701339,7.908849059938097,7.955574412271658
A_paper_s12,NO2,180,2023-04-06,6.2027985042246785,7.386597089019643,7.247234770560042,8.286872394110299,7.723445099720881,7.811156858541707,8.17916213556961,7.725018355249248,7.7365893205142315
A_paper_s12,NO2,180,2023-05-06,7.759725056674388,7.791894968553881,7.912638994833701,8.642469103374994,7.640595131203413,7.6645750670217,6.99781244315565,7.639949077079878,7.6267200987806785
A_paper_s12,NO2,180,2023-06-05,7.658566333845242,7.744212221142548,7.545522746187791,7.173268674419285,7.895070829218116,7.5607972970839725,,,
A_paper_s12,NO2,360,2021-01-16,7.337436520132644,7.55408893214393,7.433753827790943,10.30818271059821,7.379513554619838,7.092055968986822,7.377418269703025,7.379189941509559,7.1588292587134505
A_paper_s12,NO2,360,2021-02-15,8.655222880014131,7.865497151228141,7.838125053840424,6.793486559756871,7.841352468128715,7.664611324703439,8.030872343289607,7.839595507688889,7.831385518061838
A_paper_s12,NO2,360,2021-03-17,7.6933780770528255,7.8912154533578756,7.878944399091087,7.628712163762233,7.950524186494241,8.041505961295579,6.3314584558905125,7.951503941818386,7.96228665578755
A_paper_s12,NO2,360,2021-04-16,6.60379315937762,7.51365316618131,7.513786877573343,8.086922434652134,8.001844006245339,8.015058304328214,8.252561501822269,8.002565057464027,7.994926756569024
A_paper_s12,NO2,360,2021-05-16,7.57371203295074,8.36238624856766,8.36238624856766,7.014922953789363,7.875038802326924,7.86148021456582,8.03626617944075,7.870256335337873,7.870256335337873
A_paper_s12,NO2,360,2021-06-15,7.378790886060054,8.205954771817268,8.205954771817268,7.482627274581741,7.832308021003368,8.052216786957661,9.43400040288019,7.828372096671983,7.828372096671983
A_paper_s12,NO2,360,2021-07-15,9.520688476537378,8.460200921533724,8.460200921533724,7.989928813753692,8.321009562598869,8.4778912308264,8.620075153170587,8.322809319043394,8.353428387329542
A_paper_s12,NO2,360,2021-08-14,7.874318941182931,8.344747844775302,8.384492437285848,9.1160881408998,8.459980313321385,8.414280387172472,8.398489502796979,8.461896453509533,8.463617788256675
A_paper_s12,NO2,360,2021-09-13,9.383192809623658,8.145652793562855,8.289872131242317,6.264094657671212,8.316989456280261,7.8445703594414455,8.468276185899699,8.319345510910972,8.367256063939905
A_paper_s12,NO2,360,2021-10-13,7.966900693587252,8.226224521739855,8.302317485847546,8.821364096409576,8.132488893818534,8.497109144766148,9.499823155469459,8.132397887222961,8.016111353812965
A_paper_s12,NO2,360,2021-11-12,9.565783353106228,8.713890859833533,8.92724494483303,7.774276279973856,8.334438943447864,8.334447160790017,6.952116257650706,8.33345980960565,8.284011357163005
A_paper_s12,NO2,360,2021-12-12,6.264094657671212,7.374017473241882,7.201486533444567,7.7527503521035355,7.460560359985136,7.252031035511592,7.017150003083341,7.460019467984022,7.452271802494551
A_paper_s12,NO2,360,2022-01-11,6.562873902637556,7.370259163781311,7.334746258490095,6.740907379165658,7.353734460219631,7.449563717712763,8.093440595503724,7.352471942954621,7.372836521880925
A_paper_s12,NO2,360,2022-02-10,8.395700596545284,7.844956494693043,7.95733940818446,9.74701625977252,7.624361690420293,7.614802836059115,7.750211611491847,7.623136075290056,7.606850542706228
A_paper_s12,NO2,360,2022-03-12,7.197590244974486,7.700522118184485,7.620166158776345,8.15699129245089,7.773111133413051,7.804622195889233,7.206855871908678,7.773928442398208,7.739548951569214
A_paper_s12,NO2,360,2022-04-11,6.830001775590331,7.32883709307815,7.316924755803729,6.595640082654809,7.2671758662483334,6.998437033653152,8.093440595503724,7.266230362771282,7.256932672823119
A_paper_s12,NO2,360,2022-05-11,7.008978800178157,7.7134650974047485,7.8460869433510565,7.310358764767277,7.656644911730843,7.801835171054832,8.159914086832428,7.657324344266613,7.661560301346064
A_paper_s12,NO2,360,2022-06-10,7.7565559772981345,7.545570805188203,7.760032392631165,6.994830089875532,7.3990075963437585,7.496780931452385,6.5792879088927,7.3996081694404925,7.3996081694404925
A_paper_s12,NO2,360,2022-07-10,5.785937036225244,6.682406511454219,6.640287385578284,7.029009164902778,7.004941597309488,6.962273834228883,8.077426293968285,7.007553044260267,6.9835326333850665
A_paper_s12,NO2,360,2022-08-09,8.503912157328378,8.132615946321657,8.070076268893558,6.1369538739044565,7.8828276548819645,8.158091495104678,8.298258155074734,7.880379883939762,7.994530282716585
A_paper_s12,NO2,360,2022-09-08,7.89223500973639,7.986046982446972,8.164726534423673,7.180435415039061,8.034056748338346,8.284161787015545,8.671121706977779,8.035477086591596,7.985323775470879
A_paper_s12,NO2,360,2022-10-08,8.066126156376194,7.878335546938218,7.9752772183903,8.092848385922776,7.480240300500707,7.441367394331865,6.807506593785511,7.479113032060851,7.283314345815682
A_paper_s12,NO2,360,2022-11-07,8.05360672242779,7.812376427226049,7.500170836142819,8.161082729900984,8.26184907682642,7.830151501960169,7.7590914060747025,8.26277612366687,8.124568947716742
A_paper_s12,NO2,360,2022-12-07,7.594083295757286,7.6240294197565275,7.628502486412325,7.866886243140725,7.586763561043239,7.727147648808746,,,
B_mingguan_s7,NO2,0,2022-01-11,6.562873902637556,7.299619105241923,7.246851114307673,6.740907379165658,7.377421251124941,7.367136079363132,8.093440595503724,7.344221531065333,7.344221531065333
B_mingguan_s7,NO2,0,2022-02-10,8.395700596545284,8.016849576611868,8.038645617599203,9.74701625977252,7.677279048807271,7.675497336138908,7.750211611491847,7.680560558425089,7.680560558425089
B_mingguan_s7,NO2,0,2022-03-12,7.197590244974486,7.5534241869246745,7.580555712618967,8.15699129245089,7.8794138806772045,7.8794138806772045,7.206855871908678,7.246143485131127,7.246143485131127
B_mingguan_s7,NO2,0,2022-04-11,6.830001775590331,7.562942757389212,7.57280024792881,6.595640082654809,6.85452716711093,6.8521319860586445,8.093440595503724,7.3820092267943265,7.3820092267943265
B_mingguan_s7,NO2,0,2022-05-11,7.008978800178157,7.892487048996344,7.969733358929434,7.310358764767277,7.710705820007742,7.710705820007742,8.159914086832428,7.773229834677634,7.773229834677634
B_mingguan_s7,NO2,0,2022-06-10,7.7565559772981345,7.659171192574684,7.733219619791648,6.994830089875532,7.515126289817092,7.515126289817092,6.5792879088927,7.12714360929214,7.12714360929214
B_mingguan_s7,NO2,0,2022-07-10,5.785937036225244,6.347103505481648,6.347103505481648,7.029009164902778,6.803681614459162,6.803681614459162,8.077426293968285,6.953128635876718,6.953128635876718
B_mingguan_s7,NO2,0,2022-08-09,8.503912157328378,8.059023875754256,8.107846108698118,6.1369538739044565,7.8475311441162034,7.902070109563667,8.298258155074734,8.025157354117457,8.033530228592959
B_mingguan_s7,NO2,0,2022-09-08,7.89223500973639,8.195034355449929,8.303764869454149,7.180435415039061,8.233121736802667,8.31786581305254,8.671121706977779,8.30525963226394,8.307859642209964
B_mingguan_s7,NO2,0,2022-10-08,8.066126156376194,7.672926352590015,7.708614444863501,8.092848385922776,7.685213165720511,7.658034670638654,6.807506593785511,6.894873755716806,6.9139521283285035
B_mingguan_s7,NO2,0,2022-11-07,8.05360672242779,7.936598212776388,7.738572065706552,8.161082729900984,7.74630133002644,7.7339089412327215,7.7590914060747025,8.47117834209759,8.314428721923196
B_mingguan_s7,NO2,0,2022-12-07,7.594083295757286,7.769202702985388,7.743949229019046,7.866886243140725,7.7568658576841525,7.7568658576841525,7.35471190214614,7.833042255568447,7.895216501087756
B_mingguan_s7,NO2,0,2023-01-06,7.957781100758424,7.731451593560755,7.676736270526211,7.691450664306726,8.103940229091425,8.103940229091425,7.6124089421421735,7.860312397970743,7.859726431351963
B_mingguan_s7,NO2,0,2023-02-05,7.394547200719486,7.433692248652662,7.4029050796212035,7.88729916379129,7.809177183576014,7.809177183576014,7.880504275465511,7.932056473196953,7.932056473196953
B_mingguan_s7,NO2,0,2023-03-07,8.822392716870349,7.963735140654968,7.978548381924654,8.110584297131764,7.9055731657935215,7.9055731657935215,6.634636389701339,8.153221369718166,8.170487288049236
B_mingguan_s7,NO2,0,2023-04-06,6.2027985042246785,7.373953303664238,7.319629717523394,8.286872394110299,7.911871179129546,7.918107655555772,8.17916213556961,7.853659780089075,7.853659780089075
B_mingguan_s7,NO2,0,2023-05-06,7.759725056674388,7.640897597477613,7.740295253890184,8.642469103374994,7.714219125410827,7.722485317634979,6.99781244315565,7.1983104107228755,7.1983104107228755
B_mingguan_s7,NO2,0,2023-06-05,7.658566333845242,7.876313870061481,7.773981681050227,7.173268674419285,7.5223479881031015,7.470364897990924,8.2731757980059,8.08440431437994,8.115172605651107
B_mingguan_s7,NO2,0,2023-07-05,8.172754279870441,7.881684812327211,7.954691692136047,8.216861676866067,7.601089945008189,7.641543968760257,8.109403853241847,7.503508440268851,7.503508440268851
B_mingguan_s7,NO2,0,2023-08-04,8.872553787906295,7.84527398411018,7.826037566772165,8.069102354552237,7.479244017558819,7.486999358059275,7.547959693320663,7.190120601511426,7.190120601511426
B_mingguan_s7,NO2,0,2023-09-03,7.2824223977958775,7.3530199482573995,7.3351643337301535,8.189049209212774,7.638133457328334,7.598631718474737,7.413657790021476,7.870858745368533,7.870858745368533
B_mingguan_s7,NO2,0,2023-10-03,7.51273839959382,7.758383556905714,7.772451598772049,6.9377879275886825,7.766215111737675,7.800878427971634,7.360915465378349,7.967343420157599,7.967343420157599
B_mingguan_s7,NO2,0,2023-11-02,7.639117255535947,7.43939439873707,7.441939604194307,7.428619021933483,7.937229010360141,7.944468131798436,8.347492789249378,7.902066529318945,7.902066529318945
B_mingguan_s7,NO2,0,2023-12-02,8.876118772031369,7.565903353560853,7.58997506690749,7.495364173908803,7.64067197947723,7.591217804969596,,,
B_mingguan_s7,NO2,180,2021-07-15,9.520688476537378,8.609323168209128,8.627046152782487,7.989928813753692,8.462443445048184,8.462443445048184,8.620075153170587,8.376346503299285,8.38440870351382
B_mingguan_s7,NO2,180,2021-08-14,7.874318941182931,8.136645551264996,8.201923821409826,9.1160881408998,8.55385219720796,8.553878990257688,8.398489502796979,8.122091680876188,8.122091680876188
B_mingguan_s7,NO2,180,2021-09-13,9.383192809623658,8.490651616788105,8.55250357531769,6.264094657671212,7.935708246851381,7.821264608435971,8.468276185899699,8.549653858048709,8.549653858048709
B_mingguan_s7,NO2,180,2021-10-13,7.966900693587252,8.362143167821616,8.408145467739544,8.821364096409576,8.304998649380046,8.415762813839642,9.499823155469459,8.260561562692226,8.260561562692226
B_mingguan_s7,NO2,180,2021-11-12,9.565783353106228,8.86702296895095,8.926379828085182,7.774276279973856,8.509817482637294,8.50704205467865,6.952116257650706,8.157929924944552,8.157929924944552
B_mingguan_s7,NO2,180,2021-12-12,6.264094657671212,7.034471442029073,6.847720849857799,7.7527503521035355,7.295458126851763,7.2823862984066565,7.017150003083341,7.502036851424336,7.502036851424336
B_mingguan_s7,NO2,180,2022-01-11,6.562873902637556,7.302988257288087,7.2325040690895985,6.740907379165658,7.347817352697397,7.336724345194145,8.093440595503724,7.316727447172069,7.316727447172069
B_mingguan_s7,NO2,180,2022-02-10,8.395700596545284,8.016535422671673,8.028456566749476,9.74701625977252,7.676001385710418,7.673483459582737,7.750211611491847,7.671514394606225,7.671514394606225
B_mingguan_s7,NO2,180,2022-03-12,7.197590244974486,7.576484052865087,7.600940860790073,8.15699129245089,7.869904638085376,7.869904638085376,7.206855871908678,7.301295709216627,7.301295709216627
B_mingguan_s7,NO2,180,2022-04-11,6.830001775590331,7.522927914464927,7.538534958388692,6.595640082654809,6.879220491686031,6.873394843664838,8.093440595503724,7.340340433673697,7.340340433673697
B_mingguan_s7,NO2,180,2022-05-11,7.008978800178157,7.879763370557338,8.007475319130991,7.310358764767277,7.7079073821204585,7.7079073821204585,8.159914086832428,7.765218336665708,7.765218336665708
B_mingguan_s7,NO2,180,2022-06-10,7.7565559772981345,7.631092098980844,7.772697797061395,6.994830089875532,7.50121928876129,7.50121928876129,6.5792879088927,7.146581956078861,7.146581956078861
B_mingguan_s7,NO2,180,2022-07-10,5.785937036225244,6.365873638278304,6.359834922875874,7.029009164902778,6.808866384455871,6.808866384455871,8.077426293968285,6.936021192774286,6.936021192774286
B_mingguan_s7,NO2,180,2022-08-09,8.503912157328378,8.080058692481984,8.127236585361768,6.1369538739044565,7.867542459645943,7.936905239932654,8.298258155074734,8.04814052108289,8.057842708124276
B_mingguan_s7,NO2,180,2022-09-08,7.89223500973639,8.175266724179401,8.316688020045287,7.180435415039061,8.233603279937634,8.331392532331924,8.671121706977779,8.314245293675922,8.314834088060168
B_mingguan_s7,NO2,180,2022-10-08,8.066126156376194,7.67123742958911,7.72595271297375,8.092848385922776,7.672324688677337,7.6373684008286045,6.807506593785511,6.938529375361882,6.953887825356254
B_mingguan_s7,NO2,180,2022-11-07,8.05360672242779,7.953582769163527,7.72011227131181,8.161082729900984,7.809428593928738,7.773160088483964,7.7590914060747025,8.49028428717066,8.326456416605977
B_mingguan_s7,NO2,180,2022-12-07,7.594083295757286,7.73785613527299,7.730524858782183,7.866886243140725,7.7269892522951915,7.7269892522951915,7.35471190214614,7.7893641944892344,7.862832856177462
B_mingguan_s7,NO2,180,2023-01-06,7.957781100758424,7.7191538500194214,7.677852809534887,7.691450664306726,8.089500018828241,8.089500018828241,7.6124089421421735,7.896892521030196,7.891885210471226
B_mingguan_s7,NO2,180,2023-02-05,7.394547200719486,7.4828119282181875,7.45071819831327,7.88729916379129,7.82971049309398,7.82971049309398,7.880504275465511,7.932306878538424,7.932306878538424
B_mingguan_s7,NO2,180,2023-03-07,8.822392716870349,7.941616961257619,7.9789318845578965,8.110584297131764,7.891556880331681,7.90315275465907,6.634636389701339,8.128005709494614,8.150627130141883
B_mingguan_s7,NO2,180,2023-04-06,6.2027985042246785,7.380251857047048,7.275420268261523,8.286872394110299,7.889582870469619,7.9015705480684195,8.17916213556961,7.819421630713136,7.819421630713136
B_mingguan_s7,NO2,180,2023-05-06,7.759725056674388,7.652902303756386,7.8070920527916225,8.642469103374994,7.690277244324255,7.706975494952758,6.99781244315565,7.252439628149752,7.252439628149752
B_mingguan_s7,NO2,180,2023-06-05,7.658566333845242,7.897128421201937,7.711530568084451,7.173268674419285,7.57397420783616,7.5043370407774095,,,
B_mingguan_s7,NO2,360,2021-01-16,7.337436520132644,7.376168539267352,7.364206012978074,10.30818271059821,7.3809118097342425,7.24254970141558,7.377418269703025,6.912611411295096,6.874917091105981
B_mingguan_s7,NO2,360,2021-02-15,8.655222880014131,8.125555248010505,8.125555248010505,6.793486559756871,7.457501107260994,7.457501107260994,8.030872343289607,8.033113710237913,8.03315861394963
B_mingguan_s7,NO2,360,2021-03-17,7.6933780770528255,7.912012875356197,7.912012875356197,7.628712163762233,8.09942204700486,8.09942204700486,6.3314584558905125,8.144087367078447,8.144087367078447
B_mingguan_s7,NO2,360,2021-04-16,6.60379315937762,7.534243739444902,7.534243739444902,8.086922434652134,8.038184858280923,8.038184858280923,8.252561501822269,8.023831277370135,8.022910306531001
B_mingguan_s7,NO2,360,2021-05-16,7.57371203295074,7.996752869132673,7.996752869132673,7.014922953789363,7.886594964697903,7.886594964697903,8.03626617944075,7.907899774569759,7.907899774569759
B_mingguan_s7,NO2,360,2021-06-15,7.378790886060054,8.250351525508652,8.250351525508652,7.482627274581741,7.931820944508176,7.931820944508176,9.43400040288019,7.898494515487684,7.898494515487684
B_mingguan_s7,NO2,360,2021-07-15,9.520688476537378,8.594929869545066,8.625778014684965,7.989928813753692,8.533297848981723,8.533297848981723,8.620075153170587,8.437941218322715,8.443751947068238
B_mingguan_s7,NO2,360,2021-08-14,7.874318941182931,8.103389209506613,8.196481326706534,9.1160881408998,8.57237759400444,8.569277321793619,8.398489502796979,8.207753321368388,8.207753321368388
B_mingguan_s7,NO2,360,2021-09-13,9.383192809623658,8.431118130354527,8.509944362547733,6.264094657671212,7.984738234993871,7.845614783521968,8.468276185899699,8.538955550791723,8.538955550791723
B_mingguan_s7,NO2,360,2021-10-13,7.966900693587252,8.340929999363643,8.398033014422957,8.821364096409576,8.266180745884226,8.412410557550928,9.499823155469459,8.198783149361278,8.198783149361278
B_mingguan_s7,NO2,360,2021-11-12,9.565783353106228,8.867201163369883,8.931249072575017,7.774276279973856,8.521765713446493,8.515086036668873,6.952116257650706,8.185610674255845,8.185610674255845
B_mingguan_s7,NO2,360,2021-12-12,6.264094657671212,7.046707069757761,6.878126248001752,7.7527503521035355,7.24596723992512,7.208069652659962,7.017150003083341,7.364264931572656,7.364264931572656
B_mingguan_s7,NO2,360,2022-01-11,6.562873902637556,7.3039498311750854,7.21852519913464,6.740907379165658,7.288554678850713,7.282401237426297,8.093440595503724,7.2619502164940615,7.2619502164940615
B_mingguan_s7,NO2,360,2022-02-10,8.395700596545284,8.029593247465202,8.024226720683334,9.74701625977252,7.690811502587651,7.687958335331178,7.750211611491847,7.667373957162175,7.667373957162175
B_mingguan_s7,NO2,360,2022-03-12,7.197590244974486,7.613237634058323,7.634089286493328,8.15699129245089,7.854026610779722,7.854026610779722,7.206855871908678,7.377949536585701,7.377949536585701
B_mingguan_s7,NO2,360,2022-04-11,6.830001775590331,7.460130189176968,7.493838804449388,6.595640082654809,6.891663670152284,6.8784407761891435,8.093440595503724,7.261661738559286,7.261661738559286
B_mingguan_s7,NO2,360,2022-05-11,7.008978800178157,7.8972777524592095,8.029972871099385,7.310358764767277,7.726018091744342,7.7281041190421575,8.159914086832428,7.776240391815811,7.776240391815811
B_mingguan_s7,NO2,360,2022-06-10,7.7565559772981345,7.616070877464251,7.786629862373286,6.994830089875532,7.493608099530999,7.504409771079677,6.5792879088927,7.185245764685557,7.185245764685557
B_mingguan_s7,NO2,360,2022-07-10,5.785937036225244,6.384664993254992,6.385999852650615,7.029009164902778,6.8026242696114325,6.807760425326112,8.077426293968285,6.906811080882971,6.906811080882971
B_mingguan_s7,NO2,360,2022-08-09,8.503912157328378,8.128614289382217,8.123281039640867,6.1369538739044565,7.92823909623202,8.008244969377852,8.298258155074734,8.122630240872109,8.12910119166876
B_mingguan_s7,NO2,360,2022-09-08,7.89223500973639,8.172242033865674,8.3241212845446,7.180435415039061,8.245523716425547,8.361701213040886,8.671121706977779,8.349513248857056,8.347596408106034
B_mingguan_s7,NO2,360,2022-10-08,8.066126156376194,7.673747870466495,7.756538245575488,8.092848385922776,7.66240304609617,7.62041849709432,6.807506593785511,6.990051973425124,7.003386262705951
B_mingguan_s7,NO2,360,2022-11-07,8.05360672242779,7.985581722395182,7.698582831495808,8.161082729900984,7.894779612842206,7.819642407053421,7.7590914060747025,8.539383096981,8.378993936717366
B_mingguan_s7,NO2,360,2022-12-07,7.594083295757286,7.670671094238814,7.70544950321416,7.866886243140725,7.66549362459347,7.66549362459347,,,
C_paper_fourier,NO2,0,2022-01-11,6.562873902637556,7.3197835890915375,7.26725292098718,6.740907379165658,7.483919162024218,7.453402230431836,8.093440595503724,7.451581282137546,7.451581282137546
C_paper_fourier,NO2,0,2022-02-10,8.395700596545284,7.985208844002755,7.985208844002755,9.74701625977252,7.686913265183971,7.679772251980322,7.750211611491847,7.693302981927548,7.693302981927548
C_paper_fourier,NO2,0,2022-03-12,7.197590244974486,7.54685042966178,7.54037856885638,8.15699129245089,7.846399549789633,7.846399549789633,7.206855871908678,7.328437914381904,7.328437914381904
C_paper_fourier,NO2,0,2022-04-11,6.830001775590331,7.6377772449840435,7.658711448757164,6.595640082654809,6.922230128113381,6.922230128113381,8.093440595503724,7.455287852042218,7.455287852042218
C_paper_fourier,NO2,0,2022-05-11,7.008978800178157,7.794605397652591,7.835704241151084,7.310358764767277,7.737372790687939,7.737372790687939,8.159914086832428,7.800931543056285,7.800931543056285
C_paper_fourier,NO2,0,2022-06-10,7.7565559772981345,7.621644928453906,7.769117144591325,6.994830089875532,7.545010925276791,7.545010925276791,6.5792879088927,7.227331611461438,7.224378539905433
C_paper_fourier,NO2,0,2022-07-10,5.785937036225244,6.37989781533205,6.335319753753144,7.029009164902778,6.884104612719018,6.884104612719018,8.077426293968285,7.148135117871207,7.149544109403634
C_paper_fourier,NO2,0,2022-08-09,8.503912157328378,8.035710202102425,8.119919528409298,6.1369538739044565,7.939813407277066,8.016585192165866,8.298258155074734,7.90627829136232,7.983921750014917
C_paper_fourier,NO2,0,2022-09-08,7.89223500973639,8.176856049503597,8.302572272371444,7.180435415039061,8.104902622755054,8.241224268976083,8.671121706977779,8.11223951153094,8.239601214789879
C_paper_fourier,NO2,0,2022-10-08,8.066126156376194,7.769361921801082,7.735036859727976,8.092848385922776,7.56690131596669,7.597861206913918,6.807506593785511,7.046618138790055,6.931320333979408
C_paper_fourier,NO2,0,2022-11-07,8.05360672242779,8.001000974830491,7.89518190404358,8.161082729900984,7.819246044721365,7.67382997426107,7.7590914060747025,8.354778344475482,8.276596770856841
C_paper_fourier,NO2,0,2022-12-07,7.594083295757286,7.73533608109687,7.723140156091065,7.866886243140725,7.747958158473756,7.747958158473756,7.35471190214614,7.811893934845864,7.847974494428128
C_paper_fourier,NO2,0,2023-01-06,7.957781100758424,7.621489215780593,7.643739435953737,7.691450664306726,8.113387938598343,8.113387938598343,7.6124089421421735,7.79834208059883,7.752233045739171
C_paper_fourier,NO2,0,2023-02-05,7.394547200719486,7.429904860409937,7.340173732921599,7.88729916379129,7.783502578722158,7.783502578722158,7.880504275465511,8.046905296036392,8.047719387328552
C_paper_fourier,NO2,0,2023-03-07,8.822392716870349,7.8851239219009015,7.9050519882279495,8.110584297131764,8.03203821945126,8.032471024991981,6.634636389701339,7.9995375403316356,8.009126662381167
C_paper_fourier,NO2,0,2023-04-06,6.2027985042246785,7.499526311312693,7.377615747685218,8.286872394110299,7.8035077679209675,7.8180996472480935,8.17916213556961,7.812723746597568,7.863728073082741
C_paper_fourier,NO2,0,2023-05-06,7.759725056674388,7.646192886058712,7.701904364687504,8.642469103374994,7.718196488251183,7.7741584460566076,6.99781244315565,7.199178611056681,7.169308886676307
C_paper_fourier,NO2,0,2023-06-05,7.658566333845242,7.980200745960354,7.889477828700822,7.173268674419285,7.489894938383495,7.4221413369808635,8.2731757980059,8.024066541936117,8.091268870794433
C_paper_fourier,NO2,0,2023-07-05,8.172754279870441,7.750816386204141,7.937096036018663,8.216861676866067,7.566404442181095,7.597889798501974,8.109403853241847,7.629360916481881,7.68146598492127
C_paper_fourier,NO2,0,2023-08-04,8.872553787906295,7.819885009962939,7.827719854857292,8.069102354552237,7.607466282717606,7.6094272817482445,7.547959693320663,7.289291835137616,7.269773403402707
C_paper_fourier,NO2,0,2023-09-03,7.2824223977958775,7.328757310228894,7.221605117871631,8.189049209212774,7.685456591101806,7.619640831268331,7.413657790021476,7.948861206516549,7.9604786966466055
C_paper_fourier,NO2,0,2023-10-03,7.51273839959382,7.594322077535065,7.69091799290401,6.9377879275886825,7.872834904921552,7.891118176275098,7.360915465378349,7.840940667638026,7.893538286246148
C_paper_fourier,NO2,0,2023-11-02,7.639117255535947,7.572401161943425,7.591342927485995,7.428619021933483,7.843304185953414,7.888581572627659,8.347492789249378,7.852182888366593,7.95045734968472
C_paper_fourier,NO2,0,2023-12-02,8.876118772031369,7.657269004813392,7.6618530080040035,7.495364173908803,7.57176651266534,7.666310702056158,,,
C_paper_fourier,NO2,180,2021-07-15,9.520688476537378,8.612915664090426,8.626394579952397,7.989928813753692,8.372666280051355,8.372666280051355,8.620075153170587,8.320362160473247,8.320362160473247
C_paper_fourier,NO2,180,2021-08-14,7.874318941182931,8.230789351097853,8.228498532960995,9.1160881408998,8.475528671115054,8.478008477989123,8.398489502796979,8.058493386634389,8.058493386634389
C_paper_fourier,NO2,180,2021-09-13,9.383192809623658,8.443241217737357,8.662558600401772,6.264094657671212,7.958907913189414,7.853429957017508,8.468276185899699,8.447215964906118,8.447215964906118
C_paper_fourier,NO2,180,2021-10-13,7.966900693587252,8.321735813959105,8.395356673306372,8.821364096409576,8.261150124495142,8.334229316603103,9.499823155469459,8.293088439859925,8.281477863612636
C_paper_fourier,NO2,180,2021-11-12,9.565783353106228,8.726376417766904,8.895388192322809,7.774276279973856,8.457165697314734,8.472919324407279,6.952116257650706,8.179991654548932,8.099327656431951
C_paper_fourier,NO2,180,2021-12-12,6.264094657671212,7.070048292403082,6.728614659043745,7.7527503521035355,7.37313984684561,7.224974146360715,7.017150003083341,7.630425949150957,7.633757120988923
C_paper_fourier,NO2,180,2022-01-11,6.562873902637556,7.33879525875575,7.253000203192777,6.740907379165658,7.486901864212169,7.451434730632561,8.093440595503724,7.4546916038533055,7.449056883302928
C_paper_fourier,NO2,180,2022-02-10,8.395700596545284,7.959886542287732,7.962612981889375,9.74701625977252,7.6989536653223425,7.678727409367593,7.750211611491847,7.645956634983506,7.645956634983506
C_paper_fourier,NO2,180,2022-03-12,7.197590244974486,7.5765404774575495,7.551657939553074,8.15699129245089,7.79951220988496,7.801936461102074,7.206855871908678,7.382152864690904,7.382152864690904
C_paper_fourier,NO2,180,2022-04-11,6.830001775590331,7.618329284700014,7.65622262073797,6.595640082654809,6.95216250234217,6.95216250234217,8.093440595503724,7.4389076890393016,7.4389076890393016
C_paper_fourier,NO2,180,2022-05-11,7.008978800178157,7.792008461048427,7.863526835915932,7.310358764767277,7.748258181604633,7.748258181604633,8.159914086832428,7.780437664207082,7.780437664207082
C_paper_fourier,NO2,180,2022-06-10,7.7565559772981345,7.559536412105347,7.797118635290691,6.994830089875532,7.518490595244547,7.519088987535805,6.5792879088927,7.242772540113886,7.224174074969717
C_paper_fourier,NO2,180,2022-07-10,5.785937036225244,6.394340320662424,6.305653370490004,7.029009164902778,6.889102463968811,6.891914948063464,8.077426293968285,7.147969232994009,7.152381805880881
C_paper_fourier,NO2,180,2022-08-09,8.503912157328378,8.06799182274293,8.119512888869195,6.1369538739044565,7.967690093503599,8.062891611133074,8.298258155074734,7.9340084553743075,8.019283682366847
C_paper_fourier,NO2,180,2022-09-08,7.89223500973639,8.128726953037921,8.3089710141775,7.180435415039061,8.115031920981695,8.256699942417018,8.671121706977779,8.063790873962473,8.22896794711632
C_paper_fourier,NO2,180,2022-10-08,8.066126156376194,7.778607426094085,7.7313041149750426,8.092848385922776,7.512961386611129,7.594059386786973,6.807506593785511,7.092761779869507,6.94394362474308
C_paper_fourier,NO2,180,2022-11-07,8.05360672242779,8.026360694018768,7.902830855198417,8.161082729900984,7.883937143934666,7.661004631128987,7.7590914060747025,8.37369736838944,8.280231825950386
C_paper_fourier,NO2,180,2022-12-07,7.594083295757286,7.730263948767824,7.726346344461401,7.866886243140725,7.733637790463615,7.73359512348632,7.35471190214614,7.765929054742885,7.8383153360024185
C_paper_fourier,NO2,180,2023-01-06,7.957781100758424,7.582503736204749,7.652799987448453,7.691450664306726,8.09327801018121,8.09327801018121,7.6124089421421735,7.820754564910335,7.747786272727173
C_paper_fourier,NO2,180,2023-02-05,7.394547200719486,7.4681056873782765,7.3487777127561875,7.88729916379129,7.7998378381315945,7.7998378381315945,7.880504275465511,8.057533205231193,8.060953460115686
C_paper_fourier,NO2,180,2023-03-07,8.822392716870349,7.876591296185142,7.907458658773878,8.110584297131764,8.030411262547814,8.033277925010037,6.634636389701339,7.998500599219554,8.009531368628503
C_paper_fourier,NO2,180,2023-04-06,6.2027985042246785,7.493749992330956,7.362521589398523,8.286872394110299,7.8029062203150374,7.818964760213242,8.17916213556961,7.753100221292812,7.826969857893384
C_paper_fourier,NO2,180,2023-05-06,7.759725056674388,7.667678065905399,7.704363951842143,8.642469103374994,7.670890103485186,7.751569089820496,6.99781244315565,7.252264900229972,7.2057782817301685
C_paper_fourier,NO2,180,2023-06-05,7.658566333845242,8.00521798205331,7.889709479334295,7.173268674419285,7.542060302294676,7.465626277954757,,,
C_paper_fourier,NO2,360,2021-01-16,7.337436520132644,7.4264954401696075,7.370932545262323,10.30818271059821,7.403433691787245,7.333814905013652,7.377418269703025,7.029904004013878,6.886744610041703
C_paper_fourier,NO2,360,2021-02-15,8.655222880014131,8.111558011234695,8.109988056056965,6.793486559756871,7.533039616434516,7.533039616434516,8.030872343289607,7.953141454131281,7.959879397934069
C_paper_fourier,NO2,360,2021-03-17,7.6933780770528255,7.963585352443001,7.956697578326665,7.628712163762233,8.044497100075725,8.044497100075725,6.3314584558905125,8.097329270258946,8.106897891814109
C_paper_fourier,NO2,360,2021-04-16,6.60379315937762,7.488481013417299,7.484658008383453,8.086922434652134,8.124502183720526,8.124502183720526,8.252561501822269,7.8519410066295965,7.800166314086271
C_paper_fourier,NO2,360,2021-05-16,7.57371203295074,8.090222647926874,8.075824636146027,7.014922953789363,7.745387645796476,7.745387645796476,8.03626617944075,8.001222495211083,8.001222495211083
C_paper_fourier,NO2,360,2021-06-15,7.378790886060054,8.169227521190104,8.165794383896841,7.482627274581741,7.961425877685235,7.961425877685235,9.43400040288019,7.904666300636961,7.904666300636961
C_paper_fourier,NO2,360,2021-07-15,9.520688476537378,8.61161415750242,8.649460958265621,7.989928813753692,8.408143970540431,8.408143970540431,8.620075153170587,8.375182044854181,8.38564107567168
C_paper_fourier,NO2,360,2021-08-14,7.874318941182931,8.222160161995365,8.226391332342772,9.1160881408998,8.490047584879884,8.506064511432822,8.398489502796979,8.118805623177028,8.118805623177028
C_paper_fourier,NO2,360,2021-09-13,9.383192809623658,8.404299458587682,8.65684542955961,6.264094657671212,8.0136884873511,7.858600845741286,8.468276185899699,8.437494726500978,8.445396961038625
C_paper_fourier,NO2,360,2021-10-13,7.966900693587252,8.295467395643204,8.397368960183295,8.821364096409576,8.22218187658641,8.321867937898215,9.499823155469459,8.273899638401117,8.247445224158925
C_paper_fourier,NO2,360,2021-11-12,9.565783353106228,8.712174336974448,8.894191871077314,7.774276279973856,8.46558578614363,8.486716856425613,6.952116257650706,8.190316797431901,8.094902761949873
C_paper_fourier,NO2,360,2021-12-12,6.264094657671212,7.084527505765666,6.728102601107091,7.7527503521035355,7.310700908348134,7.167072380337421,7.017150003083341,7.570925410026988,7.581414804477096
C_paper_fourier,NO2,360,2022-01-11,6.562873902637556,7.328753991800615,7.247605212194509,6.740907379165658,7.477449164960408,7.4553160303084764,8.093440595503724,7.423444899244135,7.417731982796562
C_paper_fourier,NO2,360,2022-02-10,8.395700596545284,7.979773816629265,7.979376291710945,9.74701625977252,7.700806638067613,7.677627192763368,7.750211611491847,7.665217048177222,7.67122050048389
C_paper_fourier,NO2,360,2022-03-12,7.197590244974486,7.57194107321568,7.542818571131119,8.15699129245089,7.798933596658133,7.819481353905087,7.206855871908678,7.426718036297477,7.425640119838602
C_paper_fourier,NO2,360,2022-04-11,6.830001775590331,7.570308606098898,7.642826071858674,6.595640082654809,6.948893071329518,6.946174434174568,8.093440595503724,7.369619495651863,7.369619495651863
C_paper_fourier,NO2,360,2022-05-11,7.008978800178157,7.794261350714491,7.879247051978455,7.310358764767277,7.758477580427043,7.763051725303197,8.159914086832428,7.810882663157561,7.811594691924125
C_paper_fourier,NO2,360,2022-06-10,7.7565559772981345,7.5436059526724,7.800966998474294,6.994830089875532,7.530771305789385,7.550706966853143,6.5792879088927,7.257160545263267,7.224252947298116
C_paper_fourier,NO2,360,2022-07-10,5.785937036225244,6.405241788638973,6.291865743382908,7.029009164902778,6.864847071193598,6.873726584178304,8.077426293968285,7.128035146179212,7.134857912369563
C_paper_fourier,NO2,360,2022-08-09,8.503912157328378,8.105279797392688,8.120793551919055,6.1369538739044565,8.021288137525143,8.116625607181623,8.298258155074734,7.965943148255333,8.06387666358245
C_paper_fourier,NO2,360,2022-09-08,7.89223500973639,8.12068762812045,8.319706246211744,7.180435415039061,8.108071854456526,8.258994623263867,8.671121706977779,8.075081292073216,8.239914062833574
C_paper_fourier,NO2,360,2022-10-08,8.066126156376194,7.758145080001275,7.740079835014255,8.092848385922776,7.509456260496382,7.609931489423409,6.807506593785511,7.134923273675413,6.9399943060367715
C_paper_fourier,NO2,360,2022-11-07,8.05360672242779,8.057104389558422,7.904144126340901,8.161082729900984,7.95588399770666,7.670630760814756,7.7590914060747025,8.37891830584534,8.304530545168793
C_paper_fourier,NO2,360,2022-12-07,7.594083295757286,7.687856945401219,7.730089060574723,7.866886243140725,7.670907150635306,7.676833958442413,,,
A_paper_s12,PM10,0,2022-01-11,2.035800116206301,2.0212857556828543,2.0228044585355507,2.160060165068454,2.0646131558645675,2.060770930254066,2.0897596353783796,2.0645711460091007,2.0645711460091007
A_paper_s12,PM10,0,2022-02-10,2.2869192986529963,2.1258250386615196,2.1258250386615196,2.493737286186112,2.136030614232199,2.162002098773794,1.9639873910178034,2.136022916389917,2.136022916389917
A_paper_s12,PM10,0,2022-03-12,2.0461225393788784,2.0340234233552157,2.034634547103851,2.0963568542370368,2.1002980603849633,2.116687677091073,1.8526561662732188,2.1002283457449775,2.091776482444388
A_paper_s12,PM10,0,2022-04-11,1.6831589308015336,1.993646450498433,1.95473883056225,1.7281030786339973,2.1225898478978955,2.0944661523833115,1.9812030349352991,2.122454779815752,2.1219035543326163
A_paper_s12,PM10,0,2022-05-11,1.9833455559844126,2.0156276868914467,2.0160968159954265,2.107845992380574,2.0463848076516538,2.0433181791999733,2.0478679617500046,2.0463526849923137,2.0463526849923137
A_paper_s12,PM10,0,2022-06-10,2.000598435713269,2.0415116405768825,2.0553271428600506,2.1074177578334856,2.0326410552206338,2.037318097492819,1.9995849959340932,2.0326507488130323,2.0326507488130323
A_paper_s12,PM10,0,2022-07-10,1.9907342328224316,2.036057483567167,2.033085397093803,2.061152414826867,2.06355219473602,2.061588447718493,2.0765877718867194,2.063524164093087,2.063524164093087
A_paper_s12,PM10,0,2022-08-09,2.1486437909580505,2.067261845300432,2.083416128081523,1.9724883383470697,2.0565409150700025,2.063895104736538,2.1379118177840657,2.056552433188783,2.056552433188783
A_paper_s12,PM10,0,2022-09-08,2.216635235812697,2.135525129236142,2.11343521650774,2.011147043006042,2.124635160286692,2.130322219052723,2.17692446851476,2.1246477114277194,2.11678870079021
A_paper_s12,PM10,0,2022-10-08,2.1630205798711306,2.1104441227511694,2.1195718665629726,2.193672751473343,2.049029318925647,2.063571320402042,2.231356546304916,2.0490937316492728,2.0500215189184297
A_paper_s12,PM10,0,2022-11-07,2.1658336474623425,2.2355355194076205,2.224262882016451,2.275311313895148,2.249853671732256,2.2437338685961694,1.9419614489122599,2.249837294537462,2.249837294537462
A_paper_s12,PM10,0,2022-12-07,2.090819006386732,2.0040399477619566,2.014755741811075,2.048563373439521,2.0732168804868785,2.0732168804868785,2.1488915242770124,2.0731427883113565,2.073509729150212
A_paper_s12,PM10,0,2023-01-06,1.8890656097855303,2.1638965503616405,2.16550310879785,1.9201865233931217,2.1920994626579042,2.1920994626579042,2.042955696046429,2.1920680178274807,2.1920680178274807
A_paper_s12,PM10,0,2023-02-05,1.9486774237084459,2.0639746846755984,2.065703778903617,2.294805373715896,2.070708541025354,2.070708541025354,2.221537345963242,2.070703128081247,2.070703128081247
A_paper_s12,PM10,0,2023-03-07,2.2703743012784465,2.1910787860245398,2.2060316990808873,2.235727810970731,2.177412294610894,2.177412294610894,1.8155584676259655,2.177424746096899,2.177424746096899
A_paper_s12,PM10,0,2023-04-06,1.9839855508078876,1.9472607417318122,1.9397106533759683,1.9831319421436893,2.0203191782913805,2.0203191782913805,2.0698603619799285,2.0202488755831194,2.0202488755831194
A_paper_s12,PM10,0,2023-05-06,1.9928144763110418,2.0699351342135435,2.067320720746754,2.008789180152131,2.045620597900283,2.045620597900283,1.837883760930296,2.045649270657761,2.045649270657761
A_paper_s12,PM10,0,2023-06-05,1.9070036288153207,1.9114059787431594,1.9117078265030691,2.0839423611621912,2.009897086892127,2.009897086892127,2.0480419618405756,2.009789811957277,2.01049261592623
A_paper_s12,PM10,0,2023-07-05,2.0652910060355545,2.024931140476186,2.024931140476186,2.1038247503502836,2.0082249016141387,2.0082249016141387,2.1055548536144757,2.008241819407338,2.0121960048819
A_paper_s12,PM10,0,2023-08-04,2.1340262667133314,2.0633570369655763,2.062877038477219,1.930123183139694,2.016603245376914,2.016603245376914,1.9460552097724477,2.016653292151999,2.0210354134467887
A_paper_s12,PM10,0,2023-09-03,1.94581579391844,1.9894052678943714,1.9843159893130122,2.013681730762978,2.0370761821354955,2.036053889681767,1.9991787172548816,2.0370251926297898,2.0365921130473144
A_paper_s12,PM10,0,2023-10-03,2.2359986437832498,2.0377478304576044,2.0772489530205243,1.8887821782382572,2.0946067418349084,2.096520175376829,2.0535586569312887,2.094544346409891,2.0988173882104095
A_paper_s12,PM10,0,2023-11-02,1.884789464872571,2.0636289969735886,2.0586144215088646,2.1054110648712245,2.1125676852285964,2.123681508421009,2.1807101006168232,2.11251120263121,2.1099822118799163
A_paper_s12,PM10,0,2023-12-02,2.2814466385532977,2.0877391124216533,2.105752765406818,1.9936428117155824,2.0095022563607405,2.0235294892005804,,,
A_paper_s12,PM10,180,2021-07-15,2.2913307553563786,2.209192968990148,2.2094766684884397,2.190702063204113,2.1547127671368567,2.155716351786579,2.126897819664539,2.1546865604498278,2.1501083879895813
A_paper_s12,PM10,180,2021-08-14,2.083478256574382,2.1488472095724163,2.1539454323375007,2.1153104311482105,2.1753096056217105,2.1821320154552057,2.2123332175713584,2.1753240443637507,2.1745249764901406
A_paper_s12,PM10,180,2021-09-13,2.1971332299243818,2.165030041167373,2.167339826228567,2.026804136632675,2.1338605198323366,2.1339644318536135,2.1980694760457844,2.133853098971532,2.1376920286153043
A_paper_s12,PM10,180,2021-10-13,2.1743341452188343,2.195919658980394,2.2095657442898102,2.258970345815568,2.1963708970164864,2.1970242691263917,2.2970242305411364,2.196372271304106,2.196372271304106
A_paper_s12,PM10,180,2021-11-12,2.460414091876322,2.2670734556034198,2.267779671807707,2.2118399964288615,2.204587171482494,2.206523630950323,2.0692117916059845,2.204543298784805,2.204543298784805
A_paper_s12,PM10,180,2021-12-12,2.037244492392264,2.1034017192727883,2.10301019611177,2.2274719888515753,2.1462345297722107,2.1385688128689493,1.94581579391844,2.146258498725789,2.146258498725789
A_paper_s12,PM10,180,2022-01-11,2.035800116206301,2.0188359700490803,2.0262531092136715,2.160060165068454,2.06788119080165,2.063163240101756,2.0897596353783796,2.067893498281158,2.067893498281158
A_paper_s12,PM10,180,2022-02-10,2.2869192986529963,2.1217297469617002,2.122511842513373,2.493737286186112,2.1340279729158316,2.1627563222493165,1.9639873910178034,2.134024954040763,2.134024954040763
A_paper_s12,PM10,180,2022-03-12,2.0461225393788784,2.0340074613136108,2.0349419052722006,2.0963568542370368,2.1029547870743874,2.121202065974936,1.8526561662732188,2.102986672369362,2.0936257521457025
A_paper_s12,PM10,180,2022-04-11,1.6831589308015336,1.9912513616584149,1.9569687153229869,1.7281030786339973,2.1243603898896306,2.095467165342555,1.9812030349352991,2.1244204210234234,2.123774451589157
A_paper_s12,PM10,180,2022-05-11,1.9833455559844126,2.015724228566118,2.016226577378798,2.107845992380574,2.048199768330874,2.045268510805294,2.0478679617500046,2.0482140985022164,2.0482140985022164
A_paper_s12,PM10,180,2022-06-10,2.000598435713269,2.041834136488888,2.055116168727205,2.1074177578334856,2.033489049999591,2.0378493909534168,1.9995849959340932,2.0334840997571955,2.0334840997571955
A_paper_s12,PM10,180,2022-07-10,1.9907342328224316,2.0337944816962166,2.0326319239751673,2.061152414826867,2.0620005526805203,2.0600530444288725,2.0765877718867194,2.062011109896628,2.062011109896628
A_paper_s12,PM10,180,2022-08-09,2.1486437909580505,2.067429249146538,2.0826032620345347,1.9724883383470697,2.0568219588644183,2.0641432213820634,2.1379118177840657,2.056816332183648,2.056816332183648
A_paper_s12,PM10,180,2022-09-08,2.216635235812697,2.1341457990295103,2.113588891052435,2.011147043006042,2.12350316159298,2.1293177138105674,2.17692446851476,2.1234950924892493,2.115700857276871
A_paper_s12,PM10,180,2022-10-08,2.1630205798711306,2.1130962741276407,2.119296400463892,2.193672751473343,2.0511092591139124,2.06413922021248,2.231356546304916,2.0510809845061124,2.052246709660438
A_paper_s12,PM10,180,2022-11-07,2.1658336474623425,2.23313955057092,2.224083208017428,2.275311313895148,2.243791966107356,2.2390509152932068,1.9419614489122599,2.2438009304255435,2.2438009304255435
A_paper_s12,PM10,180,2022-12-07,2.090819006386732,2.007071516419131,2.0141942792509857,2.048563373439521,2.079371129052897,2.079371129052897,2.1488915242770124,2.0794082805587077,2.0798895882945496
A_paper_s12,PM10,180,2023-01-06,1.8890656097855303,2.163085870357764,2.1657769821790667,1.9201865233931217,2.188742176068417,2.188742176068417,2.042955696046429,2.188759342067592,2.188759342067592
A_paper_s12,PM10,180,2023-02-05,1.9486774237084459,2.06416898107441,2.0658130603624367,2.294805373715896,2.074163458770672,2.074163458770672,2.221537345963242,2.074163136361265,2.074163136361265
A_paper_s12,PM10,180,2023-03-07,2.2703743012784465,2.192036528599105,2.2037748744672356,2.235727810970731,2.1753712597872497,2.1753712597872497,1.8155584676259655,2.1753691734032086,2.1753691734032086
A_paper_s12,PM10,180,2023-04-06,1.9839855508078876,1.9424779688894775,1.9403899322385076,1.9831319421436893,2.0255304887928203,2.0255304887928203,2.0698603619799285,2.025549869519452,2.025549869519452
A_paper_s12,PM10,180,2023-05-06,1.9928144763110418,2.0680653079956275,2.067474406148147,2.008789180152131,2.0464213821873196,2.0464213821873196,1.837883760930296,2.046402351346489,2.046402351346489
A_paper_s12,PM10,180,2023-06-05,1.9070036288153207,1.9128483279398485,1.9128483279398485,2.0839423611621912,2.010341794390854,2.010341794390854,,,
A_paper_s12,PM10,360,2021-01-16,2.0621508129606583,2.120362146463143,2.120362146463143,2.426758701843186,2.0751054042696873,2.0751054042696873,1.9993819212233566,2.0751386711783804,2.0751386711783804
A_paper_s12,PM10,360,2021-02-15,2.092626367786705,2.053219822666561,2.0513308054448394,2.219145495926383,2.0768870963518613,2.0771902516330134,2.0441911054524686,2.076873175262069,2.076873175262069
A_paper_s12,PM10,360,2021-03-17,1.7958369121743323,2.0905047038169977,2.0905047038169977,1.8836401517569228,2.1385005533659966,2.142771366282164,1.821786238129181,2.138463485040546,2.138463485040546
A_paper_s12,PM10,360,2021-04-16,1.9383069368692056,1.9338286499313841,1.9355510068813642,2.21673221748263,2.0476432212330327,2.028192929702153,2.0158107017839875,2.0475556312071053,2.0475556312071053
A_paper_s12,PM10,360,2021-05-16,2.0068108119088435,2.0654846738047765,2.0654846738047765,1.943412078999865,2.092148849409086,2.106467962749984,1.9248092024605106,2.0921316219065806,2.0901927179930273
A_paper_s12,PM10,360,2021-06-15,1.9429292393433024,1.9840973699080413,1.9840973699080413,2.0809908457608155,2.036834602676889,2.040350821008433,2.262256807180018,2.036795053171825,2.036795053171825
A_paper_s12,PM10,360,2021-07-15,2.2913307553563786,2.210693882866307,2.2099026067259766,2.190702063204113,2.165159572444662,2.1664777145994187,2.126897819664539,2.165193667874549,2.1597673539002296
A_paper_s12,PM10,360,2021-08-14,2.083478256574382,2.149232701535254,2.157932175096607,2.1153104311482105,2.1727944089170146,2.178213484330299,2.2123332175713584,2.172776155288061,2.171074368572599
A_paper_s12,PM10,360,2021-09-13,2.1971332299243818,2.159851238069726,2.163061881935338,2.026804136632675,2.13262860577815,2.1324758048869548,2.1980694760457844,2.13264594561831,2.1346992344524036
A_paper_s12,PM10,360,2021-10-13,2.1743341452188343,2.20074267752451,2.2086121683141795,2.258970345815568,2.204912775017632,2.204045861721516,2.2970242305411364,2.204909364479906,2.204909364479906
A_paper_s12,PM10,360,2021-11-12,2.460414091876322,2.267190796552799,2.2673372186124436,2.2118399964288615,2.208397597450536,2.2105439568161103,2.0692117916059845,2.2084467860342656,2.2084467860342656
A_paper_s12,PM10,360,2021-12-12,2.037244492392264,2.100609564489868,2.1006117848432195,2.2274719888515753,2.1366271586211667,2.1307269841687178,1.94581579391844,2.1365988694327767,2.1365988694327767
A_paper_s12,PM10,360,2022-01-11,2.035800116206301,2.0186254888964754,2.019698072009015,2.160060165068454,2.055943324469641,2.0535757167121504,2.0897596353783796,2.05591967599262,2.05591967599262
A_paper_s12,PM10,360,2022-02-10,2.2869192986529963,2.1280869677043843,2.1280869677043843,2.493737286186112,2.1394528956384353,2.163611584312095,1.9639873910178034,2.139447963437725,2.139447963437725
A_paper_s12,PM10,360,2022-03-12,2.0461225393788784,2.0340202983536373,2.03571268860212,2.0963568542370368,2.0924591042242393,2.1063273302347176,1.8526561662732188,2.0924158882710935,2.0840628643612176
A_paper_s12,PM10,360,2022-04-11,1.6831589308015336,1.9980229401507525,1.9575391931439887,1.7281030786339973,2.114894951614073,2.089120317768738,1.9812030349352991,2.114809269950235,2.114809269950235
A_paper_s12,PM10,360,2022-05-11,1.9833455559844126,2.015539002700567,2.01774578470812,2.107845992380574,2.0426607536837635,2.0402195103433907,2.0478679617500046,2.042640954649627,2.042640954649627
A_paper_s12,PM10,360,2022-06-10,2.000598435713269,2.0400811157993575,2.0551789898174397,2.1074177578334856,2.0313685090132405,2.0358576029180933,1.9995849959340932,2.0313753251724065,2.0313753251724065
A_paper_s12,PM10,360,2022-07-10,1.9907342328224316,2.039325775325054,2.034934802554395,2.061152414826867,2.0660616733818062,2.0637756960128386,2.0765877718867194,2.066042984445515,2.066042984445515
A_paper_s12,PM10,360,2022-08-09,2.1486437909580505,2.066014694913454,2.08456373351655,1.9724883383470697,2.055764595724606,2.062844270830769,2.1379118177840657,2.0557724162145843,2.0557724162145843
A_paper_s12,PM10,360,2022-09-08,2.216635235812697,2.1352738790743118,2.111930398153744,2.011147043006042,2.1257887333280467,2.132604477209356,2.17692446851476,2.1257969747106187,2.117014954456718
A_paper_s12,PM10,360,2022-10-08,2.1630205798711306,2.10458683776791,2.1167367568852713,2.193672751473343,2.046340503913728,2.061604946009999,2.231356546304916,2.0463832211329196,2.0470908112363344
A_paper_s12,PM10,360,2022-11-07,2.1658336474623425,2.244029365251444,2.2253774126386623,2.275311313895148,2.2621648695645846,2.2559679873312093,1.9419614489122599,2.262150184549094,2.262150184549094
A_paper_s12,PM10,360,2022-12-07,2.090819006386732,2.000230399380156,2.010298833991615,2.048563373439521,2.058251118184039,2.058251118184039,,,
B_mingguan_s7,PM10,0,2022-01-11,2.035800116206301,2.014124439714069,2.014124439714069,2.160060165068454,2.0484492592926835,2.0411108663321897,2.0897596353783796,2.0580392198882342,2.0580392198882342
B_mingguan_s7,PM10,0,2022-02-10,2.2869192986529963,2.1411168948287105,2.1411168948287105,2.493737286186112,2.13389900312325,2.1518164719621597,1.9639873910178034,2.1545855142231187,2.1545855142231187
B_mingguan_s7,PM10,0,2022-03-12,2.0461225393788784,2.0256392136189434,2.026066956722463,2.0963568542370368,2.117284790910039,2.1248634421766157,1.8526561662732188,2.0749431314409885,2.0644466418209517
B_mingguan_s7,PM10,0,2022-04-11,1.6831589308015336,1.986533025034856,1.9529625432721078,1.7281030786339973,2.098845133832267,2.073464164448486,1.9812030349352991,2.1315287630626094,2.1315287630626094
B_mingguan_s7,PM10,0,2022-05-11,1.9833455559844126,2.0261179107054565,2.02634647793093,2.107845992380574,2.0405403042540224,2.0390004736732283,2.0478679617500046,2.050505450509042,2.050505450509042
B_mingguan_s7,PM10,0,2022-06-10,2.000598435713269,2.0559265085302085,2.0717061218765576,2.1074177578334856,2.0386125395427372,2.0405050623793946,1.9995849959340932,2.0200734870679176,2.0200734870679176
B_mingguan_s7,PM10,0,2022-07-10,1.9907342328224316,2.0155382285889076,2.017361606268684,2.061152414826867,2.054637782472977,2.053711991031997,2.0765877718867194,2.041332764441911,2.041332764441911
B_mingguan_s7,PM10,0,2022-08-09,2.1486437909580505,2.077393391663224,2.087136001493528,1.9724883383470697,2.0372419000293553,2.041766794265509,2.1379118177840657,2.0600997208341045,2.0600997208341045
B_mingguan_s7,PM10,0,2022-09-08,2.216635235812697,2.1459558821161218,2.121469150530954,2.011147043006042,2.1295107856246256,2.135075987714062,2.17692446851476,2.141525928791287,2.1325978224596582
B_mingguan_s7,PM10,0,2022-10-08,2.1630205798711306,2.107720248493691,2.113408211871963,2.193672751473343,2.0636660505470883,2.077092809531965,2.231356546304916,2.030151304470496,2.0351169015237156
B_mingguan_s7,PM10,0,2022-11-07,2.1658336474623425,2.23144967108015,2.2213391507514424,2.275311313895148,2.2418991616733246,2.2383776971478424,1.9419614489122599,2.267991804599484,2.267991804599484
B_mingguan_s7,PM10,0,2022-12-07,2.090819006386732,2.001717199376312,2.0104265783027886,2.048563373439521,2.0756612989194947,2.0756612989194947,2.1488915242770124,2.0816861186653695,2.0830460576312007
B_mingguan_s7,PM10,0,2023-01-06,1.8890656097855303,2.1756238187569106,2.17783828993258,1.9201865233931217,2.1984085354057443,2.1984085354057443,2.042955696046429,2.2121810216640316,2.2121810216640316
B_mingguan_s7,PM10,0,2023-02-05,1.9486774237084459,2.048824379077091,2.050854771705335,2.294805373715896,2.0812720491271337,2.0812720491271337,2.221537345963242,2.046510421000234,2.046510421000234
B_mingguan_s7,PM10,0,2023-03-07,2.2703743012784465,2.2049498296168033,2.2122558401224715,2.235727810970731,2.163589725121553,2.163589725121553,1.8155584676259655,2.183979082556915,2.183979082556915
B_mingguan_s7,PM10,0,2023-04-06,1.9839855508078876,1.9419475867680216,1.9363366287524744,1.9831319421436893,2.0183805443455114,2.0183805443455114,2.0698603619799285,2.0102938371724153,2.0102938371724153
B_mingguan_s7,PM10,0,2023-05-06,1.9928144763110418,2.087067546155717,2.0868198079584963,2.008789180152131,2.041350077338516,2.041350077338516,1.837883760930296,2.0370909834743327,2.0370909834743327
B_mingguan_s7,PM10,0,2023-06-05,1.9070036288153207,1.905395678774198,1.905395678774198,2.0839423611621912,1.9984920134644475,1.9991594674731297,2.0480419618405756,1.9940437130412585,1.9942797316478416
B_mingguan_s7,PM10,0,2023-07-05,2.0652910060355545,2.0261826034328507,2.0261826034328507,2.1038247503502836,1.9953760892617183,1.9953760892617183,2.1055548536144757,2.00031010158618,2.005956460888248
B_mingguan_s7,PM10,0,2023-08-04,2.1340262667133314,2.0614037689431974,2.0614037689431974,1.930123183139694,2.018306958080843,2.0184899602298962,1.9460552097724477,2.0158684448103603,2.0241828841744463
B_mingguan_s7,PM10,0,2023-09-03,1.94581579391844,1.97522387149831,1.9752561172633714,2.013681730762978,2.0395285491046953,2.03759467535373,1.9991787172548816,2.0234539041482633,2.022933349686131
B_mingguan_s7,PM10,0,2023-10-03,2.2359986437832498,2.0453047302527474,2.0776031231504404,1.8887821782382572,2.081655338805573,2.0822521153482905,2.0535586569312887,2.1073854533009966,2.1098953224229158
B_mingguan_s7,PM10,0,2023-11-02,1.884789464872571,2.064622657104673,2.0575777203423766,2.1054110648712245,2.1231287297568384,2.1325571207961196,2.1807101006168232,2.1262989969288104,2.1251385380874046
B_mingguan_s7,PM10,0,2023-12-02,2.2814466385532977,2.0786239684718737,2.092865702733884,1.9936428117155824,2.0229287941245624,2.032711871931002,,,
B_mingguan_s7,PM10,180,2021-07-15,2.2913307553563786,2.212338855710898,2.2138769002215666,2.190702063204113,2.158940057486312,2.1600245032516234,2.126897819664539,2.162367077779308,2.1563675362925503
B_mingguan_s7,PM10,180,2021-08-14,2.083478256574382,2.146365467610801,2.156830323517907,2.1153104311482105,2.1807021845132764,2.187846152877442,2.2123332175713584,2.176576128103114,2.174987198983441
B_mingguan_s7,PM10,180,2021-09-13,2.1971332299243818,2.1647715110599624,2.1677690201073037,2.026804136632675,2.13165984400188,2.131970647664089,2.1980694760457844,2.139837296560362,2.1458095001634683
B_mingguan_s7,PM10,180,2021-10-13,2.1743341452188343,2.1930258461104355,2.205074618401071,2.258970345815568,2.200215144050874,2.1991434239335286,2.2970242305411364,2.201973085686687,2.2020012659590598
B_mingguan_s7,PM10,180,2021-11-12,2.460414091876322,2.278434991694214,2.278434991694214,2.2118399964288615,2.214610933376498,2.2149839909961773,2.0692117916059845,2.207074541886308,2.2071509895242634
B_mingguan_s7,PM10,180,2021-12-12,2.037244492392264,2.0988907732124957,2.0988907732124957,2.2274719888515753,2.144728880314843,2.142808290082031,1.94581579391844,2.1464596131209634,2.1464596131209634
B_mingguan_s7,PM10,180,2022-01-11,2.035800116206301,2.0126810477491057,2.013798160552831,2.160060165068454,2.054218276790456,2.047328091664154,2.0897596353783796,2.0627572420124527,2.0627572420124527
B_mingguan_s7,PM10,180,2022-02-10,2.2869192986529963,2.1337953456331022,2.1337953456331022,2.493737286186112,2.132314427796278,2.153546500077007,1.9639873910178034,2.145725362727851,2.145725362727851
B_mingguan_s7,PM10,180,2022-03-12,2.0461225393788784,2.028700733855543,2.0294962327978636,2.0963568542370368,2.114427942293814,2.1251998658911644,1.8526561662732188,2.0844702580550227,2.073395017892168
B_mingguan_s7,PM10,180,2022-04-11,1.6831589308015336,1.9858115138628156,1.9557070767736862,1.7281030786339973,2.1058266823006573,2.0790576494014044,1.9812030349352991,2.132289063836048,2.131834432886723
B_mingguan_s7,PM10,180,2022-05-11,1.9833455559844126,2.0246848350302504,2.0247808271085366,2.107845992380574,2.043423393157914,2.0416346731275574,2.0478679617500046,2.049853035736273,2.049853035736273
B_mingguan_s7,PM10,180,2022-06-10,2.000598435713269,2.0520720475807503,2.067062407652824,2.1074177578334856,2.0369055251918518,2.038881228073201,1.9995849959340932,2.024064822450876,2.024064822450876
B_mingguan_s7,PM10,180,2022-07-10,1.9907342328224316,2.0188362496801258,2.0212790147197035,2.061152414826867,2.055064808359939,2.0539652327068314,2.0765877718867194,2.0466451782046686,2.0466451782046686
B_mingguan_s7,PM10,180,2022-08-09,2.1486437909580505,2.0752032720278377,2.085252705417702,1.9724883383470697,2.0427594019246547,2.0476830004931994,2.1379118177840657,2.059280516358303,2.059280516358303
B_mingguan_s7,PM10,180,2022-09-08,2.216635235812697,2.1415879029346594,2.118941071612903,2.011147043006042,2.1268482725211357,2.132553037913788,2.17692446851476,2.135006463809405,2.12536334577913
B_mingguan_s7,PM10,180,2022-10-08,2.1630205798711306,2.1121716677666384,2.1153431977874706,2.193672751473343,2.061715317400031,2.0740225543099755,2.231356546304916,2.039156850693541,2.043733186109517
B_mingguan_s7,PM10,180,2022-11-07,2.1658336474623425,2.230954273108428,2.2224547152592864,2.275311313895148,2.239366667752617,2.23625853230409,1.9419614489122599,2.2584230071337674,2.2584230071337674
B_mingguan_s7,PM10,180,2022-12-07,2.090819006386732,2.005097443393868,2.010872705124839,2.048563373439521,2.081261486218476,2.081261486218476,2.1488915242770124,2.0847002633840743,2.0858086537255596
B_mingguan_s7,PM10,180,2023-01-06,1.8890656097855303,2.172233206017129,2.1750013721696697,1.9201865233931217,2.192165491404794,2.192165491404794,2.042955696046429,2.2045115745976385,2.2045115745976385
B_mingguan_s7,PM10,180,2023-02-05,1.9486774237084459,2.0538109383417065,2.0553286563273394,2.294805373715896,2.082421770965548,2.082421770965548,2.221537345963242,2.056901872756319,2.056901872756319
B_mingguan_s7,PM10,180,2023-03-07,2.2703743012784465,2.2021340582645257,2.2080615850541716,2.235727810970731,2.1657736676595567,2.1657736676595567,1.8155584676259655,2.179864614019454,2.179864614019454
B_mingguan_s7,PM10,180,2023-04-06,1.9839855508078876,1.9367287652131688,1.9356738399071391,1.9831319421436893,2.023360780952343,2.023360780952343,2.0698603619799285,2.0163894075186573,2.0163894075186573
B_mingguan_s7,PM10,180,2023-05-06,1.9928144763110418,2.0816177777534612,2.0816177777534612,2.008789180152131,2.0421381949291684,2.0421381949291684,1.837883760930296,2.040791064578527,2.040791064578527
B_mingguan_s7,PM10,180,2023-06-05,1.9070036288153207,1.9089081100746612,1.9089081100746612,2.0839423611621912,2.0015779687289132,2.0015986838550384,,,
B_mingguan_s7,PM10,360,2021-01-16,2.0621508129606583,2.1165384011530093,2.1165384011530093,2.426758701843186,2.078108124911711,2.0780553390395005,1.9993819212233566,2.0519100002945105,2.0519100002945105
B_mingguan_s7,PM10,360,2021-02-15,2.092626367786705,2.05376361472668,2.0507505240294908,2.219145495926383,2.05697703684976,2.0578632597040856,2.0441911054524686,2.0810414122784144,2.0810414122784144
B_mingguan_s7,PM10,360,2021-03-17,1.7958369121743323,2.088156394403294,2.088156394403294,1.8836401517569228,2.137623677524445,2.1446367592882227,1.821786238129181,2.1549148202230763,2.1549148202230763
B_mingguan_s7,PM10,360,2021-04-16,1.9383069368692056,1.9381927408271737,1.9404397652241079,2.21673221748263,2.0480251546329775,2.0240649124628356,2.0158107017839875,2.0456623591175163,2.0456623591175163
B_mingguan_s7,PM10,360,2021-05-16,2.0068108119088435,2.0497647910852868,2.0497647910852868,1.943412078999865,2.0945216295878826,2.108299668352196,1.9248092024605106,2.0880572603283096,2.082914576912172
B_mingguan_s7,PM10,360,2021-06-15,1.9429292393433024,1.981106838940119,1.981106838940119,2.0809908457608155,2.0294570924785558,2.0324443585507277,2.262256807180018,2.025364847187651,2.025364847187651
B_mingguan_s7,PM10,360,2021-07-15,2.2913307553563786,2.2154308781648706,2.2177312621356147,2.190702063204113,2.170975524442671,2.1722958931391587,2.126897819664539,2.176596853656524,2.1697684644614106
B_mingguan_s7,PM10,360,2021-08-14,2.083478256574382,2.1463802751649834,2.160829831186556,2.1153104311482105,2.179262836490739,2.1847907861307774,2.2123332175713584,2.173708357424854,2.1703247617177954
B_mingguan_s7,PM10,360,2021-09-13,2.1971332299243818,2.158766720363874,2.1625777733401996,2.026804136632675,2.1288230118232216,2.128910013033345,2.1980694760457844,2.1387013143824296,2.1426902895351874
B_mingguan_s7,PM10,360,2021-10-13,2.1743341452188343,2.197107244454878,2.2042494368288548,2.258970345815568,2.209528532020965,2.20724987288071,2.2970242305411364,2.2125108124354815,2.2125108124354815
B_mingguan_s7,PM10,360,2021-11-12,2.460414091876322,2.282108737336412,2.282108737336412,2.2118399964288615,2.2203285700022515,2.220784291365697,2.0692117916059845,2.2118830530036133,2.2118830530036133
B_mingguan_s7,PM10,360,2021-12-12,2.037244492392264,2.0947000564303417,2.0947000564303417,2.2274719888515753,2.134018391213051,2.133792990200776,1.94581579391844,2.1350274685157107,2.1350274685157107
B_mingguan_s7,PM10,360,2022-01-11,2.035800116206301,2.0108719269126736,2.0108719269126736,2.160060165068454,2.039325689651048,2.03437757526419,2.0897596353783796,2.048244180899301,2.048244180899301
B_mingguan_s7,PM10,360,2022-02-10,2.2869192986529963,2.1430169151789036,2.1430169151789036,2.493737286186112,2.1381833188020423,2.1548736619053765,1.9639873910178034,2.155453911804954,2.155453911804954
B_mingguan_s7,PM10,360,2022-03-12,2.0461225393788784,2.0279118673464134,2.02898860369463,2.0963568542370368,2.106179545288342,2.1113232910186386,1.8526561662732188,2.068518022648239,2.059155582657451
B_mingguan_s7,PM10,360,2022-04-11,1.6831589308015336,1.9904805193143789,1.9554320947986703,1.7281030786339973,2.093149675392859,2.0701528832719163,1.9812030349352991,2.1239731352388973,2.1239731352388973
B_mingguan_s7,PM10,360,2022-05-11,1.9833455559844126,2.0258256960089063,2.0275216473833906,2.107845992380574,2.0369457183991817,2.0357165159738217,2.0478679617500046,2.0443864644014917,2.0443864644014917
B_mingguan_s7,PM10,360,2022-06-10,2.000598435713269,2.0530680122899025,2.069744972658768,2.1074177578334856,2.0360089620133595,2.03776627071117,1.9995849959340932,2.0201391381118197,2.0201391381118197
B_mingguan_s7,PM10,360,2022-07-10,1.9907342328224316,2.0215054020801926,2.0222697849209217,2.061152414826867,2.058584949864179,2.0571438381673786,2.0765877718867194,2.0484475964926854,2.0484475964926854
B_mingguan_s7,PM10,360,2022-08-09,2.1486437909580505,2.0752252940319105,2.086864661702232,1.9724883383470697,2.0396658921789146,2.0439901648268823,2.1379118177840657,2.059692650630162,2.059692650630162
B_mingguan_s7,PM10,360,2022-09-08,2.216635235812697,2.14513690028169,2.118860550145511,2.011147043006042,2.130841758111876,2.1375285783910036,2.17692446851476,2.141256123904027,2.131101079623716
B_mingguan_s7,PM10,360,2022-10-08,2.1630205798711306,2.1038658301247057,2.1121858713301243,2.193672751473343,2.058341286842956,2.073038775111756,2.231356546304916,2.030202869622011,2.035499220042923
B_mingguan_s7,PM10,360,2022-11-07,2.1658336474623425,2.2409690038561627,2.223417774201296,2.275311313895148,2.2575680117821464,2.252948579904687,1.9419614489122599,2.2824998848751306,2.2824998848751306
B_mingguan_s7,PM10,360,2022-12-07,2.090819006386732,1.9970898990887562,2.0052976959635025,2.048563373439521,2.0592700012552148,2.0592700012552148,,,
A_paper_s12,PM25,0,2022-01-11,1.486043801159876,1.4724808258044861,1.4724808258044861,1.5463802165068705,1.485987535335613,1.4676634532710786,1.4747643213685016,1.4859938219839828,1.4843753310509158
A_paper_s12,PM25,0,2022-02-10,1.6021006574556473,1.506913531453088,1.5067848732817732,1.6931961950980228,1.5252789637583055,1.5236273023297364,1.45112830038359,1.5252743871458159,1.5192781773572857
A_paper_s12,PM25,0,2022-03-12,1.4899524146928862,1.4791802674687673,1.4791802674687673,1.4937541096245024,1.5053554478651565,1.5053554478651565,1.3266058448775329,1.5053345910851381,1.5044410765986256
A_paper_s12,PM25,0,2022-04-11,1.2780143102368318,1.4087416496913856,1.3903250579296984,1.4044407884990031,1.4658210204784885,1.4645208321245367,1.3684600776105063,1.4657924505051367,1.4569768409281445
A_paper_s12,PM25,0,2022-05-11,1.3713566298903974,1.4062703045868066,1.407506082229231,1.449191973729008,1.4175291046483653,1.4117910679038652,1.4319266942001012,1.417540901583393,1.4114574167585947
A_paper_s12,PM25,0,2022-06-10,1.4199366573050316,1.427507166545605,1.4268188746763282,1.468708163966802,1.4214813847558565,1.4138864547333183,1.4204768699803956,1.4214878305177205,1.4176110249242568
A_paper_s12,PM25,0,2022-07-10,1.426303543165646,1.431465588247104,1.4265827790621683,1.432928132322783,1.4378146369632916,1.442646158568318,1.4134989595854557,1.4378129535793636,1.43271694141947
A_paper_s12,PM25,0,2022-08-09,1.4485912143604445,1.4151135928466985,1.4252198583237254,1.4488918885631659,1.420310561994153,1.4266399619710963,1.4676517926007628,1.4203032304545031,1.4224058431548645
A_paper_s12,PM25,0,2022-09-08,1.5230628725580182,1.4594402110420819,1.459907286814821,1.371595921773682,1.4518240762158583,1.453525784106831,1.4813016573916815,1.4518301050463016,1.4521309069938462
A_paper_s12,PM25,0,2022-10-08,1.4598977750329798,1.4436104311330544,1.4436104311330544,1.4980962321399005,1.415190519271775,1.415190519271775,1.5165341101630527,1.4152073292749119,1.4152073292749119
A_paper_s12,PM25,0,2022-11-07,1.4736240365951496,1.525753808413413,1.525753808413413,1.6084100631201108,1.540520891181461,1.540520891181461,1.4184872916238769,1.540503795247529,1.5367528770047871
A_paper_s12,PM25,0,2022-12-07,1.4858104464327762,1.448962828495278,1.448962828495278,1.4950712560897952,1.4854107001281776,1.4854107001281776,1.5590014932765919,1.4853747317398969,1.4876274667729035
A_paper_s12,PM25,0,2023-01-06,1.384952753880765,1.5656678460928837,1.5656678460928837,1.4487416252109044,1.57607004900871,1.57607004900871,1.506685709124831,1.576058144936894,1.5746270290219568
A_paper_s12,PM25,0,2023-02-05,1.4054280571996491,1.5060304395737563,1.5060007567990408,1.627143112320542,1.4958028704345852,1.4958028704345852,1.559983156204915,1.4958193335870593,1.4958193335870593
A_paper_s12,PM25,0,2023-03-07,1.603107854799259,1.5489073166520182,1.5451860902595005,1.5698391452992015,1.5490496527575888,1.5465174178282344,1.393183996638038,1.5490404812743386,1.5490404812743386
A_paper_s12,PM25,0,2023-04-06,1.4594782357163913,1.4422018460047643,1.439698527536135,1.4340885444548208,1.452180090948404,1.4524331873695435,1.4587763774324811,1.4522030566792168,1.4522030566792168
A_paper_s12,PM25,0,2023-05-06,1.4042426385367648,1.457161453485864,1.4522309735866934,1.4206565438560534,1.443569831802721,1.4400427544832088,1.2685478762295495,1.4435911097232292,1.4435911097232292
A_paper_s12,PM25,0,2023-06-05,1.3360967278896545,1.3372043953614365,1.3294778203732458,1.442451018331973,1.4086442906292718,1.4048526961171535,1.4579297829252615,1.4085809886271365,1.4069426733900454
A_paper_s12,PM25,0,2023-07-05,1.4340885444548208,1.4387682497696774,1.4400937870255148,1.4750164992313541,1.4282396846658612,1.4295185144367497,1.475142422930009,1.4282417186624774,1.4332890513396277
A_paper_s12,PM25,0,2023-08-04,1.4898390055937112,1.4553921813808781,1.4553943110561556,1.3845085781474984,1.4366317304653309,1.4359013059749293,1.3873757774861213,1.4366469657437104,1.43705019430502
A_paper_s12,PM25,0,2023-09-03,1.4042426385367648,1.4123798301256278,1.4138489241039252,1.3967432772263064,1.4366176383630143,1.4374631078023943,1.3758494904019196,1.4365975414844638,1.4374207322897874
A_paper_s12,PM25,0,2023-10-03,1.5450554418332092,1.3927076754051921,1.4046178607131918,1.3040971345849757,1.4283578978208349,1.429022919098613,1.4619779540530191,1.428312269343791,1.4292374568307358
A_paper_s12,PM25,0,2023-11-02,1.3615160291180508,1.4505814862981394,1.4624554336064233,1.5200210968074948,1.462869950122497,1.471365591148339,1.5719100917661826,1.4628403407848205,1.464334526987146
A_paper_s12,PM25,0,2023-12-02,1.6154195198148185,1.5169294298468448,1.5277181503315602,1.488126687518597,1.475932686562004,1.4769202316280807,,,
A_paper_s12,PM25,180,2021-07-15,1.4880117817934024,1.4725729992354268,1.4717049092205083,1.5275788606814098,1.452454018767174,1.452454018767174,1.4473825887483411,1.4524732410864896,1.4520781535591318
A_paper_s12,PM25,180,2021-08-14,1.426476871553294,1.4671019941062842,1.4731325825605273,1.4701483298835283,1.488529353463206,1.488529353463206,1.5202924108756681,1.4885069315143573,1.4885069315143573
A_paper_s12,PM25,180,2021-09-13,1.4788697137997888,1.4807578214143713,1.4807578214143713,1.3412368152463554,1.4515120711233174,1.4515120711233174,1.5545119118748696,1.451540114115304,1.45460726934054
A_paper_s12,PM25,180,2021-10-13,1.5560053535249954,1.517498602327594,1.517498602327594,1.5543067693939974,1.4804364982430576,1.4811183439824303,1.5900590486693391,1.480474691226947,1.480474691226947
A_paper_s12,PM25,180,2021-11-12,1.6686243324412877,1.5780149942233719,1.577640592499143,1.5433411027801816,1.546899204850652,1.5611609907604687,1.4657846494359792,1.5469351309045587,1.545205366263934
A_paper_s12,PM25,180,2021-12-12,1.3867182767200665,1.4908083578653373,1.4908083578653373,1.5776769025868556,1.5204727927195336,1.5303568254908246,1.4368717313595831,1.520441289576802,1.5224068663564092
A_paper_s12,PM25,180,2022-01-11,1.486043801159876,1.4714694847749377,1.471579982297328,1.5463802165068705,1.488004715293764,1.469582542028314,1.4747643213685016,1.4879913443329573,1.486327892190269
A_paper_s12,PM25,180,2022-02-10,1.6021006574556473,1.5049110731781405,1.5039391152462733,1.6931961950980228,1.5243609205279764,1.5226051753683987,1.45112830038359,1.5243430525112411,1.5168629688350361
A_paper_s12,PM25,180,2022-03-12,1.4899524146928862,1.4797432620563644,1.4797432620563644,1.4937541096245024,1.5071854762283659,1.5071854762283659,1.3266058448775329,1.507157441915306,1.5046321154334483
A_paper_s12,PM25,180,2022-04-11,1.2780143102368318,1.4080441469687388,1.3912176432130958,1.4044407884990031,1.469773213945909,1.4679680526925731,1.3684600776105063,1.4697136162885787,1.4602836588110464
A_paper_s12,PM25,180,2022-05-11,1.3713566298903974,1.4056067129513414,1.407507274512794,1.449191973729008,1.420806345928298,1.4138532379746755,1.4319266942001012,1.4207951390167204,1.4146513485056345
A_paper_s12,PM25,180,2022-06-10,1.4199366573050316,1.4272396900713162,1.4266701074130959,1.468708163966802,1.4211421533819402,1.4136782524424936,1.4204768699803956,1.421148721503455,1.4173271110832684
A_paper_s12,PM25,180,2022-07-10,1.426303543165646,1.43052727408493,1.4262452827146541,1.432928132322783,1.4370493791467103,1.4419700918763776,1.4134989595854557,1.437043375569878,1.4317625748251233
A_paper_s12,PM25,180,2022-08-09,1.4485912143604445,1.4156260709004653,1.4251016497074043,1.4488918885631659,1.4207463983800497,1.4270408165267945,1.4676517926007628,1.4207405159409832,1.423316447032185
A_paper_s12,PM25,180,2022-09-08,1.5230628725580182,1.4593670063356055,1.4600517004808886,1.371595921773682,1.4514414373011566,1.453333728288227,1.4813016573916815,1.4514495297116181,1.4519184350877432
A_paper_s12,PM25,180,2022-10-08,1.4598977750329798,1.445028181559289,1.445028181559289,1.4980962321399005,1.4155911253566624,1.4155911253566624,1.5165341101630527,1.4156200658427893,1.4156200658427893
A_paper_s12,PM25,180,2022-11-07,1.4736240365951496,1.5241462200601321,1.5241462200601321,1.6084100631201108,1.5371605995613051,1.5371605995613051,1.4184872916238769,1.5371460955752547,1.532753141527733
A_paper_s12,PM25,180,2022-12-07,1.4858104464327762,1.4507782910028995,1.4507782910028995,1.4950712560897952,1.488397550525625,1.488397550525625,1.5590014932765919,1.488357712474645,1.491029741040603
A_paper_s12,PM25,180,2023-01-06,1.384952753880765,1.56413498331942,1.56413498331942,1.4487416252109044,1.573033455709115,1.573033455709115,1.506685709124831,1.573023524280974,1.5709946226981122
A_paper_s12,PM25,180,2023-02-05,1.4054280571996491,1.5059934260552201,1.5060365209894686,1.627143112320542,1.4970337396801119,1.4972913053606203,1.559983156204915,1.4970446475924237,1.4970446475924237
A_paper_s12,PM25,180,2023-03-07,1.603107854799259,1.5494522919922056,1.546499983269154,1.5698391452992015,1.548229058506977,1.5467730102650408,1.393183996638038,1.5482284304733671,1.5482284304733671
A_paper_s12,PM25,180,2023-04-06,1.4594782357163913,1.4405287449382407,1.4399504420008062,1.4340885444548208,1.4556462320288766,1.4554816613168593,1.4587763774324811,1.4556371953325768,1.4556371953325768
A_paper_s12,PM25,180,2023-05-06,1.4042426385367648,1.4570948939667647,1.456378855673491,1.4206565438560534,1.4450578143347241,1.4422803971848404,1.2685478762295495,1.4450723163566703,1.4450723163566703
A_paper_s12,PM25,180,2023-06-05,1.3360967278896545,1.3372398183850756,1.3332381000486888,1.442451018331973,1.4097787696897917,1.406286693900336,,,
A_paper_s12,PM25,360,2021-01-16,1.513903394611469,1.5398112355904727,1.5375990741743681,1.6736130548703674,1.5130189874973872,1.5137975942793973,1.4922013428882466,1.5130255563818624,1.5130255563818624
A_paper_s12,PM25,360,2021-02-15,1.5202924108756681,1.507550789935463,1.507550789935463,1.5949902527638153,1.5060493196480214,1.5106595325831664,1.4868574989179806,1.5060615814610847,1.5060615814610847
A_paper_s12,PM25,360,2021-03-17,1.3916967553944477,1.5125732700392127,1.5125732700392127,1.4302434964337392,1.537471073375601,1.538461596151301,1.3630264540503045,1.5374591726279192,1.5374591726279192
A_paper_s12,PM25,360,2021-04-16,1.4290546038329561,1.421335565425162,1.422029381051682,1.573770200281264,1.4823918452706777,1.458327877897322,1.4016453078743158,1.482359414665269,1.4836370493994084
A_paper_s12,PM25,360,2021-05-16,1.4332605463060726,1.4390272922174454,1.4378871738261962,1.3756158148673485,1.4582303754618418,1.4585763772414495,1.2795519715388317,1.458233183313033,1.4577214297138177
A_paper_s12,PM25,360,2021-06-15,1.2681442282930877,1.3366524228143013,1.3363840666046232,1.424910162659891,1.3873047442807809,1.3863864551448866,1.5001113088351776,1.3872838011534512,1.3867605898668165
A_paper_s12,PM25,360,2021-07-15,1.4880117817934024,1.4724869451169862,1.4710804357751115,1.5275788606814098,1.4556785125478127,1.4556785125478127,1.4473825887483411,1.4556795358142824,1.4558074714685365
A_paper_s12,PM25,360,2021-08-14,1.426476871553294,1.4687099018231922,1.4753201435463617,1.4701483298835283,1.4891326273044094,1.4891326273044094,1.5202924108756681,1.4891230251649863,1.4891230251649863
A_paper_s12,PM25,360,2021-09-13,1.4788697137997888,1.4772034814798434,1.4772034814798434,1.3412368152463554,1.4505685377027984,1.4505685377027984,1.5545119118748696,1.4505706271863459,1.4532262338657096
A_paper_s12,PM25,360,2021-10-13,1.5560053535249954,1.5163307323081163,1.5163307323081163,1.5543067693939974,1.4824824155452054,1.4831751740630337,1.5900590486693391,1.482496394415942,1.482496394415942
A_paper_s12,PM25,360,2021-11-12,1.6686243324412877,1.5793733196680482,1.5787865236675984,1.5433411027801816,1.5492646278349718,1.5636202366937024,1.4657846494359792,1.5492929623142282,1.547643524318296
A_paper_s12,PM25,360,2021-12-12,1.3867182767200665,1.4909961510443042,1.4909961510443042,1.5776769025868556,1.5183850255203144,1.5288597912147968,1.4368717313595831,1.5183698321363408,1.5197551150989097
A_paper_s12,PM25,360,2022-01-11,1.486043801159876,1.472667913003865,1.472667913003865,1.5463802165068705,1.4852072572712671,1.4667155937357899,1.4747643213685016,1.4852168684346339,1.483360379015358
A_paper_s12,PM25,360,2022-02-10,1.6021006574556473,1.5080241053114603,1.5080241053114603,1.6931961950980228,1.5255654673232961,1.5238524903841675,1.45112830038359,1.525567426049442,1.5195006183701032
A_paper_s12,PM25,360,2022-03-12,1.4899524146928862,1.4802250827770163,1.4802250827770163,1.4937541096245024,1.5048517345083492,1.5048517345083492,1.3266058448775329,1.5048424641527502,1.5032742804959205
A_paper_s12,PM25,360,2022-04-11,1.2780143102368318,1.4108855946285173,1.39189774091577,1.4044407884990031,1.464553943255851,1.463478053646457,1.3684600776105063,1.464547996159337,1.4553628427975573
A_paper_s12,PM25,360,2022-05-11,1.3713566298903974,1.4060381496537018,1.4074606434335157,1.449191973729008,1.4162696424403631,1.4110583203853158,1.4319266942001012,1.416283202110431,1.4102082204706066
A_paper_s12,PM25,360,2022-06-10,1.4199366573050316,1.4272568202561318,1.426331304654298,1.468708163966802,1.4215862108022048,1.413880735404391,1.4204768699803956,1.4215897320938162,1.4174795937520652
A_paper_s12,PM25,360,2022-07-10,1.426303543165646,1.431937268703949,1.4270597873031399,1.432928132322783,1.4380553786238846,1.4426980826634703,1.4134989595854557,1.4380559661530639,1.432770079744086
A_paper_s12,PM25,360,2022-08-09,1.4485912143604445,1.4153292686064498,1.425705785282386,1.4488918885631659,1.4202146449027249,1.4265202349693125,1.4676517926007628,1.4202101132987277,1.422491995289755
A_paper_s12,PM25,360,2022-09-08,1.5230628725580182,1.459080672466491,1.4594816301473896,1.371595921773682,1.4518806686112058,1.4537758069598778,1.4813016573916815,1.4518833350972729,1.4521769651233556
A_paper_s12,PM25,360,2022-10-08,1.4598977750329798,1.4420396563303877,1.4420396563303877,1.4980962321399005,1.4150144643592206,1.4150144643592206,1.5165341101630527,1.4150196297804356,1.4150196297804356
A_paper_s12,PM25,360,2022-11-07,1.4736240365951496,1.5272453829618153,1.5272453829618153,1.6084100631201108,1.5416810688938054,1.5416810688938054,1.4184872916238769,1.541671300863559,1.5377731468692817
A_paper_s12,PM25,360,2022-12-07,1.4858104464327762,1.4503659665339679,1.4503659665339679,1.4950712560897952,1.4846055697997353,1.4846055697997353,,,
B_mingguan_s7,PM25,0,2022-01-11,1.486043801159876,1.4725286122941477,1.4725286122941477,1.5463802165068705,1.4859107704523187,1.4675156704767691,1.4747643213685016,1.4862717066522746,1.484642437404828
B_mingguan_s7,PM25,0,2022-02-10,1.6021006574556473,1.507051946635972,1.507051946635972,1.6931961950980228,1.524783601427364,1.5231279671385154,1.45112830038359,1.5251659586678106,1.5188904293408643
B_mingguan_s7,PM25,0,2022-03-12,1.4899524146928862,1.4795598362080253,1.4795598362080253,1.4937541096245024,1.5051774873663404,1.5051774873663404,1.3266058448775329,1.5055650373794116,1.5047608997250281
B_mingguan_s7,PM25,0,2022-04-11,1.2780143102368318,1.4091695624954577,1.3904463456073695,1.4044407884990031,1.465363516779084,1.463997851005157,1.3684600776105063,1.4663327336074377,1.4573539943330889
B_mingguan_s7,PM25,0,2022-05-11,1.3713566298903974,1.4059732599185395,1.4073637169288102,1.449191973729008,1.417367992711952,1.4113842015468545,1.4319266942001012,1.4177608712457803,1.4115970090890646
B_mingguan_s7,PM25,0,2022-06-10,1.4199366573050316,1.4274256090204471,1.4268600348681526,1.468708163966802,1.421508735179226,1.4139342471071534,1.4204768699803956,1.421443704955873,1.4175051017749094
B_mingguan_s7,PM25,0,2022-07-10,1.426303543165646,1.4314949140306326,1.4266201472441005,1.432928132322783,1.4375635602040489,1.4424037721577612,1.4134989595854557,1.4376949031823636,1.4325218634201307
B_mingguan_s7,PM25,0,2022-08-09,1.4485912143604445,1.4148398731309997,1.425146472385041,1.4488918885631659,1.4203014578220174,1.4266387219038015,1.4676517926007628,1.4203357179812444,1.4224295249922494
B_mingguan_s7,PM25,0,2022-09-08,1.5230628725580182,1.4593190630606792,1.4597493244448474,1.371595921773682,1.4517804902136415,1.4534531729359534,1.4813016573916815,1.4516706264469963,1.451963945602853
B_mingguan_s7,PM25,0,2022-10-08,1.4598977750329798,1.4441061028886153,1.4441061028886153,1.4980962321399005,1.415662436401932,1.415662436401932,1.5165341101630527,1.4151957123066714,1.4151957123066714
B_mingguan_s7,PM25,0,2022-11-07,1.4736240365951496,1.5256007030504628,1.5256007030504628,1.6084100631201108,1.5398200690304054,1.5398200690304054,1.4184872916238769,1.5399914543347497,1.5362251035304826
B_mingguan_s7,PM25,0,2022-12-07,1.4858104464327762,1.449565805754682,1.449565805754682,1.4950712560897952,1.4853096220389632,1.4853096220389632,1.5590014932765919,1.4857538178009626,1.4879847119110123
B_mingguan_s7,PM25,0,2023-01-06,1.384952753880765,1.5655237510640827,1.5655237510640827,1.4487416252109044,1.5755629350066138,1.5755629350066138,1.506685709124831,1.5756791837134627,1.5742375605563865
B_mingguan_s7,PM25,0,2023-02-05,1.4054280571996491,1.5063876418611277,1.506215917185735,1.627143112320542,1.4961992283161345,1.4961992283161345,1.559983156204915,1.4961340484496843,1.4961340484496843
B_mingguan_s7,PM25,0,2023-03-07,1.603107854799259,1.5490779141122193,1.5452274633398722,1.5698391452992015,1.5491847080531191,1.5470576748477256,1.393183996638038,1.5490651613353705,1.5490651613353705
B_mingguan_s7,PM25,0,2023-04-06,1.4594782357163913,1.4422758153836792,1.4400744763816355,1.4340885444548208,1.4522650833836703,1.4524353037266107,1.4587763774324811,1.4527147792359834,1.4527147792359834
B_mingguan_s7,PM25,0,2023-05-06,1.4042426385367648,1.4574876471039095,1.4530965573514865,1.4206565438560534,1.4439493783118185,1.4406659975857565,1.2685478762295495,1.4438512838758353,1.4438512838758353
B_mingguan_s7,PM25,0,2023-06-05,1.3360967278896545,1.3372061500459542,1.3298508536931313,1.442451018331973,1.4077897379920723,1.4040449273154547,1.4579297829252615,1.4087580524007248,1.4071292600500902
B_mingguan_s7,PM25,0,2023-07-05,1.4340885444548208,1.4388149889369102,1.4398881871277334,1.4750164992313541,1.4283437426720145,1.429646790325713,1.475142422930009,1.4281203879169366,1.4331772541852354
B_mingguan_s7,PM25,0,2023-08-04,1.4898390055937112,1.4553304043326918,1.4553288805705453,1.3845085781474984,1.436950350105859,1.4361930269469732,1.3873757774861213,1.4366610512314393,1.4369958815660095
B_mingguan_s7,PM25,0,2023-09-03,1.4042426385367648,1.4119684483138486,1.4138010323452919,1.3967432772263064,1.4361262718504988,1.4369749768442264,1.3758494904019196,1.4364781215151496,1.4372266080713154
B_mingguan_s7,PM25,0,2023-10-03,1.5450554418332092,1.3926020596961575,1.4045985534723033,1.3040971345849757,1.4279755080030248,1.428634009960471,1.4619779540530191,1.4283143701025331,1.4291552645775163
B_mingguan_s7,PM25,0,2023-11-02,1.3615160291180508,1.4496797926431892,1.4623377321306503,1.5200210968074948,1.4625733639845429,1.4709363909108846,1.5719100917661826,1.4625612666124046,1.4640481087381636
B_mingguan_s7,PM25,0,2023-12-02,1.6154195198148185,1.517202764899675,1.527547570502152,1.488126687518597,1.4763855749875139,1.47736962936328,,,
B_mingguan_s7,PM25,180,2021-07-15,1.4880117817934024,1.4732432803234734,1.4723167803824855,1.5275788606814098,1.4524392478789552,1.4524392478789552,1.4473825887483411,1.4532969565837843,1.4528396547889022
B_mingguan_s7,PM25,180,2021-08-14,1.426476871553294,1.4685532750011894,1.4729085585890802,1.4701483298835283,1.4897981205984794,1.4897981205984794,1.5202924108756681,1.489000723407918,1.489000723407918
B_mingguan_s7,PM25,180,2021-09-13,1.4788697137997888,1.481170460786612,1.481170460786612,1.3412368152463554,1.4498334127270702,1.4498334127270702,1.5545119118748696,1.4510945017446126,1.453700349768008
B_mingguan_s7,PM25,180,2021-10-13,1.5560053535249954,1.5185460206233914,1.5185460206233914,1.5543067693939974,1.4799171154337967,1.4805398500556162,1.5900590486693391,1.4812412079704547,1.4812412079704547
B_mingguan_s7,PM25,180,2021-11-12,1.6686243324412877,1.5777534552228913,1.5773890594161613,1.5433411027801816,1.5472309607927284,1.561606673353888,1.4657846494359792,1.5479903267322188,1.5466680432106517
B_mingguan_s7,PM25,180,2021-12-12,1.3867182767200665,1.4901057989497333,1.4901057989497333,1.5776769025868556,1.5208324189701352,1.530965825644459,1.4368717313595831,1.5198583776702537,1.5221068376178348
B_mingguan_s7,PM25,180,2022-01-11,1.486043801159876,1.471317034827462,1.4718253268292343,1.5463802165068705,1.4880489395464684,1.4698200565982908,1.4747643213685016,1.4871622772994935,1.4855130247306696
B_mingguan_s7,PM25,180,2022-02-10,1.6021006574556473,1.5046088910231838,1.5025150570599386,1.6931961950980228,1.5256007355235846,1.5238547132699307,1.45112830038359,1.5246524958731593,1.5179465198661368
B_mingguan_s7,PM25,180,2022-03-12,1.4899524146928862,1.4788132729985717,1.4788132729985717,1.4937541096245024,1.5075222279605676,1.5075222279605676,1.3266058448775329,1.5064870214504211,1.5038174374087077
B_mingguan_s7,PM25,180,2022-04-11,1.2780143102368318,1.4069500215559905,1.3909051567740536,1.4044407884990031,1.4706531070257414,1.469059432096787,1.3684600776105063,1.4681459367755292,1.4591822903862524
B_mingguan_s7,PM25,180,2022-05-11,1.3713566298903974,1.4062654220652633,1.4077986116533914,1.449191973729008,1.4209814506420073,1.4147579043272374,1.4319266942001012,1.4200078298701366,1.4140779143367592
B_mingguan_s7,PM25,180,2022-06-10,1.4199366573050316,1.4274113515285496,1.4265529630145792,1.468708163966802,1.4210476818158402,1.4135491309957442,1.4204768699803956,1.421230970216043,1.41757415443138
B_mingguan_s7,PM25,180,2022-07-10,1.426303543165646,1.4304838866375778,1.4261797992467176,1.432928132322783,1.4377046242294491,1.4425912400908674,1.4134989595854557,1.4373809634678951,1.432308836034094
B_mingguan_s7,PM25,180,2022-08-09,1.4485912143604445,1.416287818569735,1.4253089754723356,1.4488918885631659,1.4207478233673683,1.4270155385662269,1.4676517926007628,1.4206364055633236,1.423211016170036
B_mingguan_s7,PM25,180,2022-09-08,1.5230628725580182,1.4596998859005221,1.460511829814516,1.371595921773682,1.4516106541320146,1.4535006172057636,1.4813016573916815,1.4518958591645017,1.4523801600620336
B_mingguan_s7,PM25,180,2022-10-08,1.4598977750329798,1.4438057370917743,1.4438057370917743,1.4980962321399005,1.4144061454794745,1.4144061454794745,1.5165341101630527,1.4156006000805024,1.4156006000805024
B_mingguan_s7,PM25,180,2022-11-07,1.4736240365951496,1.524667315622396,1.524667315622396,1.6084100631201108,1.5391461679714846,1.5391461679714846,1.4184872916238769,1.53869450333624,1.5343715717121849
B_mingguan_s7,PM25,180,2022-12-07,1.4858104464327762,1.4493051749295807,1.4493051749295807,1.4950712560897952,1.48851841333641,1.48851841333641,1.5590014932765919,1.4872881115213161,1.49000754734497
B_mingguan_s7,PM25,180,2023-01-06,1.384952753880765,1.5645398844659377,1.5645398844659377,1.4487416252109044,1.5744460682041341,1.5744460682041341,1.506685709124831,1.5741502357991142,1.5721642267274845
B_mingguan_s7,PM25,180,2023-02-05,1.4054280571996491,1.5050452071999707,1.5055110614176483,1.627143112320542,1.495942149287602,1.4963047443979596,1.559983156204915,1.496151977667339,1.496151977667339
B_mingguan_s7,PM25,180,2023-03-07,1.603107854799259,1.5490841357859038,1.5461583319342553,1.5698391452992015,1.547975377597436,1.5455086759543144,1.393183996638038,1.5482582746414701,1.5482582746414701
B_mingguan_s7,PM25,180,2023-04-06,1.4594782357163913,1.440214858823162,1.4392752633392598,1.4340885444548208,1.4551857964052148,1.4551979223436227,1.4587763774324811,1.4541211407178998,1.4541211407178998
B_mingguan_s7,PM25,180,2023-05-06,1.4042426385367648,1.456217966264289,1.4539168427186677,1.4206565438560534,1.4440133460389162,1.4406472747747712,1.2685478762295495,1.4443112419506057,1.4443112419506057
B_mingguan_s7,PM25,180,2023-06-05,1.3360967278896545,1.3372043024576312,1.3322388861744603,1.442451018331973,1.4117273279630078,1.4081215712947108,,,
B_mingguan_s7,PM25,360,2021-01-16,1.513903394611469,1.5376532015864626,1.5367743511276883,1.6736130548703674,1.510028648073599,1.511123477140217,1.4922013428882466,1.5121594066807909,1.5121594066807909
B_mingguan_s7,PM25,360,2021-02-15,1.5202924108756681,1.508107522036799,1.508107522036799,1.5949902527638153,1.5046990147002743,1.5098690908146324,1.4868574989179806,1.5045451158153103,1.5045451158153103
B_mingguan_s7,PM25,360,2021-03-17,1.3916967553944477,1.5161075092954945,1.5161075092954945,1.4302434964337392,1.538475046794469,1.5391277908178882,1.3630264540503045,1.5370853349345766,1.5370853349345766
B_mingguan_s7,PM25,360,2021-04-16,1.4290546038329561,1.4207506196606086,1.421362965215143,1.573770200281264,1.4850100323793254,1.461582293686985,1.4016453078743158,1.481487361685754,1.4825185323618548
B_mingguan_s7,PM25,360,2021-05-16,1.4332605463060726,1.4397420655299238,1.4386285465995265,1.3756158148673485,1.4588432561041127,1.4596088207091253,1.2795519715388317,1.457199166574983,1.456594705811492
B_mingguan_s7,PM25,360,2021-06-15,1.2681442282930877,1.3352753288858024,1.335238883743014,1.424910162659891,1.3896933413660517,1.388428845931463,1.5001113088351776,1.3864270436104664,1.385945572150958
B_mingguan_s7,PM25,360,2021-07-15,1.4880117817934024,1.4735680319461413,1.4718326454666955,1.5275788606814098,1.4554710479773587,1.4554710479773587,1.4473825887483411,1.4567754599551879,1.4567528961985667
B_mingguan_s7,PM25,360,2021-08-14,1.426476871553294,1.4709928673886932,1.474816844647796,1.4701483298835283,1.491006058939395,1.491006058939395,1.5202924108756681,1.4896639247566401,1.4896639247566401
B_mingguan_s7,PM25,360,2021-09-13,1.4788697137997888,1.4778823364234266,1.4778823364234266,1.3412368152463554,1.447966799482984,1.447966799482984,1.5545119118748696,1.4500473926739035,1.451984707376413
B_mingguan_s7,PM25,360,2021-10-13,1.5560053535249954,1.5180566944939822,1.5180566944939822,1.5543067693939974,1.4816267289166902,1.4822262341253067,1.5900590486693391,1.4836876976963829,1.4836876976963829
B_mingguan_s7,PM25,360,2021-11-12,1.6686243324412877,1.5787567915324885,1.577972078180067,1.5433411027801816,1.5494406151790268,1.5639897839856147,1.4657846494359792,1.5505684585564046,1.549603948588397
B_mingguan_s7,PM25,360,2021-12-12,1.3867182767200665,1.4898045914378941,1.4898045914378941,1.5776769025868556,1.5189573227486524,1.5298538082202437,1.4368717313595831,1.5174678329097075,1.5193384783679906
B_mingguan_s7,PM25,360,2022-01-11,1.486043801159876,1.4724958589606203,1.4726704299029487,1.5463802165068705,1.4854158963928543,1.467247252591902,1.4747643213685016,1.4840720231811142,1.4822955289857942
B_mingguan_s7,PM25,360,2022-02-10,1.6021006574556473,1.5074584561255522,1.503920637705442,1.6931961950980228,1.5275853731274778,1.525879368290361,1.45112830038359,1.5259686764931275,1.5212048221629308
B_mingguan_s7,PM25,360,2022-03-12,1.4899524146928862,1.478584298487188,1.478584298487188,1.4937541096245024,1.5054679956372417,1.5054679956372417,1.3266058448775329,1.5038442562301921,1.5020249040239984
B_mingguan_s7,PM25,360,2022-04-11,1.2780143102368318,1.4091269815172551,1.3912570812717593,1.4044407884990031,1.4660424264289196,1.465193183964527,1.3684600776105063,1.462200005786886,1.4536987035967854
B_mingguan_s7,PM25,360,2022-05-11,1.3713566298903974,1.4070994684725207,1.4079328345510596,1.449191973729008,1.4168751587200281,1.4125620940885952,1.4319266942001012,1.4153761043677453,1.4095494863295588
B_mingguan_s7,PM25,360,2022-06-10,1.4199366573050316,1.427618445466572,1.4261594492302847,1.468708163966802,1.4215838717314317,1.413778301462124,1.4204768699803956,1.4218505437464257,1.4179923731458277
B_mingguan_s7,PM25,360,2022-07-10,1.426303543165646,1.4318383959027459,1.4269137789222395,1.432928132322783,1.4391006762908538,1.4436727397270965,1.4134989595854557,1.4385258800412566,1.4335410281920102
B_mingguan_s7,PM25,360,2022-08-09,1.4485912143604445,1.4164807227506897,1.4260861230978839,1.4488918885631659,1.420218440639553,1.4265264850372017,1.4676517926007628,1.4200754324617455,1.4223859031905668
B_mingguan_s7,PM25,360,2022-09-08,1.5230628725580182,1.459594380039872,1.4603308346136217,1.371595921773682,1.4520542365699147,1.45411747304938,1.4813016573916815,1.4524955958568584,1.4528083537286984
B_mingguan_s7,PM25,360,2022-10-08,1.4598977750329798,1.440063628414297,1.440063628414297,1.4980962321399005,1.4132394461729458,1.4132394461729458,1.5165341101630527,1.4151872456626187,1.4151872456626187
B_mingguan_s7,PM25,360,2022-11-07,1.4736240365951496,1.5278833238188594,1.5278833238188594,1.6084100631201108,1.5445250616831654,1.5445250616831654,1.4184872916238769,1.5436171468551398,1.5398324048773657
B_mingguan_s7,PM25,360,2022-12-07,1.4858104464327762,1.4478409066479003,1.4478409066479003,1.4950712560897952,1.4847864561847466,1.4847864561847466,,,
