horizon,arm,rmse_kita,rmse_bilstm,delta_pct_vs_bilstm,mape_kita,dm_p_vs_bilstm,n
1,B: mingguan s=7 + resep,0.5797318925340995,0.5914729671078769,-1.9850568372021573,5.9772947939527015,0.7504910263920448,24
1,"B: mingguan s=7, SARIMA saja",0.5819790011762298,0.5914729671078769,-1.6051394500867375,6.074628632587392,0.7949996000067232,24
1,C: paper + Fourier mingguan + resep,0.5759378919539775,0.5914729671078769,-2.62650636932085,5.892000833293767,0.657200273590703,24
1,A: paper (s=12) + resep,0.5744549854090626,0.5914729671078769,-2.877220540108039,6.177841207327886,0.40699565853484954,24
7,B: mingguan s=7 + resep,0.748011851398095,0.7603242632055757,-1.6193632642434355,7.532082335526457,0.6860750129189301,24
7,"B: mingguan s=7, SARIMA saja",0.7370675656552694,0.7603242632055757,-3.058786714533417,7.477015401208398,0.3323733510609057,24
7,C: paper + Fourier mingguan + resep,0.7622337248253184,0.7603242632055757,0.2511377989822777,7.693373011265031,0.9484885406269816,24
7,A: paper (s=12) + resep,0.8041965493631141,0.7603242632055757,5.770207302417274,7.959338005280353,0.04848490970513697,24
30,B: mingguan s=7 + resep,0.5697298358665743,0.6289476784619318,-9.415384557928967,5.9863506438353165,0.25027109783714163,23
30,"B: mingguan s=7, SARIMA saja",0.5733905425708656,0.6289476784619318,-8.833347795627303,6.036125918551249,0.39890385554915797,23
30,C: paper + Fourier mingguan + resep,0.5172786861825468,0.6289476784619318,-17.75489378583404,5.626098713584346,0.4447048035040977,23
30,A: paper (s=12) + resep,0.5981097078443842,0.6289476784619318,-4.903105882028323,6.886385924010807,0.6183283518579912,23
