target,variant,fold,origin,actual,sarima,corr,alpha,recipe,full,oracle_alpha,oracle,e_sarima,e_recipe
PM25,A_paper_s12,0,2022-01-11,1.5463802165068705,1.485987535335613,-0.02185318788301979,0.8385084209509015,1.4676634532710786,1.4641343474525932,0.0,1.485987535335613,0.06039268117125762,0.07871676323579191
PM25,A_paper_s12,0,2022-02-10,1.6931961950980228,1.5252789637583055,-0.004814499342832085,0.34305985128613736,1.5236273023297364,1.5204644644154734,0.0,1.5252789637583055,0.16791723133971725,0.16956889276828635
PM25,A_paper_s12,0,2022-03-12,1.4937541096245024,1.5053554478651565,0.011057592876619603,0.0,1.5053554478651565,1.5164130407417762,0.0,1.5053554478651565,-0.011601338240654124,-0.011601338240654124
PM25,A_paper_s12,0,2022-04-11,1.4044407884990031,1.4658210204784885,-0.0067688173140628615,0.1920850118455078,1.4645208321245367,1.4590522031644257,1.5,1.4556677945073941,-0.06138023197948539,-0.06008004362553354
PM25,A_paper_s12,0,2022-05-11,1.449191973729008,1.4175291046483653,-0.008938639011430376,0.6419362877461104,1.4117910679038652,1.408590465636935,0.0,1.4175291046483653,0.03166286908064264,0.03740090582514277
PM25,A_paper_s12,0,2022-06-10,1.468708163966802,1.4214813847558565,-0.00810097455523706,0.9375328820935974,1.4138864547333183,1.4133804102006196,0.0,1.4214813847558565,0.047226779210945535,0.05482170923348373
PM25,A_paper_s12,0,2022-07-10,1.432928132322783,1.4378146369632916,0.004831521605026299,1.0,1.442646158568318,1.442646158568318,0.0,1.4378146369632916,-0.00488650464050866,-0.009718026245534972
PM25,A_paper_s12,0,2022-08-09,1.4488918885631659,1.420310561994153,0.0063293999769434735,1.0,1.4266399619710963,1.4266399619710963,1.5,1.4298046619595681,0.02858132656901291,0.022251926592069537
PM25,A_paper_s12,0,2022-09-08,1.371595921773682,1.4518240762158583,0.014113209812943093,0.12057553976219453,1.453525784106831,1.4659372860288014,0.0,1.4518240762158583,-0.08022815444217635,-0.08192986233314903
PM25,A_paper_s12,0,2022-10-08,1.4980962321399005,1.415190519271775,0.01945903069897264,0.0,1.415190519271775,1.4346495499707477,1.5,1.444379065320234,0.08290571286812543,0.08290571286812543
PM25,A_paper_s12,0,2022-11-07,1.6084100631201108,1.540520891181461,0.0001445734232827558,0.0,1.540520891181461,1.5406654646047437,1.5,1.5407377513163851,0.06788917193864985,0.06788917193864985
PM25,A_paper_s12,0,2022-12-07,1.4950712560897952,1.4854107001281776,0.010415694244028066,0.0,1.4854107001281776,1.4958263943722057,0.9500000000000001,1.4953056096600041,0.009660555961617634,0.009660555961617634
PM25,A_paper_s12,0,2023-01-06,1.4487416252109044,1.57607004900871,-0.008134625417622447,0.0,1.57607004900871,1.5679354235910876,1.5,1.5638681108822763,-0.12732842379780562,-0.12732842379780562
PM25,A_paper_s12,0,2023-02-05,1.627143112320542,1.4958028704345852,0.005013336782155452,0.0,1.4958028704345852,1.5008162072167406,1.5,1.5033228756078183,0.13134024188595683,0.13134024188595683
PM25,A_paper_s12,0,2023-03-07,1.5698391452992015,1.5490496527575888,-0.018838917682831188,0.13441509602550558,1.5465174178282344,1.5302107350747576,0.0,1.5490496527575888,0.020789492541612775,0.02332172747096717
PM25,A_paper_s12,0,2023-04-06,1.4340885444548208,1.452180090948404,0.0008862260305537973,0.28558901726402514,1.4524331873695435,1.4530663169789577,0.0,1.452180090948404,-0.018091546493583133,-0.01834464291472271
PM25,A_paper_s12,0,2023-05-06,1.4206565438560534,1.443569831802721,-0.015251691565408773,0.231258106970358,1.4400427544832088,1.4283181402373122,1.5,1.4206922944546079,-0.022913287946667582,-0.019386210627155398
PM25,A_paper_s12,0,2023-06-05,1.442451018331973,1.4086442906292718,-0.007033399721180286,0.5390841786939,1.4048526961171535,1.4016108909080915,0.0,1.4086442906292718,0.03380672770270121,0.03759832221481951
PM25,A_paper_s12,0,2023-07-05,1.4750164992313541,1.4282396846658612,0.0025347233547740045,0.5045243965105922,1.4295185144367497,1.430774408020635,1.5,1.432041769698022,0.046776814565492986,0.04549798479460443
PM25,A_paper_s12,0,2023-08-04,1.3845085781474984,1.4366317304653309,-0.0033169950913702834,0.22020668414674066,1.4359013059749293,1.4333147353739606,1.5,1.4316562378282756,-0.05212315231783249,-0.05139272782743087
PM25,A_paper_s12,0,2023-09-03,1.3967432772263064,1.4366176383630143,0.0024732984979655022,0.341838819728176,1.4374631078023943,1.4390909368609797,0.0,1.4366176383630143,-0.03987436113670784,-0.040719830576087856
PM25,A_paper_s12,0,2023-10-03,1.3040971345849757,1.4283578978208349,0.0020689181086262724,0.32143431632466885,1.429022919098613,1.430426815929461,0.0,1.4283578978208349,-0.12426076323585922,-0.12492578451363734
PM25,A_paper_s12,0,2023-11-02,1.5200210968074948,1.462869950122497,0.01427935067398861,0.5949598983739185,1.471365591148339,1.4771493007964858,1.5,1.48428897613348,0.057151146684997656,0.04865550565915577
PM25,A_paper_s12,0,2023-12-02,1.488126687518597,1.475932686562004,0.0010883190369385344,0.9074040171665848,1.4769202316280807,1.4770210055989426,1.5,1.4775651651174118,0.012194000956593065,0.011206455890516276
PM25,A_paper_s12,180,2021-07-15,1.5275788606814098,1.452454018767174,-0.0007828294754048475,0.0,1.452454018767174,1.451671189291769,0.0,1.452454018767174,0.07512484191423585,0.07512484191423585
PM25,A_paper_s12,180,2021-08-14,1.4701483298835283,1.488529353463206,0.010287307812604311,0.0,1.488529353463206,1.4988166612758103,0.0,1.488529353463206,-0.018381023579677747,-0.018381023579677747
PM25,A_paper_s12,180,2021-09-13,1.3412368152463554,1.4515120711233174,0.009914578546368484,0.0,1.4515120711233174,1.461426649669686,0.0,1.4515120711233174,-0.11027525587696196,-0.11027525587696196
PM25,A_paper_s12,180,2021-10-13,1.5543067693939974,1.4804364982430576,0.002654385653753623,0.25687515994841914,1.4811183439824303,1.483090883896811,1.5,1.484418076723688,0.0738702711509398,0.07318842541156712
PM25,A_paper_s12,180,2021-11-12,1.5433411027801816,1.546899204850652,0.014261785909816558,1.0,1.5611609907604687,1.5611609907604687,0.0,1.546899204850652,-0.0035581020704704702,-0.017819887980287108
PM25,A_paper_s12,180,2021-12-12,1.5776769025868556,1.5204727927195336,0.010438745068031005,0.946860250621614,1.5303568254908246,1.5309115377875646,1.5,1.5361309103215801,0.05720410986732194,0.04732007709603092
PM25,A_paper_s12,180,2022-01-11,1.5463802165068705,1.488004715293764,-0.022151888142684963,0.8316299336105781,1.469582542028314,1.4658528271510791,0.0,1.488004715293764,0.05837550121310642,0.07679767447855657
PM25,A_paper_s12,180,2022-02-10,1.6931961950980228,1.5243609205279764,-0.004434898572991057,0.3958929681662525,1.5226051753683987,1.5199260219549855,0.0,1.5243609205279764,0.16883527457004632,0.1705910197296241
PM25,A_paper_s12,180,2022-03-12,1.4937541096245024,1.5071854762283659,0.010942507514909976,0.0,1.5071854762283659,1.5181279837432757,0.0,1.5071854762283659,-0.01343136660386346,-0.01343136660386346
PM25,A_paper_s12,180,2022-04-11,1.4044407884990031,1.469773213945909,-0.0084244189849784,0.21427724054971956,1.4679680526925731,1.4613487949609305,1.5,1.4571365854684415,-0.06533242544690587,-0.06352726419357002
PM25,A_paper_s12,180,2022-05-11,1.449191973729008,1.420806345928298,-0.010291422923212175,0.6756216322564935,1.4138532379746755,1.4105149230050857,0.0,1.420806345928298,0.028385627800709967,0.03533873575433244
PM25,A_paper_s12,180,2022-06-10,1.468708163966802,1.4211421533819402,-0.007911645561072708,0.9434068907448009,1.4136782524424936,1.4132305078208676,0.0,1.4211421533819402,0.04756601058486187,0.05502991152430847
PM25,A_paper_s12,180,2022-07-10,1.432928132322783,1.4370493791467103,0.004920712729667248,1.0,1.4419700918763776,1.4419700918763776,0.0,1.4370493791467103,-0.004121246823927338,-0.009041959553594658
PM25,A_paper_s12,180,2022-08-09,1.4488918885631659,1.4207463983800497,0.0062944181467448155,1.0,1.4270408165267945,1.4270408165267945,1.5,1.430188025600167,0.028145490183116184,0.021851072036371377
PM25,A_paper_s12,180,2022-09-08,1.371595921773682,1.4514414373011566,0.014053557432813168,0.1346485397819816,1.453333728288227,1.4654949947339697,0.0,1.4514414373011566,-0.07984551552747465,-0.0817378065145451
PM25,A_paper_s12,180,2022-10-08,1.4980962321399005,1.4155911253566624,0.019381667873554415,0.0,1.4155911253566624,1.4349727932302168,1.5,1.4446636271669941,0.08250510678323808,0.08250510678323808
PM25,A_paper_s12,180,2022-11-07,1.6084100631201108,1.5371605995613051,0.0007222080927274496,0.0,1.5371605995613051,1.5378828076540325,1.5,1.5382439117003963,0.07124946355880568,0.07124946355880568
PM25,A_paper_s12,180,2022-12-07,1.4950712560897952,1.488397550525625,0.00994969935727859,0.0,1.488397550525625,1.4983472498829036,0.65,1.494864855107856,0.006673705564170129,0.006673705564170129
PM25,A_paper_s12,180,2023-01-06,1.4487416252109044,1.573033455709115,-0.006975972988376154,0.0,1.573033455709115,1.566057482720739,1.5,1.5625694962265508,-0.12429183049821058,-0.12429183049821058
PM25,A_paper_s12,180,2023-02-05,1.627143112320542,1.4970337396801119,0.004674563523468681,0.05509940750943766,1.4972913053606203,1.5017083032035805,1.5,1.504045584965315,0.1301093726404301,0.1298518069599217
PM25,A_paper_s12,180,2023-03-07,1.5698391452992015,1.548229058506977,-0.01902534580426822,0.07653202506361664,1.5467730102650408,1.5292037127027087,0.0,1.548229058506977,0.021610086792224648,0.023066135034160773
PM25,A_paper_s12,180,2023-04-06,1.4340885444548208,1.4556462320288766,-0.0006535739742795322,0.2518012015374915,1.4554816613168593,1.454992658054597,1.5,1.4546658710674572,-0.02155768757405574,-0.021393116862038486
PM25,A_paper_s12,180,2023-05-06,1.4206565438560534,1.4450578143347241,-0.015569751527038182,0.1783854511140071,1.4422803971848404,1.429488062807686,1.5,1.4217031870441668,-0.02440127047867069,-0.021623853328786913
PM25,A_paper_s12,180,2023-06-05,1.442451018331973,1.4097787696897917,-0.006974873412624229,0.5006651135969147,1.406286693900336,1.4028038962771674,0.0,1.4097787696897917,0.03267224864218132,0.036164324431636974
PM25,A_paper_s12,360,2021-01-16,1.6736130548703674,1.5130189874973872,0.0009598889724542626,0.811142542891588,1.5137975942793973,1.5139788764698414,1.5,1.5144588209560685,0.1605940673729802,0.15981546059097007
PM25,A_paper_s12,360,2021-02-15,1.5949902527638153,1.5060493196480214,0.005168740292147363,0.8919412999235379,1.5106595325831664,1.5112180599401688,1.5,1.5138024300862425,0.08894093311579399,0.08433072018064891
PM25,A_paper_s12,360,2021-03-17,1.4302434964337392,1.537471073375601,0.0014937014980182625,0.6631330135333361,1.538461596151301,1.5389647748736193,0.0,1.537471073375601,-0.1072275769418618,-0.10821809971756191
PM25,A_paper_s12,360,2021-04-16,1.573770200281264,1.4823918452706777,-0.02773835002373858,0.8675342027467913,1.458327877897322,1.4546534952469392,0.0,1.4823918452706777,0.09137835501058622,0.11544232238394181
PM25,A_paper_s12,360,2021-05-16,1.3756158148673485,1.4582303754618418,0.0012673104656624687,0.27302053362820605,1.4585763772414495,1.4594976859275042,0.0,1.4582303754618418,-0.08261456059449324,-0.08296056237410099
PM25,A_paper_s12,360,2021-06-15,1.424910162659891,1.3873047442807809,-0.010155866571901569,0.09041957467568067,1.3863864551448866,1.3771488777088794,0.0,1.3873047442807809,0.037605418379110134,0.038523707515004446
PM25,A_paper_s12,360,2021-07-15,1.5275788606814098,1.4556785125478127,-0.0015811122816758764,0.0,1.4556785125478127,1.4540974002661369,0.0,1.4556785125478127,0.07190034813359714,0.07190034813359714
PM25,A_paper_s12,360,2021-08-14,1.4701483298835283,1.4891326273044094,0.010123515405060398,0.0,1.4891326273044094,1.4992561427094697,0.0,1.4891326273044094,-0.018984297420881147,-0.018984297420881147
PM25,A_paper_s12,360,2021-09-13,1.3412368152463554,1.4505685377027984,0.009220297617625033,0.0,1.4505685377027984,1.4597888353204234,0.0,1.4505685377027984,-0.10933172245644296,-0.10933172245644296
PM25,A_paper_s12,360,2021-10-13,1.5543067693939974,1.4824824155452054,0.0023129297419965736,0.2995155906595897,1.4831751740630337,1.484795345287202,1.5,1.4859518101582003,0.07182435384879193,0.07113159533096369
PM25,A_paper_s12,360,2021-11-12,1.5433411027801816,1.5492646278349718,0.014355608858730768,1.0,1.5636202366937024,1.5636202366937024,0.0,1.5492646278349718,-0.005923525054790213,-0.020279133913520875
PM25,A_paper_s12,360,2021-12-12,1.5776769025868556,1.5183850255203144,0.01062999232541068,0.9853972960491029,1.5288597912147968,1.5290150178457251,1.5,1.5343300140084304,0.059291877066541154,0.0488171113720588
PM25,A_paper_s12,360,2022-01-11,1.5463802165068705,1.4852072572712671,-0.02187140779876083,0.8454720293096556,1.4667155937357899,1.4633358494725064,0.0,1.4852072572712671,0.0611729592356034,0.07966462277108066
PM25,A_paper_s12,360,2022-02-10,1.6931961950980228,1.5255654673232961,-0.005365373161171668,0.31926520069940345,1.5238524903841675,1.5202000941621245,0.0,1.5255654673232961,0.16763072777472665,0.1693437047138553
PM25,A_paper_s12,360,2022-03-12,1.4937541096245024,1.5048517345083492,0.010595854495913359,0.0,1.5048517345083492,1.5154475890042625,0.0,1.5048517345083492,-0.011097624883846802,-0.011097624883846802
PM25,A_paper_s12,360,2022-04-11,1.4044407884990031,1.464553943255851,-0.00638626358811888,0.1684693396300523,1.463478053646457,1.458167679667732,1.5,1.4549745478736726,-0.060113154756847864,-0.059037265147454
PM25,A_paper_s12,360,2022-05-11,1.449191973729008,1.4162696424403631,-0.008505316493365878,0.6127134785768696,1.4110583203853158,1.4077643259469972,0.0,1.4162696424403631,0.03292233128864486,0.03813365334369223
PM25,A_paper_s12,360,2022-06-10,1.468708163966802,1.4215862108022048,-0.008363607217152994,0.921310051721529,1.413880735404391,1.413222603585052,0.0,1.4215862108022048,0.04712195316459722,0.054827428562411074
PM25,A_paper_s12,360,2022-07-10,1.432928132322783,1.4380553786238846,0.004642704039585888,1.0,1.4426980826634703,1.4426980826634703,0.0,1.4380553786238846,-0.005127246301101618,-0.009769950340687394
PM25,A_paper_s12,360,2022-08-09,1.4488918885631659,1.4202146449027249,0.006305590066587678,1.0,1.4265202349693125,1.4265202349693125,1.5,1.4296730300026064,0.028677243660441,0.022371653593853402
PM25,A_paper_s12,360,2022-09-08,1.371595921773682,1.4518806686112058,0.014227644788205656,0.1332011289910061,1.4537758069598778,1.4661083133994115,0.0,1.4518806686112058,-0.08028474683752385,-0.0821798851861959
PM25,A_paper_s12,360,2022-10-08,1.4980962321399005,1.4150144643592206,0.01982766566809728,0.0,1.4150144643592206,1.434842130027318,1.5,1.4447559628613666,0.08308176778067988,0.08308176778067988
PM25,A_paper_s12,360,2022-11-07,1.6084100631201108,1.5416810688938054,0.00016678529574445513,0.0,1.5416810688938054,1.54184785418955,1.5,1.541931246837422,0.0667289942263054,0.0667289942263054
PM25,A_paper_s12,360,2022-12-07,1.4950712560897952,1.4846055697997353,0.01018465814547339,0.0,1.4846055697997353,1.4947902279452088,1.05,1.4952994608524823,0.010465686290059839,0.010465686290059839
PM25,B_mingguan_s7,0,2022-01-11,1.5463802165068705,1.4859107704523187,-0.021827899811452858,0.8427333886651693,1.4675156704767691,1.4640828706408657,0.0,1.4859107704523187,0.060469446054551845,0.0788645460301014
PM25,B_mingguan_s7,0,2022-02-10,1.6931961950980228,1.524783601427364,-0.004735839197659795,0.34959681267612963,1.5231279671385154,1.5200477622297042,0.0,1.524783601427364,0.16841259367065886,0.17006822795950738
PM25,B_mingguan_s7,0,2022-03-12,1.4937541096245024,1.5051774873663404,0.01087282567300973,0.0,1.5051774873663404,1.5160503130393501,0.0,1.5051774873663404,-0.011423377741837992,-0.011423377741837992
PM25,B_mingguan_s7,0,2022-04-11,1.4044407884990031,1.465363516779084,-0.006825532580837389,0.2000819361350752,1.463997851005157,1.4585379841982467,1.5,1.4551252179078278,-0.06092272828008083,-0.05955706250615389
PM25,B_mingguan_s7,0,2022-05-11,1.449191973729008,1.417367992711952,-0.009188945222049046,0.651194562651129,1.4113842015468545,1.408179047489903,0.0,1.417367992711952,0.03182398101705597,0.037807772182153476
PM25,B_mingguan_s7,0,2022-06-10,1.468708163966802,1.421508735179226,-0.007987264593483874,0.9483206651563665,1.4139342471071534,1.413521470585742,0.0,1.421508735179226,0.0471994287875761,0.05477391685964861
PM25,B_mingguan_s7,0,2022-07-10,1.432928132322783,1.4375635602040489,0.0048402119537123076,1.0,1.4424037721577612,1.4424037721577612,0.0,1.4375635602040489,-0.004635427881265919,-0.009475639834978233
PM25,B_mingguan_s7,0,2022-08-09,1.4488918885631659,1.4203014578220174,0.006337264081783924,1.0,1.4266387219038015,1.4266387219038015,1.5,1.4298073539446934,0.02859043074114842,0.022253166659364387
PM25,B_mingguan_s7,0,2022-09-08,1.371595921773682,1.4517804902136415,0.014028102982093369,0.11923798424113155,1.4534531729359534,1.465808593195735,0.0,1.4517804902136415,-0.08018456843995958,-0.0818572511622715
PM25,B_mingguan_s7,0,2022-10-08,1.4980962321399005,1.415662436401932,0.01945683710708637,0.0,1.415662436401932,1.4351192735090184,1.5,1.4448476920625615,0.08243379573796861,0.08243379573796861
PM25,B_mingguan_s7,0,2022-11-07,1.6084100631201108,1.5398200690304054,0.00035928831591395605,0.0,1.5398200690304054,1.5401793573463194,1.5,1.5403590015042763,0.06858999408970545,0.06858999408970545
PM25,B_mingguan_s7,0,2022-12-07,1.4950712560897952,1.4853096220389632,0.010309313870491587,0.0,1.4853096220389632,1.4956189359094547,0.9500000000000001,1.4951034702159303,0.009761634050831969,0.009761634050831969
PM25,B_mingguan_s7,0,2023-01-06,1.4487416252109044,1.5755629350066138,-0.00789431207272197,0.0,1.5755629350066138,1.5676686229338919,1.5,1.5637214668975308,-0.12682130979570938,-0.12682130979570938
PM25,B_mingguan_s7,0,2023-02-05,1.627143112320542,1.4961992283161345,0.0049112322692293825,0.0,1.4961992283161345,1.5011104605853638,1.5,1.5035660767199786,0.13094388400440748,0.13094388400440748
PM25,B_mingguan_s7,0,2023-03-07,1.5698391452992015,1.5491847080531191,-0.018654335326593538,0.11402353223281608,1.5470576748477256,1.5305303727265256,0.0,1.5491847080531191,0.020654437246082402,0.022781470451475938
PM25,B_mingguan_s7,0,2023-04-06,1.4340885444548208,1.4522650833836703,0.0006178249400819819,0.27551549297728967,1.4524353037266107,1.4528829083237522,0.0,1.4522650833836703,-0.018176538928849517,-0.01834675927178986
PM25,B_mingguan_s7,0,2023-05-06,1.4206565438560534,1.4439493783118185,-0.015202397169900227,0.21597782832320217,1.4406659975857565,1.4287469811419182,1.5,1.4211457825569682,-0.02329283445576502,-0.020009453729703086
PM25,B_mingguan_s7,0,2023-06-05,1.442451018331973,1.4077897379920723,-0.007082024002931998,0.5287768969813259,1.4040449273154547,1.4007077139891404,0.0,1.4077897379920723,0.03466128033990068,0.03840609101651826
PM25,B_mingguan_s7,0,2023-07-05,1.4750164992313541,1.4283437426720145,0.0025884445608055705,0.503409527648133,1.429646790325713,1.43093218723282,1.5,1.4322264095132229,0.04667275655933967,0.04536970890564107
PM25,B_mingguan_s7,0,2023-08-04,1.3845085781474984,1.436950350105859,-0.003348992339916286,0.22613463454642302,1.4361930269469732,1.4336013577659426,1.5,1.4319268615959846,-0.05244177195836053,-0.05168444879947476
PM25,B_mingguan_s7,0,2023-09-03,1.3967432772263064,1.4361262718504988,0.0024708472664317603,0.3434874365801316,1.4369749768442264,1.4385971191169304,0.0,1.4361262718504988,-0.03938299462419237,-0.04023169961791995
PM25,B_mingguan_s7,0,2023-10-03,1.3040971345849757,1.4279755080030248,0.002094467409116884,0.31440067034706093,1.428634009960471,1.4300699754121415,0.0,1.4279755080030248,-0.12387837341804908,-0.1245368753754954
PM25,B_mingguan_s7,0,2023-11-02,1.5200210968074948,1.4625733639845429,0.014197824727388206,0.5890357915328429,1.4709363909108846,1.476771188711931,1.5,1.4838701010756252,0.0574477328229519,0.04908470589661018
PM25,B_mingguan_s7,0,2023-12-02,1.488126687518597,1.4763855749875139,0.0010995905423470966,0.8949280098988412,1.47736962936328,1.477485165529861,1.5,1.4780349608010346,0.01174111253108312,0.010757058155316912
PM25,B_mingguan_s7,180,2021-07-15,1.5275788606814098,1.4524392478789552,-0.0008408824247853727,0.0,1.4524392478789552,1.4515983654541698,0.0,1.4524392478789552,0.07513961280245463,0.07513961280245463
PM25,B_mingguan_s7,180,2021-08-14,1.4701483298835283,1.4897981205984794,0.009968175776895311,0.0,1.4897981205984794,1.4997662963753746,0.0,1.4897981205984794,-0.0196497907149511,-0.0196497907149511
PM25,B_mingguan_s7,180,2021-09-13,1.3412368152463554,1.4498334127270702,0.00988595818782941,0.0,1.4498334127270702,1.4597193709148997,0.0,1.4498334127270702,-0.10859659748071482,-0.10859659748071482
PM25,B_mingguan_s7,180,2021-10-13,1.5543067693939974,1.4799171154337967,0.0024099369432607565,0.25840286965221126,1.4805398500556162,1.4823270523770575,1.5,1.4835320208486877,0.0743896539602007,0.0737669193383812
PM25,B_mingguan_s7,180,2021-11-12,1.5433411027801816,1.5472309607927284,0.014375712561159723,1.0,1.561606673353888,1.561606673353888,0.0,1.5472309607927284,-0.0038898580125468207,-0.01826557057370648
PM25,B_mingguan_s7,180,2021-12-12,1.5776769025868556,1.5208324189701352,0.01054811031068869,0.9606845563660137,1.530965825644459,1.5313805292808238,1.5,1.5366545844361683,0.05684448361672034,0.04671107694239662
PM25,B_mingguan_s7,180,2022-01-11,1.5463802165068705,1.4880489395464684,-0.022190075318930885,0.8214881061095874,1.4698200565982908,1.4658588642275376,0.0,1.4880489395464684,0.05833127696040208,0.07656015990857967
PM25,B_mingguan_s7,180,2022-02-10,1.6931961950980228,1.5256007355235846,-0.004649189040742676,0.3755541532841143,1.5238547132699307,1.5209515464828418,0.0,1.5256007355235846,0.16759545957443822,0.16934148182809206
PM25,B_mingguan_s7,180,2022-03-12,1.4937541096245024,1.5075222279605676,0.011419373816241694,0.0,1.5075222279605676,1.5189416017768091,0.0,1.5075222279605676,-0.013768118336065172,-0.013768118336065172
PM25,B_mingguan_s7,180,2022-04-11,1.4044407884990031,1.4706531070257414,-0.008230066178079906,0.1936405971071017,1.469059432096787,1.4624230408476615,1.5,1.4583080077586215,-0.06621231852673826,-0.0646186435977838
PM25,B_mingguan_s7,180,2022-05-11,1.449191973729008,1.4209814506420073,-0.00957389101358419,0.6500540173205898,1.4147579043272374,1.4114075596284232,0.0,1.4209814506420073,0.028210523087000672,0.03443406940177063
PM25,B_mingguan_s7,180,2022-06-10,1.468708163966802,1.4210476818158402,-0.008181413432336613,0.9165348850919012,1.4135491309957442,1.4128662683835036,0.0,1.4210476818158402,0.04766048215096186,0.05515903297105784
PM25,B_mingguan_s7,180,2022-07-10,1.432928132322783,1.4377046242294491,0.004886615861418202,1.0,1.4425912400908674,1.4425912400908674,0.0,1.4377046242294491,-0.00477649190666618,-0.009663107768084434
PM25,B_mingguan_s7,180,2022-08-09,1.4488918885631659,1.4207478233673683,0.006267715198858609,1.0,1.4270155385662269,1.4270155385662269,1.5,1.4301493961656562,0.028144065195797596,0.021876349996938993
PM25,B_mingguan_s7,180,2022-09-08,1.371595921773682,1.4516106541320146,0.014233949983329077,0.1327785383510933,1.4535006172057636,1.4658446041153437,0.0,1.4516106541320146,-0.08001473235833267,-0.08190469543208168
PM25,B_mingguan_s7,180,2022-10-08,1.4980962321399005,1.4144061454794745,0.019410222726408386,0.0,1.4144061454794745,1.4338163682058829,1.5,1.4435214795690872,0.08369008666042599,0.08369008666042599
PM25,B_mingguan_s7,180,2022-11-07,1.6084100631201108,1.5391461679714846,0.0001372008737302342,0.0,1.5391461679714846,1.5392833688452148,1.5,1.53935196928208,0.06926389514862619,0.06926389514862619
PM25,B_mingguan_s7,180,2022-12-07,1.4950712560897952,1.48851841333641,0.010235571886843008,0.0,1.48851841333641,1.498753985223253,0.65,1.495171535062858,0.006552842753385191,0.006552842753385191
PM25,B_mingguan_s7,180,2023-01-06,1.4487416252109044,1.5744460682041341,-0.00764555071187372,0.0,1.5744460682041341,1.5668005174922603,1.5,1.5629777421363236,-0.1257044429932297,-0.1257044429932297
PM25,B_mingguan_s7,180,2023-02-05,1.627143112320542,1.495942149287602,0.004950586574281091,0.07324285817791404,1.4963047443979596,1.500892735861883,1.5,1.5033680291490237,0.13120096303294004,0.1308383679225824
PM25,B_mingguan_s7,180,2023-03-07,1.5698391452992015,1.547975377597436,-0.01947536988630737,0.1266574990627455,1.5455086759543144,1.5285000077111288,0.0,1.547975377597436,0.021863767701765457,0.02433046934488714
PM25,B_mingguan_s7,180,2023-04-06,1.4340885444548208,1.4551857964052148,4.4189037880270894e-05,0.27441055495844563,1.4551979223436227,1.455229985443095,0.0,1.4551857964052148,-0.021097251950394025,-0.02110937788880185
PM25,B_mingguan_s7,180,2023-05-06,1.4206565438560534,1.4440133460389162,-0.015666255699995045,0.2148612488270621,1.4406472747747712,1.428347090338921,1.5,1.4205139624889236,-0.023356802182862735,-0.019990730918717725
PM25,B_mingguan_s7,180,2023-06-05,1.442451018331973,1.4117273279630078,-0.006879007499900258,0.5241681548318131,1.4081215712947108,1.4048483204631075,0.0,1.4117273279630078,0.030723690368965162,0.03432944703726215
PM25,B_mingguan_s7,360,2021-01-16,1.6736130548703674,1.510028648073599,0.0013915851194302427,0.7867496219466151,1.511123477140217,1.511420233193029,1.5,1.5121160257527444,0.16358440679676844,0.16248957773015027
PM25,B_mingguan_s7,360,2021-02-15,1.5949902527638153,1.5046990147002743,0.006055908012292321,0.8537243471769701,1.5098690908146324,1.5107549227125667,1.5,1.513782876718713,0.090291238063541,0.08512116194918296
PM25,B_mingguan_s7,360,2021-03-17,1.4302434964337392,1.538475046794469,0.0010160906673892867,0.6424072618404084,1.5391277908178882,1.5394911374618583,0.0,1.538475046794469,-0.10823155036072984,-0.10888429438414904
PM25,B_mingguan_s7,360,2021-04-16,1.573770200281264,1.4850100323793254,-0.027456083376114385,0.8532804322965282,1.461582293686985,1.457553949003211,0.0,1.4850100323793254,0.08876016790193852,0.11218790659427902
PM25,B_mingguan_s7,360,2021-05-16,1.3756158148673485,1.4588432561041127,0.002583917842873896,0.296280552078728,1.4596088207091253,1.4614271739469866,0.0,1.4588432561041127,-0.08322744123676418,-0.08399300584177682
PM25,B_mingguan_s7,360,2021-06-15,1.424910162659891,1.3896933413660517,-0.010294425321446693,0.12283302808114538,1.388428845931463,1.379398916044605,0.0,1.3896933413660517,0.035216821293839295,0.036481316728427915
PM25,B_mingguan_s7,360,2021-07-15,1.5275788606814098,1.4554710479773587,-0.0016072009441362794,0.0,1.4554710479773587,1.4538638470332224,0.0,1.4554710479773587,0.07210781270405109,0.07210781270405109
PM25,B_mingguan_s7,360,2021-08-14,1.4701483298835283,1.491006058939395,0.009611011318533244,0.0,1.491006058939395,1.5006170702579282,0.0,1.491006058939395,-0.02085772905586669,-0.02085772905586669
PM25,B_mingguan_s7,360,2021-09-13,1.3412368152463554,1.447966799482984,0.009228597440160493,0.0,1.447966799482984,1.4571953969231444,0.0,1.447966799482984,-0.1067299842366285,-0.1067299842366285
PM25,B_mingguan_s7,360,2021-10-13,1.5543067693939974,1.4816267289166902,0.001989695958049638,0.30130493364636884,1.4822262341253067,1.4836164248747399,1.5,1.4846112728537646,0.07268004047730714,0.07208053526869063
PM25,B_mingguan_s7,360,2021-11-12,1.5433411027801816,1.5494406151790268,0.014549168806587968,1.0,1.5639897839856147,1.5639897839856147,0.0,1.5494406151790268,-0.006099512398845208,-0.020648681205433173
PM25,B_mingguan_s7,360,2021-12-12,1.5776769025868556,1.5189573227486524,0.010896485471591479,1.0,1.5298538082202437,1.5298538082202437,1.5,1.5353020509560396,0.058719579838203195,0.04782309436661181
PM25,B_mingguan_s7,360,2022-01-11,1.5463802165068705,1.4854158963928543,-0.021965346454981417,0.8271503405689205,1.467247252591902,1.463450549937873,0.0,1.4854158963928543,0.0609643201140162,0.07913296391496849
PM25,B_mingguan_s7,360,2022-02-10,1.6931961950980228,1.5275853731274778,-0.005782563123018897,0.29502571797711163,1.525879368290361,1.521802810004459,0.0,1.5275853731274778,0.165610821970545,0.1673168268076617
PM25,B_mingguan_s7,360,2022-03-12,1.4937541096245024,1.5054679956372417,0.011308749042407253,0.0,1.5054679956372417,1.516776744679649,0.0,1.5054679956372417,-0.01171388601273926,-0.01171388601273926
PM25,B_mingguan_s7,360,2022-04-11,1.4044407884990031,1.4660424264289196,-0.00609175194846732,0.13940857598548761,1.465193183964527,1.4599506744804522,1.5,1.4569047985062187,-0.061601637929916464,-0.0607523954655238
PM25,B_mingguan_s7,360,2022-05-11,1.449191973729008,1.4168751587200281,-0.0074387478008885195,0.5798105738868776,1.4125620940885952,1.4094364109191395,0.0,1.4168751587200281,0.03231681500897987,0.036629879640412755
PM25,B_mingguan_s7,360,2022-06-10,1.468708163966802,1.4215838717314317,-0.008852304921686208,0.8817556939533273,1.413778301462124,1.4127315668097455,0.0,1.4215838717314317,0.04712429223537029,0.05492986250467813
PM25,B_mingguan_s7,360,2022-07-10,1.432928132322783,1.4391006762908538,0.004572063436242631,1.0,1.4436727397270965,1.4436727397270965,0.0,1.4391006762908538,-0.006172543968070876,-0.0107446074043136
PM25,B_mingguan_s7,360,2022-08-09,1.4488918885631659,1.420218440639553,0.006308044397648747,1.0,1.4265264850372017,1.4265264850372017,1.5,1.4296805072360261,0.028673447923612816,0.022365403525964167
PM25,B_mingguan_s7,360,2022-09-08,1.371595921773682,1.4520542365699147,0.014621163568620957,0.14111301537542087,1.45411747304938,1.4666754001385356,0.0,1.4520542365699147,-0.08045831479623278,-0.08252155127569805
PM25,B_mingguan_s7,360,2022-10-08,1.4980962321399005,1.4132394461729458,0.01985786325727093,0.0,1.4132394461729458,1.4330973094302168,1.5,1.4430262410588521,0.08485678596695467,0.08485678596695467
PM25,B_mingguan_s7,360,2022-11-07,1.6084100631201108,1.5445250616831654,-0.0006689899549699447,0.0,1.5445250616831654,1.5438560717281955,0.0,1.5445250616831654,0.06388500143694542,0.06388500143694542
PM25,B_mingguan_s7,360,2022-12-07,1.4950712560897952,1.4847864561847466,0.010687912777213135,0.0,1.4847864561847466,1.4954743689619596,0.9500000000000001,1.494939973323099,0.010284799905048603,0.010284799905048603
NO2,A_paper_s12,0,2022-01-11,6.740907379165658,7.368186476306653,0.10697763337078076,0.8585514365049166,7.460032277111034,7.475164109677434,0.0,7.368186476306653,-0.6272790971409954,-0.7191248979453757
NO2,A_paper_s12,0,2022-02-10,9.74701625977252,7.6003313883330765,0.005400080754562462,0.735854318118292,7.604305061074509,7.605731469087639,1.5,7.60843150946492,2.1466848714394438,2.142711198698011
NO2,A_paper_s12,0,2022-03-12,8.15699129245089,7.770864756726039,0.05129769925360985,0.6871266963512915,7.806112775344594,7.822162455979648,1.5,7.847811305606453,0.3861265357248511,0.35087851710629625
NO2,A_paper_s12,0,2022-04-11,6.595640082654809,7.3265270335498105,-0.356972976656245,0.8354879786210216,7.028280402860955,6.969554056893566,1.5,6.791067568565443,-0.7308869508950018,-0.4326403202061462
NO2,A_paper_s12,0,2022-05-11,7.310358764767277,7.620602346066321,0.2635785662081651,0.6557943749398919,7.793455687140358,7.884180912274486,0.0,7.620602346066321,-0.3102435812990443,-0.4830969223730808
NO2,A_paper_s12,0,2022-06-10,6.994830089875532,7.384192165619031,0.13281419763946464,0.7480611010160396,7.483545300535771,7.517006363258496,0.0,7.384192165619031,-0.3893620757434988,-0.4887152106602386
NO2,A_paper_s12,0,2022-07-10,7.029009164902778,7.035215096624275,-0.09120950624040233,0.6089962213668194,6.9796688519711365,6.944005590383872,0.05,7.030654621312254,-0.00620593172149686,0.04934031293164143
NO2,A_paper_s12,0,2022-08-09,6.1369538739044565,7.812295929965306,0.3696728263571343,0.8348792007422355,8.120928083770474,8.18196875632244,0.0,7.812295929965306,-1.6753420560608498,-1.9839742098660178
NO2,A_paper_s12,0,2022-09-08,7.180435415039061,8.017895472951666,0.257652887245427,0.9846256400542469,8.27158711196752,8.275548360197094,0.0,8.017895472951666,-0.8374600579126055,-1.091151696928459
NO2,A_paper_s12,0,2022-10-08,8.092848385922776,7.489261143746045,-0.05799048430432512,0.9498903407592284,7.434176542849417,7.43127065944172,0.0,7.489261143746045,0.6035872421767312,0.6586718430733596
NO2,A_paper_s12,0,2022-11-07,8.161082729900984,8.216200833954534,-0.4381573973953451,1.0,7.778043436559189,7.778043436559189,0.15000000000000002,8.150477224345233,-0.05511810405355,0.38303929334179543
NO2,A_paper_s12,0,2022-12-07,7.866886243140725,7.642451416232893,0.22003244168625638,0.644979593617167,7.784367851054288,7.862483857919149,1.0,7.862483857919149,0.22443482690783245,0.08251839208643741
NO2,A_paper_s12,0,2023-01-06,7.691450664306726,7.955879439885212,-0.028778644496712757,0.4736376388860751,7.942248790655447,7.927100795388499,1.5,7.912711473140143,-0.26442877557848643,-0.25079812634872134
NO2,A_paper_s12,0,2023-02-05,7.88729916379129,7.93106882872933,-0.21480330264422515,0.5004354176028678,7.823573648268092,7.716265526085105,0.2,7.888108168200485,-0.04376966493803991,0.06372551552319816
NO2,A_paper_s12,0,2023-03-07,8.110584297131764,7.914951221415908,0.23228060005101514,0.5812104482276831,8.049955133086154,8.147231821466923,0.8500000000000001,8.11238973145927,0.19563307571585575,0.060629164045609585
NO2,A_paper_s12,0,2023-04-06,8.286872394110299,7.728686250547029,0.1061392669191557,0.8218653587166405,7.815918437227462,7.834825517466185,1.5,7.887895150925763,0.5581861435632698,0.4709539568828367
NO2,A_paper_s12,0,2023-05-06,8.642469103374994,7.640781157293071,0.026771687087044357,0.7979788967839554,7.662144398619835,7.667552844380115,1.5,7.680938687923637,1.0016879460819235,0.9803247047551586
NO2,A_paper_s12,0,2023-06-05,7.173268674419285,7.890415632103534,-0.37451030316219003,0.901805860000871,7.552680046081168,7.5159053289413436,1.5,7.328650177360249,-0.7171469576842489,-0.37941137166188277
NO2,A_paper_s12,0,2023-07-05,8.216861676866067,7.458463142255133,0.2328782003120112,0.9460271101771499,7.6787722331195605,7.691341342567144,1.5,7.80778044272315,0.7583985346109339,0.5380894437465065
NO2,A_paper_s12,0,2023-08-04,8.069102354552237,7.451140124461989,0.05645259182764497,0.7595103724920504,7.494016453509145,7.507592716289634,1.5,7.535819012203456,0.6179622300902485,0.5750859010430922
NO2,A_paper_s12,0,2023-09-03,8.189049209212774,7.829524768505048,-0.25664533997941497,0.9990703062250552,7.573118030100581,7.572879428525633,0.0,7.829524768505048,0.3595244407077258,0.6159311791121933
NO2,A_paper_s12,0,2023-10-03,6.9377879275886825,7.75427680190469,0.33920885224691744,0.9344356044309832,8.071245630782379,8.093485654151607,0.0,7.75427680190469,-0.8164888743160077,-1.133457703193696
NO2,A_paper_s12,0,2023-11-02,7.428619021933483,7.76106956403634,0.1516951908352001,0.9675175731248882,7.90783732692793,7.9127647548715405,0.0,7.76106956403634,-0.3324505421028574,-0.47921830499444695
NO2,A_paper_s12,0,2023-12-02,7.495364173908803,7.496269070435444,-0.052741709050081145,1.0,7.443527361385363,7.443527361385363,0.0,7.496269070435444,-0.0009048965266407194,0.0518368125234403
NO2,A_paper_s12,180,2021-07-15,7.989928813753692,8.268543388140822,0.2934213553220452,0.6043678389720817,8.445877818565066,8.561964743462868,0.0,8.268543388140822,-0.27861457438713,-0.4559490048113739
NO2,A_paper_s12,180,2021-08-14,9.1160881408998,8.443214923543566,-0.03403675214293979,0.9012472396845802,8.412539394626913,8.409178171400626,0.0,8.443214923543566,0.6728732173562335,0.7035487462728867
NO2,A_paper_s12,180,2021-09-13,6.264094657671212,8.306092124417148,-0.4959840467342532,0.9204234001584007,7.849576801697683,7.810108077682895,1.5,7.562116054315768,-2.0419974667459364,-1.5854821440264715
NO2,A_paper_s12,180,2021-10-13,8.821364096409576,8.15040354203049,0.3591963473079544,0.980707754570175,8.502670185248682,8.509599889338444,1.5,8.689198062992421,0.6709605543790857,0.31869391116089396
NO2,A_paper_s12,180,2021-11-12,7.774276279973856,8.322893404718709,-0.003999134534245363,0.8870074624602768,8.31934614254345,8.318894270184463,1.5,8.316894702917342,-0.5486171247448528,-0.5450698625695942
NO2,A_paper_s12,180,2021-12-12,7.7527503521035355,7.521941815479278,-0.304385082452405,0.7481515116510734,7.2942156559184745,7.217556733026873,0.0,7.521941815479278,0.2308085366242576,0.45853469618506093
NO2,A_paper_s12,180,2022-01-11,6.740907379165658,7.365164199079354,0.10335774576544685,0.8592932596250507,7.453978813345642,7.468521944844801,0.0,7.365164199079354,-0.624256819913696,-0.7130714341799838
NO2,A_paper_s12,180,2022-02-10,9.74701625977252,7.605140442356173,-0.002479902023426492,0.720165313501145,7.60335450293802,7.602660540332746,0.0,7.605140442356173,2.1418758174163477,2.1436617568345007
NO2,A_paper_s12,180,2022-03-12,8.15699129245089,7.771592160967129,0.052485117731709836,0.6621533867984883,7.806345359429698,7.824077278698838,1.5,7.850319837564693,0.38539913148376126,0.35064593302119196
NO2,A_paper_s12,180,2022-04-11,6.595640082654809,7.312933449996978,-0.34853783778521524,0.8209214935851896,7.026811247631386,6.964395612211763,1.5,6.790126693319155,-0.7172933673421689,-0.43117116497657726
NO2,A_paper_s12,180,2022-05-11,7.310358764767277,7.627071976666344,0.25273473357593684,0.6405846961170706,7.788969979172315,7.879806710242281,0.0,7.627071976666344,-0.3167132118990672,-0.4786112144050376
NO2,A_paper_s12,180,2022-06-10,6.994830089875532,7.384873049750812,0.13570717955271377,0.7369285871123771,7.484879549839599,7.520580229303526,0.0,7.384873049750812,-0.3900429598752799,-0.4900494599640668
NO2,A_paper_s12,180,2022-07-10,7.029009164902778,7.028160787065463,-0.08087899635167205,0.5954624778335764,6.9800003794932035,6.947281790713792,0.0,7.028160787065463,0.0008483778373147288,0.04900878540957443
NO2,A_paper_s12,180,2022-08-09,6.1369538739044565,7.82988499207251,0.3550678316210214,0.8280299746902672,8.123891799702992,8.184952823693532,0.0,7.82988499207251,-1.6929311181680538,-1.9869379257985358
NO2,A_paper_s12,180,2022-09-08,7.180435415039061,8.021791357478383,0.25827635429954876,0.9767814844730865,8.274070918235394,8.280067711777932,0.0,8.021791357478383,-0.8413559424393222,-1.0936355031963325
NO2,A_paper_s12,180,2022-10-08,8.092848385922776,7.483660425465053,-0.05349805164456017,0.931786274453445,7.433811675232651,7.430162373820493,0.0,7.483660425465053,0.6091879604577235,0.6590367106901258
NO2,A_paper_s12,180,2022-11-07,8.161082729900984,8.231248750955832,-0.43775295242828455,0.991918945139184,7.797033304151604,7.793495798527547,0.15000000000000002,8.165585808091588,-0.07016602105484715,0.36404942574938026
NO2,A_paper_s12,180,2022-12-07,7.866886243140725,7.62878043260618,0.2191281011909728,0.6238659002815263,7.765486982732668,7.847908533797153,1.1,7.86982134391625,0.23810581053454527,0.10139926040805758
NO2,A_paper_s12,180,2023-01-06,7.691450664306726,7.962110393971958,-0.03290310701111853,0.44972249141146003,7.94731312671174,7.92920728696084,1.5,7.91275573345528,-0.27065972966523244,-0.2558624624050143
NO2,A_paper_s12,180,2023-02-05,7.88729916379129,7.933152449377942,-0.21171300489096576,0.48689069773759713,7.830071356706456,7.721439444486976,0.2,7.890809848399749,-0.04585328558665136,0.05722780708483466
NO2,A_paper_s12,180,2023-03-07,8.110584297131764,7.908734920043377,0.22279582263960654,0.5797485381836783,8.037900472532119,8.131530742682983,0.9,8.109251160419022,0.20184937708838646,0.07268382459964506
NO2,A_paper_s12,180,2023-04-06,8.286872394110299,7.723445099720881,0.1069107503048551,0.8204203840185913,7.811156858541707,7.830355850025736,1.5,7.883811225178164,0.5634272943894176,0.47571553556859225
NO2,A_paper_s12,180,2023-05-06,8.642469103374994,7.640595131203413,0.030016099255191962,0.7989024694519365,7.6645750670217,7.670611230458605,1.5,7.6856192800862,1.0018739721715813,0.9778940363532937
NO2,A_paper_s12,180,2023-06-05,7.173268674419285,7.895070829218116,-0.3682648564783961,0.9076987017732255,7.5607972970839725,7.52680597273972,1.5,7.342673544500522,-0.7218021547988309,-0.38752862266468746
NO2,A_paper_s12,360,2021-01-16,10.30818271059821,7.379513554619838,-0.40038278788565285,0.7179569010721623,7.092055968986822,6.979130766734185,0.0,7.379513554619838,2.9286691559783717,3.2161267416113883
NO2,A_paper_s12,360,2021-02-15,6.793486559756871,7.841352468128715,-0.5759637956367509,0.30686155061166887,7.664611324703439,7.265388672491964,1.5,6.977406774673589,-1.0478659083718442,-0.8711247649465683
NO2,A_paper_s12,360,2021-03-17,7.628712163762233,7.950524186494241,0.2990461314979539,0.3042399322994099,8.041505961295579,8.249570317992195,0.0,7.950524186494241,-0.3218120227320078,-0.4127937975333458
NO2,A_paper_s12,360,2021-04-16,8.086922434652134,8.001844006245339,0.07378022784256763,0.17910351417010195,8.015058304328214,8.075624234087906,1.1500000000000001,8.08669126826429,0.08507842840679558,0.07186413032392025
NO2,A_paper_s12,360,2021-05-16,7.014922953789363,7.875038802326924,-0.050218949222256,0.26998947550849095,7.86148021456582,7.824819853104668,1.5,7.79971037849354,-0.8601158485375606,-0.8465572607764562
NO2,A_paper_s12,360,2021-06-15,7.482627274581741,7.832308021003368,0.3641819909676317,0.6038430548693402,8.052216786957661,8.196490011971,0.0,7.832308021003368,-0.34968074642162694,-0.56958951237592
NO2,A_paper_s12,360,2021-07-15,7.989928813753692,8.321009562598869,0.26298916622780644,0.5965328172174049,8.4778912308264,8.583998728826675,0.0,8.321009562598869,-0.331080748845177,-0.4879624170727075
NO2,A_paper_s12,360,2021-08-14,9.1160881408998,8.459980313321385,-0.050418164412887684,0.9064178888914717,8.414280387172472,8.409562148908497,0.0,8.459980313321385,0.6561078275784151,0.7018077537273282
NO2,A_paper_s12,360,2021-09-13,6.264094657671212,8.316989456280261,-0.5047405061093575,0.935964304668785,7.8445703594414455,7.812248950170904,1.5,7.559878697116225,-2.0528947986090493,-1.5804757017702338
NO2,A_paper_s12,360,2021-10-13,8.821364096409576,8.132488893818534,0.36462025094761374,1.0,8.497109144766148,8.497109144766148,1.5,8.679419270239954,0.6888752025910421,0.32425495164342877
NO2,A_paper_s12,360,2021-11-12,7.774276279973856,8.334438943447864,8.862037882155852e-06,0.9272519777680399,8.334447160790017,8.334447805485746,0.0,8.334438943447864,-0.5601626634740082,-0.5601708808161607
NO2,A_paper_s12,360,2021-12-12,7.7527503521035355,7.460560359985136,-0.26975560043722546,0.7730305659476792,7.252031035511592,7.190804759547911,0.0,7.460560359985136,0.29218999211839947,0.5007193165919439
NO2,A_paper_s12,360,2022-01-11,6.740907379165658,7.353734460219631,0.11065599671626203,0.86601052213061,7.449563717712763,7.4643904569358925,0.0,7.353734460219631,-0.6128270810539727,-0.7086563385471054
NO2,A_paper_s12,360,2022-02-10,9.74701625977252,7.624361690420293,-0.01372287656298772,0.696563458638036,7.614802836059115,7.610638813857305,0.0,7.624361690420293,2.1226545693522274,2.132213423713405
NO2,A_paper_s12,360,2022-03-12,8.15699129245089,7.773111133413051,0.049970752492448284,0.6305901133056481,7.804622195889233,7.823081885905499,1.5,7.848067262151724,0.38388015903783845,0.3523690965616568
NO2,A_paper_s12,360,2022-04-11,6.595640082654809,7.2671758662483334,-0.33178767719717484,0.8099723138164511,6.998437033653152,6.935388189051158,1.5,6.769494350452571,-0.6715357835935247,-0.40279695099834356
NO2,A_paper_s12,360,2022-05-11,7.310358764767277,7.656644911730843,0.22775595192140077,0.6374817347214479,7.801835171054832,7.884400863652243,0.0,7.656644911730843,-0.34628614696356586,-0.4914764062875552
NO2,A_paper_s12,360,2022-06-10,6.994830089875532,7.3990075963437585,0.13068521204393774,0.748159134300165,7.496780931452385,7.529692808387696,0.0,7.3990075963437585,-0.40417750646822626,-0.5019508415768525
NO2,A_paper_s12,360,2022-07-10,7.029009164902778,7.004941597309488,-0.07013804798134804,0.608339757216395,6.962273834228883,6.93480354932814,0.0,7.004941597309488,0.024067567593290207,0.06673533067389492
NO2,A_paper_s12,360,2022-08-09,6.1369538739044565,7.8828276548819645,0.3295911748144719,0.8351675082855593,8.158091495104678,8.212418829696436,0.0,7.8828276548819645,-1.745873780977508,-2.0211376212002214
NO2,A_paper_s12,360,2022-09-08,7.180435415039061,8.034056748338346,0.2572194109805289,0.9723412308728632,8.284161787015545,8.291276159318874,0.0,8.034056748338346,-0.8536213332992846,-1.1037263719764843
NO2,A_paper_s12,360,2022-10-08,8.092848385922776,7.480240300500707,-0.04256337734302043,0.9132946818473557,7.441367394331865,7.437676923157687,0.0,7.480240300500707,0.6126080854220692,0.6514809915909119
NO2,A_paper_s12,360,2022-11-07,8.161082729900984,8.26184907682642,-0.44400244685493084,0.9722864770772311,7.830151501960169,7.8178466299714895,0.25,8.150848465112688,-0.10076634692543607,0.3309312279408152
NO2,A_paper_s12,360,2022-12-07,7.866886243140725,7.586763561043239,0.23480041662111464,0.597886876802429,7.727147648808746,7.821563977664353,1.2000000000000002,7.868524060988577,0.2801226820974865,0.13973859433197955
NO2,B_mingguan_s7,0,2022-01-11,6.740907379165658,7.377421251124941,-0.03994195291478292,0.25750297647569353,7.367136079363132,7.337479298210158,1.5,7.317508321752767,-0.6365138719592833,-0.6262287001974745
NO2,B_mingguan_s7,0,2022-02-10,9.74701625977252,7.677279048807271,-0.016959301987464814,0.10505813680775702,7.675497336138908,7.660319746819805,0.0,7.677279048807271,2.0697372109652497,2.0715189236336125
NO2,B_mingguan_s7,0,2022-03-12,8.15699129245089,7.8794138806772045,0.04697848906025837,0.0,7.8794138806772045,7.926392369737463,1.5,7.949881614267592,0.27757741177368533,0.27757741177368533
NO2,B_mingguan_s7,0,2022-04-11,6.595640082654809,6.85452716711093,-0.05946813457980876,0.040276714062235056,6.8521319860586445,6.795059032531121,1.5,6.765324965241216,-0.25888708445612085,-0.25649190340383576
NO2,B_mingguan_s7,0,2022-05-11,7.310358764767277,7.710705820007742,0.1957345619329962,0.0,7.710705820007742,7.906440381940738,0.0,7.710705820007742,-0.40034705524046466,-0.40034705524046466
NO2,B_mingguan_s7,0,2022-06-10,6.994830089875532,7.515126289817092,0.08704110538976104,0.0,7.515126289817092,7.602167395206853,0.0,7.515126289817092,-0.5202961999415594,-0.5202961999415594
NO2,B_mingguan_s7,0,2022-07-10,7.029009164902778,6.803681614459162,0.07266199468945789,0.0,6.803681614459162,6.87634360914862,1.5,6.912674606493349,0.22532755044361608,0.22532755044361608
NO2,B_mingguan_s7,0,2022-08-09,6.1369538739044565,7.8475311441162034,0.1682111493392155,0.3242291944482189,7.902070109563667,8.01574229345542,0.0,7.8475311441162034,-1.710577270211747,-1.7651162356592103
NO2,B_mingguan_s7,0,2022-09-08,7.180435415039061,8.233121736802667,0.14643217052531116,0.5787258083101692,8.31786581305254,8.37955390732798,0.0,8.233121736802667,-1.0526863217636064,-1.1374303980134792
NO2,B_mingguan_s7,0,2022-10-08,8.092848385922776,7.685213165720511,-0.10249920418491049,0.2651581082798134,7.658034670638654,7.5827139615356005,0.0,7.685213165720511,0.4076352202022653,0.4348137152841227
NO2,B_mingguan_s7,0,2022-11-07,8.161082729900984,7.74630133002644,-0.1863689151747639,0.06649386128635058,7.7339089412327215,7.5599324148516756,0.0,7.74630133002644,0.41478139987454465,0.42717378866826294
NO2,B_mingguan_s7,0,2022-12-07,7.866886243140725,7.7568658576841525,0.03822672927686275,0.0,7.7568658576841525,7.795092586961015,1.5,7.814205951599447,0.11002038545657289,0.11002038545657289
NO2,B_mingguan_s7,0,2023-01-06,7.691450664306726,8.103940229091425,-0.055355442626234264,0.0,8.103940229091425,8.04858478646519,1.5,8.020907065152073,-0.4124895647846989,-0.4124895647846989
NO2,B_mingguan_s7,0,2023-02-05,7.88729916379129,7.809177183576014,-0.08596429209601396,0.0,7.809177183576014,7.72321289148,0.0,7.809177183576014,0.07812198021527639,0.07812198021527639
NO2,B_mingguan_s7,0,2023-03-07,8.110584297131764,7.9055731657935215,0.10402989638012572,0.0,7.9055731657935215,8.009603062173648,1.5,8.061618010363711,0.20501113133824234,0.20501113133824234
NO2,B_mingguan_s7,0,2023-04-06,8.286872394110299,7.911871179129546,0.028378334616276323,0.2197618891507811,7.918107655555772,7.940249513745822,1.5,7.9544386810539605,0.37500121498075245,0.3687647385545265
NO2,B_mingguan_s7,0,2023-05-06,8.642469103374994,7.714219125410827,0.04625707844711267,0.17870113075996197,7.722485317634979,7.76047620385794,1.5,7.783604743081496,0.9282499779641666,0.9199837857400155
NO2,B_mingguan_s7,0,2023-06-05,7.173268674419285,7.5223479881031015,-0.0668681521076999,0.7773968395066695,7.470364897990924,7.455479835995401,1.5,7.422045759941551,-0.3490793136838164,-0.29709622357163923
NO2,B_mingguan_s7,0,2023-07-05,8.216861676866067,7.601089945008189,0.11274270484016315,0.3588172184570222,7.641543968760257,7.713832649848352,1.5,7.770204002268434,0.6157717318578779,0.5753177081058096
NO2,B_mingguan_s7,0,2023-08-04,8.069102354552237,7.479244017558819,0.047566522747928726,0.1630419894587195,7.486999358059275,7.526810540306748,1.5,7.550593801680712,0.5898583369934185,0.5821029964929627
NO2,B_mingguan_s7,0,2023-09-03,8.189049209212774,7.638133457328334,-0.055997863204056884,0.7054151103882734,7.598631718474737,7.582135594124277,0.0,7.638133457328334,0.5509157518844399,0.5904174907380373
NO2,B_mingguan_s7,0,2023-10-03,6.9377879275886825,7.766215111737675,0.1058881117245002,0.3273579599204331,7.800878427971634,7.872103223462175,0.0,7.766215111737675,-0.8284271841489925,-0.8630905003829517
NO2,B_mingguan_s7,0,2023-11-02,7.428619021933483,7.937229010360141,0.009791203320550232,0.7393495162235912,7.944468131798436,7.947020213680691,0.0,7.937229010360141,-0.5086099884266577,-0.5158491098649529
NO2,B_mingguan_s7,0,2023-12-02,7.495364173908803,7.64067197947723,-0.04945417450763359,1.0,7.591217804969596,7.591217804969596,1.5,7.56649071771578,-0.14530780556842693,-0.09585363106079292
NO2,B_mingguan_s7,180,2021-07-15,7.989928813753692,8.462443445048184,0.24720565305363662,0.0,8.462443445048184,8.70964909810182,0.0,8.462443445048184,-0.47251463129449167,-0.47251463129449167
NO2,B_mingguan_s7,180,2021-08-14,9.1160881408998,8.55385219720796,7.56783674201629e-05,0.3540384213177555,8.553878990257688,8.55392787557538,1.5,8.553965714759089,0.5622359436918405,0.5622091506421114
NO2,B_mingguan_s7,180,2021-09-13,6.264094657671212,7.935708246851381,-0.25374191122959555,0.451023789727258,7.821264608435971,7.6819663356217855,1.5,7.555095380006987,-1.6716135891801693,-1.5571699507647594
NO2,B_mingguan_s7,180,2021-10-13,8.821364096409576,8.304998649380046,0.18925041153304742,0.585278328127989,8.415762813839642,8.494249060913093,1.5,8.588874266679618,0.5163654470295302,0.40560128256993444
NO2,B_mingguan_s7,180,2021-11-12,7.774276279973856,8.509817482637294,-0.008886762876898364,0.31231034259492246,8.50704205467865,8.500930719760396,1.5,8.496487338321947,-0.7355412026634376,-0.7327657747047933
NO2,B_mingguan_s7,180,2021-12-12,7.7527503521035355,7.295458126851763,-0.15902888004694302,0.08219782747163641,7.2823862984066565,7.13642924680482,0.0,7.295458126851763,0.4572922252517726,0.47036405369687895
NO2,B_mingguan_s7,180,2022-01-11,6.740907379165658,7.347817352697397,-0.029766582096926075,0.3726664844197011,7.336724345194145,7.318050770600471,1.5,7.303167479552007,-0.6069099735317387,-0.5958169660284867
NO2,B_mingguan_s7,180,2022-02-10,9.74701625977252,7.676001385710418,-0.01621473962605489,0.15528625101291985,7.673483459582737,7.659786646084362,0.0,7.676001385710418,2.0710148740621026,2.073532800189783
NO2,B_mingguan_s7,180,2022-03-12,8.15699129245089,7.869904638085376,0.04212777809864977,0.0,7.869904638085376,7.912032416184026,1.5,7.9330963052333505,0.28708665436551417,0.28708665436551417
NO2,B_mingguan_s7,180,2022-04-11,6.595640082654809,6.879220491686031,-0.06599904349743704,0.08826867349098953,6.873394843664838,6.813221448188593,1.5,6.780221926439875,-0.28358040903122195,-0.27775476101002905
NO2,B_mingguan_s7,180,2022-05-11,7.310358764767277,7.7079073821204585,0.19845213700166725,0.0,7.7079073821204585,7.906359519122126,0.0,7.7079073821204585,-0.3975486173531815,-0.3975486173531815
NO2,B_mingguan_s7,180,2022-06-10,6.994830089875532,7.50121928876129,0.08394739437129127,0.0,7.50121928876129,7.585166683132582,0.0,7.50121928876129,-0.5063891988857581,-0.5063891988857581
NO2,B_mingguan_s7,180,2022-07-10,7.029009164902778,6.808866384455871,0.07084581904735009,0.0,6.808866384455871,6.879712203503221,1.5,6.915135113026896,0.22014278044690716,0.22014278044690716
NO2,B_mingguan_s7,180,2022-08-09,6.1369538739044565,7.867542459645943,0.1604555067116705,0.4322866924807502,7.936905239932654,8.027997966357614,0.0,7.867542459645943,-1.7305885857414864,-1.7999513660281972
NO2,B_mingguan_s7,180,2022-09-08,7.180435415039061,8.233603279937634,0.14952739227539893,0.6539888839509881,8.331392532331924,8.383130672213033,0.0,8.233603279937634,-1.0531678648985734,-1.1509571172928625
NO2,B_mingguan_s7,180,2022-10-08,8.092848385922776,7.672324688677337,-0.10084238682714543,0.34664280515941753,7.6373684008286045,7.5714823018501916,0.0,7.672324688677337,0.42052369724543937,0.455479985094172
NO2,B_mingguan_s7,180,2022-11-07,8.161082729900984,7.809428593928738,-0.20982401639642836,0.17285202174497555,7.773160088483964,7.599604577532309,0.0,7.809428593928738,0.3516541359722467,0.3879226414170205
NO2,B_mingguan_s7,180,2022-12-07,7.866886243140725,7.7269892522951915,0.05437975136991304,0.0,7.7269892522951915,7.781369003665104,1.5,7.808558879350061,0.13989699084553386,0.13989699084553386
NO2,B_mingguan_s7,180,2023-01-06,7.691450664306726,8.089500018828241,-0.061916360085478676,0.0,8.089500018828241,8.027583658742763,1.5,7.9966254787000235,-0.3980493545215156,-0.3980493545215156
NO2,B_mingguan_s7,180,2023-02-05,7.88729916379129,7.82971049309398,-0.09236175686380066,0.0,7.82971049309398,7.73734873623018,0.0,7.82971049309398,0.05758867069731011,0.05758867069731011
NO2,B_mingguan_s7,180,2023-03-07,8.110584297131764,7.891556880331681,0.11763923453383858,0.09857148742372465,7.90315275465907,8.009196114865519,1.5,8.068015732132439,0.21902741680008297,0.20743154247269402
NO2,B_mingguan_s7,180,2023-04-06,8.286872394110299,7.889582870469619,0.031044746283232925,0.3861419091472721,7.9015705480684195,7.920627616752852,1.5,7.936149989894468,0.39728952364067993,0.38530184604187934
NO2,B_mingguan_s7,180,2023-05-06,8.642469103374994,7.690277244324255,0.047127798901967874,0.354318491793723,7.706975494952758,7.737405043226223,1.5,7.760968942677207,0.952191859050739,0.9354936084222363
NO2,B_mingguan_s7,180,2023-06-05,7.173268674419285,7.57397420783616,-0.07882575008547703,0.8834317083343629,7.5043370407774095,7.495148457750682,1.5,7.455735582707944,-0.40070553341687454,-0.3310683663581244
NO2,B_mingguan_s7,360,2021-01-16,10.30818271059821,7.3809118097342425,-0.39758884424656427,0.34800299435176607,7.24254970141558,6.9833229654876785,0.0,7.3809118097342425,2.9272709008639675,3.06563300918263
NO2,B_mingguan_s7,360,2021-02-15,6.793486559756871,7.457501107260994,-0.32074337967934713,0.0,7.457501107260994,7.136757727581647,1.5,6.976386037741973,-0.6640145475041228,-0.6640145475041228
NO2,B_mingguan_s7,360,2021-03-17,7.628712163762233,8.09942204700486,0.23544603231024555,0.0,8.09942204700486,8.334868079315104,0.0,8.09942204700486,-0.47070988324262597,-0.47070988324262597
NO2,B_mingguan_s7,360,2021-04-16,8.086922434652134,8.038184858280923,0.0321643686276148,0.0,8.038184858280923,8.070349226908538,1.5,8.086431411222344,0.04873757637121123,0.04873757637121123
NO2,B_mingguan_s7,360,2021-05-16,7.014922953789363,7.886594964697903,0.091860496169973,0.0,7.886594964697903,7.978455460867877,0.0,7.886594964697903,-0.8716720109085401,-0.8716720109085401
NO2,B_mingguan_s7,360,2021-06-15,7.482627274581741,7.931820944508176,0.1963303555902609,0.0,7.931820944508176,8.128151300098438,0.0,7.931820944508176,-0.4491936699264345,-0.4491936699264345
NO2,B_mingguan_s7,360,2021-07-15,7.989928813753692,8.533297848981723,0.2130837104769956,0.0,8.533297848981723,8.746381559458719,0.0,8.533297848981723,-0.5433690352280314,-0.5433690352280314
NO2,B_mingguan_s7,360,2021-08-14,9.1160881408998,8.57237759400444,-0.00840443771790043,0.3688851431687148,8.569277321793619,8.56397315628654,0.0,8.57237759400444,0.54371054689536,0.5468108191061809
NO2,B_mingguan_s7,360,2021-09-13,6.264094657671212,7.984738234993871,-0.2654511661272575,0.5241018658972755,7.845614783521968,7.719287068866613,1.5,7.586561485802984,-1.720643577322659,-1.5815201258507559
NO2,B_mingguan_s7,360,2021-10-13,8.821364096409576,8.266180745884226,0.18963414160291353,0.7711154248421247,8.412410557550928,8.45581488748714,1.5,8.550631958288596,0.5551833505253505,0.4089535388586487
NO2,B_mingguan_s7,360,2021-11-12,7.774276279973856,8.521765713446493,-0.012909633026770093,0.5174180213929088,8.515086036668873,8.508856080419724,1.5,8.502401263906338,-0.7474894334726372,-0.7408097566950165
NO2,B_mingguan_s7,360,2021-12-12,7.7527503521035355,7.24596723992512,-0.12557422376654373,0.30179431835958775,7.208069652659962,7.120393016158577,0.0,7.24596723992512,0.5067831121784154,0.5446806994435738
NO2,B_mingguan_s7,360,2022-01-11,6.740907379165658,7.288554678850713,-0.011429071535717822,0.5384025644764431,7.282401237426297,7.2771256073149955,1.5,7.271411071547136,-0.547647299685055,-0.5414938582606394
NO2,B_mingguan_s7,360,2022-02-10,9.74701625977252,7.690811502587651,-0.01322447984711509,0.2157489208994982,7.687958335331178,7.677587022740536,0.0,7.690811502587651,2.0562047571848696,2.0590579244413423
NO2,B_mingguan_s7,360,2022-03-12,8.15699129245089,7.854026610779722,0.03077077048757355,0.0,7.854026610779722,7.884797381267296,1.5,7.900182766511082,0.30296468167116775,0.30296468167116775
NO2,B_mingguan_s7,360,2022-04-11,6.595640082654809,6.891663670152284,-0.06828815610052791,0.19363378246258411,6.8784407761891435,6.823375514051756,1.5,6.789231436001493,-0.2960235874974755,-0.2828006935343348
NO2,B_mingguan_s7,360,2022-05-11,7.310358764767277,7.726018091744342,0.19326216828478474,0.010793769501448192,7.7281041190421575,7.919280260029127,0.0,7.726018091744342,-0.41565932697706476,-0.4177453542748806
NO2,B_mingguan_s7,360,2022-06-10,6.994830089875532,7.493608099530999,0.06536384421637767,0.16525453296352832,7.504409771079677,7.558971943747376,0.0,7.493608099530999,-0.49877800965546637,-0.5095796812041451
NO2,B_mingguan_s7,360,2022-07-10,7.029009164902778,6.8026242696114325,0.06586862471165054,0.07797575457456872,6.807760425326112,6.868492894323083,1.5,6.901427206678909,0.22638489529134542,0.2212487395766658
NO2,B_mingguan_s7,360,2022-08-09,6.1369538739044565,7.92823909623202,0.13591245476860253,0.5886574065787089,8.008244969377852,8.064151551000622,0.0,7.92823909623202,-1.7912852223275637,-1.8712910954733957
NO2,B_mingguan_s7,360,2022-09-08,7.180435415039061,8.245523716425547,0.15196925155832922,0.764480284162926,8.361701213040886,8.397492967983876,0.0,8.245523716425547,-1.0650883013864858,-1.1812657980018253
NO2,B_mingguan_s7,360,2022-10-08,8.092848385922776,7.66240304609617,-0.09358187240948472,0.44863976239049913,7.62041849709432,7.568821173686685,0.0,7.66240304609617,0.4304453398266066,0.47242988882845616
NO2,B_mingguan_s7,360,2022-11-07,8.161082729900984,7.894779612842206,-0.24183872815679722,0.31069137007729025,7.819642407053421,7.652940884685409,0.0,7.894779612842206,0.2663031170587784,0.3414403228475633
NO2,B_mingguan_s7,360,2022-12-07,7.866886243140725,7.66549362459347,0.0876847130472677,0.0,7.66549362459347,7.753178337640738,1.5,7.797020694164371,0.20139261854725543,0.20139261854725543
