target,horizon,model,delta_pct,dm_p,nyata05
NO2,1,adaptif_120,-1.232006572289671,0.41009417142723303,tidak
NO2,1,ketat,0.0,,tidak
NO2,1,ketat_penuh,0.0,,tidak
NO2,7,adaptif_120,-7.328182489638147,0.7392501668879601,tidak
NO2,7,ketat,-7.760489075710043,,tidak
NO2,7,ketat_penuh,-7.760489075710043,,tidak
NO2,30,adaptif_120,-0.2838520592918396,0.12074866394297845,tidak
NO2,30,ketat,0.3781411013838976,,tidak
NO2,30,ketat_penuh,0.3781411013838976,,tidak
PM10,1,adaptif_120,-3.504338009517739,0.07089468874864124,tidak
PM10,1,ketat,0.0,,tidak
PM10,1,ketat_penuh,0.0,,tidak
PM10,7,adaptif_120,-5.447577064211805,0.16633531770551957,tidak
PM10,7,ketat,-3.1279067191270458,,tidak
PM10,7,ketat_penuh,-3.1279067191270458,,tidak
PM10,30,adaptif_120,0.020686455580718625,0.19104972469494985,tidak
PM10,30,ketat,0.6477467748582582,,tidak
PM10,30,ketat_penuh,0.6477467748582582,,tidak
PM25,1,adaptif_120,-2.4294156630404014,0.08785067192317686,tidak
PM25,1,ketat,0.0,,tidak
PM25,1,ketat_penuh,0.0,,tidak
PM25,7,adaptif_120,-0.934424944300351,0.00960327272905448,ya
PM25,7,ketat,-2.863647420651598,,tidak
PM25,7,ketat_penuh,-2.863647420651598,,tidak
PM25,30,adaptif_120,-0.7241659984296372,0.018538415133209085,ya
PM25,30,ketat,0.6958647624941031,,tidak
PM25,30,ketat_penuh,0.6958647624941031,,tidak
