target,horizon,model,rmse,mae,mape,delta_pct,n
NO2,1,SARIMA,0.5800444201804552,0.4816221266209912,6.398639079203488,0.0,72
NO2,1,adaptif_120,0.5728982348016325,0.47696982806712246,6.324461741916099,-1.232006572289671,72
NO2,1,ketat,0.5800444201804552,0.4816221266209912,6.398639079203488,0.0,72
NO2,1,ketat_penuh,0.5800444201804552,0.4816221266209912,6.398639079203488,0.0,72
NO2,7,SARIMA,0.8597618917363703,0.6489875686847516,8.501915755371066,0.0,72
NO2,7,adaptif_120,0.7967569713335639,0.6174318529507998,8.233360134440652,-7.328182489638147,71
NO2,7,ketat,0.7930401640510513,0.6168990710484248,8.22169561465244,-7.760489075710043,71
NO2,7,ketat_penuh,0.7930401640510513,0.6168990710484248,8.22169561465244,-7.760489075710043,71
NO2,30,SARIMA,0.6675918652979078,0.5111807551992016,6.659761911016908,0.0,69
NO2,30,adaptif_120,0.6656968920405949,0.5069693140978844,6.60686172444586,-0.2838520592918396,68
NO2,30,ketat,0.6701163045300946,0.5118627242696615,6.665046645452242,0.3781411013838976,68
NO2,30,ketat_penuh,0.6701163045300946,0.5118627242696615,6.665046645452242,0.3781411013838976,68
PM10,1,SARIMA,0.11549870926777032,0.08562108476188705,4.247232541046788,0.0,72
PM10,1,adaptif_120,0.11145124409839746,0.08430102093349662,4.172067495078544,-3.504338009517739,72
PM10,1,ketat,0.11549870926777032,0.08562108476188705,4.247232541046788,0.0,72
PM10,1,ketat_penuh,0.11549870926777032,0.08562108476188705,4.247232541046788,0.0,72
PM10,7,SARIMA,0.15042354360660626,0.10869448378406013,5.226544793969323,0.0,72
PM10,7,adaptif_120,0.14222910514591813,0.10520027499435348,5.089369348945814,-5.447577064211805,71
PM10,7,ketat,0.14571843547898622,0.10531482050029373,5.097807059500582,-3.1279067191270458,71
PM10,7,ketat_penuh,0.14571843547898622,0.10531482050029373,5.097807059500582,-3.1279067191270458,71
PM10,30,SARIMA,0.15408749508174086,0.11972866692238718,5.997229846363594,0.0,69
PM10,30,adaptif_120,0.15411937032296638,0.12016840630280022,6.018079430038492,0.020686455580718625,68
PM10,30,ketat,0.1550855918615927,0.1207169108613759,6.046788875475675,0.6477467748582582,68
PM10,30,ketat_penuh,0.1550855918615927,0.1207169108613759,6.046788875475675,0.6477467748582582,68
PM25,1,SARIMA,0.06629022286798655,0.048983539611247406,3.390020000138934,0.0,72
PM25,1,adaptif_120,0.0646797578105673,0.04790570528593197,3.3107087162606907,-2.4294156630404014,72
PM25,1,ketat,0.06629022286798655,0.048983539611247406,3.390020000138934,0.0,72
PM25,1,ketat_penuh,0.06629022286798655,0.048983539611247406,3.390020000138934,0.0,72
PM25,7,SARIMA,0.07309757697737333,0.058991786003983804,3.9235356810663506,0.0,72
PM25,7,adaptif_120,0.0724145349844176,0.05919935526466998,3.9519437119571115,-0.934424944300351,71
PM25,7,ketat,0.07100432009970196,0.05751865049986007,3.841130174498095,-2.863647420651598,71
PM25,7,ketat_penuh,0.07100432009970196,0.05751865049986007,3.841130174498095,-2.863647420651598,71
PM25,30,SARIMA,0.08896104489805076,0.07169196063948131,5.03535748541855,0.0,69
PM25,30,adaptif_120,0.08831681925905135,0.07124894926085092,5.0055526654817015,-0.7241659984296372,68
PM25,30,ketat,0.08958009346184286,0.07245275324017156,5.089737869854762,0.6958647624941031,68
PM25,30,ketat_penuh,0.08958009346184286,0.07245275324017156,5.089737869854762,0.6958647624941031,68
