feature,fold,origin_date,actual_h1,sarima_h1,adapt_h1,ketat_h1,ketatf_h1,gate_h1,imp_mean_h1,actual_h7,sarima_h7,adapt_h7,ketat_h7,ketatf_h7,gate_h7,imp_mean_h7,actual_h30,sarima_h30,adapt_h30,ketat_h30,ketatf_h30,gate_h30,imp_mean_h30
NO2,0,2022-01-11,6.562873902637556,7.299619105241923,7.246851114307673,7.299619105241923,7.299619105241923,False,0.4484556612144159,6.740907379165658,7.377421251124941,7.367136079363132,7.377421251124941,7.377421251124941,False,-1.0728173665911598,8.093440595503724,7.344221531065333,7.344221531065333,7.344221531065333,7.344221531065333,False,-2.5891829926123253
NO2,0,2022-02-10,8.395700596545284,8.016849576611868,8.038645617599203,8.016849576611868,8.016849576611868,False,0.3400426889591212,9.74701625977252,7.677279048807271,7.675497336138908,7.677279048807271,7.677279048807271,False,-1.6859538141473793,7.750211611491847,7.680560558425089,7.680560558425089,7.680560558425089,7.680560558425089,False,-2.603142274013788
NO2,0,2022-03-12,7.197590244974486,7.5534241869246745,7.580555712618967,7.5534241869246745,7.5534241869246745,False,0.17058548803423315,8.15699129245089,7.8794138806772045,7.8794138806772045,7.8794138806772045,7.8794138806772045,False,-2.2358487993447698,7.206855871908678,7.246143485131127,7.246143485131127,7.246143485131127,7.246143485131127,False,-3.312199222935206
NO2,0,2022-04-11,6.830001775590331,7.562942757389212,7.57280024792881,7.562942757389212,7.562942757389212,False,0.3367576193221337,6.595640082654809,6.85452716711093,6.8521319860586445,6.85452716711093,6.85452716711093,False,-2.10371604482547,8.093440595503724,7.3820092267943265,7.3820092267943265,7.3820092267943265,7.3820092267943265,False,-2.0058041385269645
NO2,0,2022-05-11,7.008978800178157,7.892487048996344,7.969733358929434,7.892487048996344,7.892487048996344,False,0.14946262016496842,7.310358764767277,7.710705820007742,7.710705820007742,7.710705820007742,7.710705820007742,False,-2.7286926742169286,8.159914086832428,7.773229834677634,7.773229834677634,7.773229834677634,7.773229834677634,False,-2.03767812446471
NO2,0,2022-06-10,7.7565559772981345,7.659171192574684,7.733219619791648,7.659171192574684,7.659171192574684,False,0.17722019687996374,6.994830089875532,7.515126289817092,7.515126289817092,7.515126289817092,7.515126289817092,False,-2.151131218049286,6.5792879088927,7.12714360929214,7.12714360929214,7.12714360929214,7.12714360929214,False,-2.800020161735489
NO2,0,2022-07-10,5.785937036225244,6.347103505481648,6.347103505481648,6.347103505481648,6.347103505481648,False,-0.8464060610089513,7.029009164902778,6.803681614459162,6.803681614459162,6.803681614459162,6.803681614459162,False,-3.547992181789843,8.077426293968285,6.953128635876718,6.953128635876718,6.953128635876718,6.953128635876718,False,-3.406065372794613
NO2,0,2022-08-09,8.503912157328378,8.059023875754256,8.107846108698118,8.059023875754256,8.059023875754256,False,0.7781918717057238,6.1369538739044565,7.8475311441162034,7.902070109563667,7.8475311441162034,7.8475311441162034,False,-1.4129132192195142,8.298258155074734,8.025157354117457,8.033530228592959,8.025157354117457,8.025157354117457,False,-1.1650014412612792
NO2,0,2022-09-08,7.89223500973639,8.195034355449929,8.303764869454149,8.195034355449929,8.195034355449929,False,0.29801254547558614,7.180435415039061,8.233121736802667,8.31786581305254,8.233121736802667,8.233121736802667,False,-0.7190902373346089,8.671121706977779,8.30525963226394,8.307859642209964,8.30525963226394,8.30525963226394,False,-0.7631395646582969
NO2,0,2022-10-08,8.066126156376194,7.672926352590015,7.708614444863501,7.672926352590015,7.672926352590015,False,1.2357520393493073,8.092848385922776,7.685213165720511,7.658034670638654,7.685213165720511,7.685213165720511,False,-1.2891885341007505,6.807506593785511,6.894873755716806,6.9139521283285035,6.894873755716806,6.894873755716806,False,-0.2346257229511394
NO2,0,2022-11-07,8.05360672242779,7.936598212776388,7.738572065706552,7.936598212776388,7.936598212776388,False,1.4733224896108306,8.161082729900984,7.74630133002644,7.7339089412327215,7.74630133002644,7.74630133002644,False,-1.889007065434459,7.7590914060747025,8.47117834209759,8.314428721923196,8.47117834209759,8.47117834209759,False,-1.0110342436032043
NO2,0,2022-12-07,7.594083295757286,7.769202702985388,7.743949229019046,7.769202702985388,7.769202702985388,False,2.8992436648603586,7.866886243140725,7.7568658576841525,7.7568658576841525,7.7568658576841525,7.7568658576841525,False,-2.103570683112704,7.35471190214614,7.833042255568447,7.895216501087756,7.833042255568447,7.833042255568447,False,0.7000316913432031
NO2,0,2023-01-06,7.957781100758424,7.731451593560755,7.676736270526211,7.731451593560755,7.731451593560755,False,2.946557363320396,7.691450664306726,8.103940229091425,8.103940229091425,8.103940229091425,8.103940229091425,False,-1.3340147480979716,7.6124089421421735,7.860312397970743,7.859726431351963,7.860312397970743,7.860312397970743,False,1.3553614055431824
NO2,0,2023-02-05,7.394547200719486,7.433692248652662,7.4029050796212035,7.433692248652662,7.433692248652662,False,1.341044275179865,7.88729916379129,7.809177183576014,7.809177183576014,7.809177183576014,7.809177183576014,False,-3.6760268126995377,7.880504275465511,7.932056473196953,7.932056473196953,7.932056473196953,7.932056473196953,False,-0.8852277243979829
NO2,0,2023-03-07,8.822392716870349,7.963735140654968,7.978548381924654,7.963735140654968,7.963735140654968,False,1.9872197918765628,8.110584297131764,7.9055731657935215,7.9055731657935215,7.9055731657935215,7.9055731657935215,False,-3.0170295654506716,6.634636389701339,8.153221369718166,8.170487288049236,8.153221369718166,8.153221369718166,False,0.04957297123440355
NO2,0,2023-04-06,6.2027985042246785,7.373953303664238,7.319629717523394,7.373953303664238,7.373953303664238,False,0.8288694894529982,8.286872394110299,7.911871179129546,7.918107655555772,7.911871179129546,7.911871179129546,False,-2.698898087229322,8.17916213556961,7.853659780089075,7.853659780089075,7.853659780089075,7.853659780089075,False,-1.0031321230236183
NO2,0,2023-05-06,7.759725056674388,7.640897597477613,7.740295253890184,7.640897597477613,7.640897597477613,False,0.8390828596955671,8.642469103374994,7.714219125410827,7.722485317634979,7.714219125410827,7.714219125410827,False,-1.5416785430132254,6.99781244315565,7.1983104107228755,7.1983104107228755,7.1983104107228755,7.1983104107228755,False,0.2430461440498878
NO2,0,2023-06-05,7.658566333845242,7.876313870061481,7.773981681050227,7.876313870061481,7.876313870061481,False,-0.6300521951522192,7.173268674419285,7.5223479881031015,7.470364897990924,7.5223479881031015,7.5223479881031015,False,-1.0260822202771556,8.2731757980059,8.08440431437994,8.115172605651107,8.08440431437994,8.08440431437994,False,-0.8821761890934737
NO2,0,2023-07-05,8.172754279870441,7.881684812327211,7.954691692136047,7.881684812327211,7.881684812327211,False,0.25372579430784076,8.216861676866067,7.601089945008189,7.641543968760257,7.601089945008189,7.601089945008189,False,-0.31905912725330443,8.109403853241847,7.503508440268851,7.503508440268851,7.503508440268851,7.503508440268851,False,-1.27870541676859
NO2,0,2023-08-04,8.872553787906295,7.84527398411018,7.826037566772165,7.84527398411018,7.84527398411018,False,0.10962831662313739,8.069102354552237,7.479244017558819,7.486999358059275,7.479244017558819,7.479244017558819,False,-0.3338312709434992,7.547959693320663,7.190120601511426,7.190120601511426,7.190120601511426,7.190120601511426,False,-0.4924528659355179
NO2,0,2023-09-03,7.2824223977958775,7.3530199482573995,7.3351643337301535,7.3530199482573995,7.3530199482573995,False,-0.3678511050167124,8.189049209212774,7.638133457328334,7.598631718474737,7.638133457328334,7.638133457328334,False,0.07912689497409546,7.413657790021476,7.870858745368533,7.870858745368533,7.870858745368533,7.870858745368533,False,-1.0060107574612613
NO2,0,2023-10-03,7.51273839959382,7.758383556905714,7.772451598772049,7.758383556905714,7.758383556905714,False,-0.31528717128358935,6.9377879275886825,7.766215111737675,7.800878427971634,7.766215111737675,7.766215111737675,False,-0.055383714904144156,7.360915465378349,7.967343420157599,7.967343420157599,7.967343420157599,7.967343420157599,False,-0.8464441365166809
NO2,0,2023-11-02,7.639117255535947,7.43939439873707,7.441939604194307,7.43939439873707,7.43939439873707,False,-0.646683936926089,7.428619021933483,7.937229010360141,7.944468131798436,7.937229010360141,7.937229010360141,False,0.7167171345653253,8.347492789249378,7.902066529318945,7.902066529318945,7.902066529318945,7.902066529318945,False,-1.4760821879340085
NO2,0,2023-12-02,8.876118772031369,7.565903353560853,7.58997506690749,7.565903353560853,7.565903353560853,False,-0.6269806061406257,7.495364173908803,7.64067197947723,7.591217804969596,7.64067197947723,7.64067197947723,False,0.8687250027326979,,,,,,,
NO2,180,2021-07-15,9.520688476537378,8.609323168209128,8.627046152782487,8.609323168209128,8.609323168209128,False,-2.086048281462052,7.989928813753692,8.462443445048184,8.462443445048184,8.462443445048184,8.462443445048184,False,-4.381468289201297,8.620075153170587,8.376346503299285,8.38440870351382,8.376346503299285,8.376346503299285,False,-3.527808703173379
NO2,180,2021-08-14,7.874318941182931,8.136645551264996,8.201923821409826,8.136645551264996,8.136645551264996,False,-0.7566716028895771,9.1160881408998,8.55385219720796,8.553878990257688,8.55385219720796,8.55385219720796,False,-1.271828030800879,8.398489502796979,8.122091680876188,8.122091680876188,8.122091680876188,8.122091680876188,False,-1.7070003913264753
NO2,180,2021-09-13,9.383192809623658,8.490651616788105,8.55250357531769,8.490651616788105,8.490651616788105,False,0.5987640340617637,6.264094657671212,7.935708246851381,7.821264608435971,7.935708246851381,7.935708246851381,False,-1.200831495644582,8.468276185899699,8.549653858048709,8.549653858048709,8.549653858048709,8.549653858048709,False,-1.865392319678901
NO2,180,2021-10-13,7.966900693587252,8.362143167821616,8.408145467739544,8.362143167821616,8.362143167821616,False,0.7066503747700089,8.821364096409576,8.304998649380046,8.415762813839642,8.304998649380046,8.304998649380046,False,-0.9561268759560777,9.499823155469459,8.260561562692226,8.260561562692226,8.260561562692226,8.260561562692226,False,-3.330793328531236
NO2,180,2021-11-12,9.565783353106228,8.86702296895095,8.926379828085182,8.86702296895095,8.86702296895095,False,0.9044738776408247,7.774276279973856,8.509817482637294,8.50704205467865,8.509817482637294,8.509817482637294,False,-0.13584395761350945,6.952116257650706,8.157929924944552,8.157929924944552,8.157929924944552,8.157929924944552,False,-2.4641957652294413
NO2,180,2021-12-12,6.264094657671212,7.034471442029073,6.847720849857799,7.034471442029073,7.034471442029073,False,1.0022270624146719,7.7527503521035355,7.295458126851763,7.2823862984066565,7.295458126851763,7.295458126851763,False,-0.38379230436983613,7.017150003083341,7.502036851424336,7.502036851424336,7.502036851424336,7.502036851424336,False,-1.6755294302939638
NO2,180,2022-01-11,6.562873902637556,7.302988257288087,7.2325040690895985,7.302988257288087,7.302988257288087,False,0.9986705148614535,6.740907379165658,7.347817352697397,7.336724345194145,7.347817352697397,7.347817352697397,False,-0.6786841972014354,8.093440595503724,7.316727447172069,7.316727447172069,7.316727447172069,7.316727447172069,False,-2.458037699947788
NO2,180,2022-02-10,8.395700596545284,8.016535422671673,8.028456566749476,8.016535422671673,8.016535422671673,False,0.7452209089401153,9.74701625977252,7.676001385710418,7.673483459582737,7.676001385710418,7.676001385710418,False,-1.4451382810433595,7.750211611491847,7.671514394606225,7.671514394606225,7.671514394606225,7.671514394606225,False,-2.5501499914851404
NO2,180,2022-03-12,7.197590244974486,7.576484052865087,7.600940860790073,7.576484052865087,7.576484052865087,False,0.4957046902123194,8.15699129245089,7.869904638085376,7.869904638085376,7.869904638085376,7.869904638085376,False,-1.9190121766613464,7.206855871908678,7.301295709216627,7.301295709216627,7.301295709216627,7.301295709216627,False,-3.258294713886901
NO2,180,2022-04-11,6.830001775590331,7.522927914464927,7.538534958388692,7.522927914464927,7.522927914464927,False,0.562617980421605,6.595640082654809,6.879220491686031,6.873394843664838,6.879220491686031,6.879220491686031,False,-1.9290939083671301,8.093440595503724,7.340340433673697,7.340340433673697,7.340340433673697,7.340340433673697,False,-1.9716052817843899
NO2,180,2022-05-11,7.008978800178157,7.879763370557338,8.007475319130991,7.879763370557338,7.879763370557338,False,0.5974168550274236,7.310358764767277,7.7079073821204585,7.7079073821204585,7.7079073821204585,7.7079073821204585,False,-2.5705184267647003,8.159914086832428,7.765218336665708,7.765218336665708,7.765218336665708,7.765218336665708,False,-1.9454711813531
NO2,180,2022-06-10,7.7565559772981345,7.631092098980844,7.772697797061395,7.631092098980844,7.631092098980844,False,0.783573599508796,6.994830089875532,7.50121928876129,7.50121928876129,7.50121928876129,7.50121928876129,False,-1.8191468848851826,6.5792879088927,7.146581956078861,7.146581956078861,7.146581956078861,7.146581956078861,False,-2.8525896996214612
NO2,180,2022-07-10,5.785937036225244,6.365873638278304,6.359834922875874,6.365873638278304,6.365873638278304,False,-0.14456687074665572,7.029009164902778,6.808866384455871,6.808866384455871,6.808866384455871,6.808866384455871,False,-3.249350051273766,8.077426293968285,6.936021192774286,6.936021192774286,6.936021192774286,6.936021192774286,False,-3.365910714401748
NO2,180,2022-08-09,8.503912157328378,8.080058692481984,8.127236585361768,8.080058692481984,8.080058692481984,False,1.7252526310063956,6.1369538739044565,7.867542459645943,7.936905239932654,7.867542459645943,7.867542459645943,False,-0.9873653514785184,8.298258155074734,8.04814052108289,8.057842708124276,8.04814052108289,8.04814052108289,False,-1.120220746222602
NO2,180,2022-09-08,7.89223500973639,8.175266724179401,8.316688020045287,8.175266724179401,8.175266724179401,False,1.2739155779598093,7.180435415039061,8.233603279937634,8.331392532331924,8.233603279937634,8.233603279937634,False,-0.36899601590014686,8.671121706977779,8.314245293675922,8.314834088060168,8.314245293675922,8.314245293675922,False,-0.738798186905714
NO2,180,2022-10-08,8.066126156376194,7.67123742958911,7.72595271297375,7.67123742958911,7.67123742958911,False,2.2731278536774435,8.092848385922776,7.672324688677337,7.6373684008286045,7.672324688677337,7.672324688677337,False,-0.9067419083661781,6.807506593785511,6.938529375361882,6.953887825356254,6.938529375361882,6.938529375361882,False,-0.17079181176625471
NO2,180,2022-11-07,8.05360672242779,7.953582769163527,7.72011227131181,7.953582769163527,7.953582769163527,False,2.5188835116730073,8.161082729900984,7.809428593928738,7.773160088483964,7.809428593928738,7.809428593928738,False,-1.5949563362278976,7.7590914060747025,8.49028428717066,8.326456416605977,8.49028428717066,8.49028428717066,False,-0.99402651603355
NO2,180,2022-12-07,7.594083295757286,7.73785613527299,7.730524858782183,7.73785613527299,7.73785613527299,False,3.916335655871002,7.866886243140725,7.7269892522951915,7.7269892522951915,7.7269892522951915,7.7269892522951915,False,-1.9352306529351253,7.35471190214614,7.7893641944892344,7.862832856177462,7.7893641944892344,7.7893641944892344,False,0.7689887328280006
NO2,180,2023-01-06,7.957781100758424,7.7191538500194214,7.677852809534887,7.7191538500194214,7.7191538500194214,False,3.965539681614,7.691450664306726,8.089500018828241,8.089500018828241,8.089500018828241,8.089500018828241,False,-1.1200606476536674,7.6124089421421735,7.896892521030196,7.891885210471226,7.896892521030196,7.896892521030196,False,1.4287925804841635
NO2,180,2023-02-05,7.394547200719486,7.4828119282181875,7.45071819831327,7.4828119282181875,7.4828119282181875,False,2.1488638320841615,7.88729916379129,7.82971049309398,7.82971049309398,7.82971049309398,7.82971049309398,False,-3.4253492174265787,7.880504275465511,7.932306878538424,7.932306878538424,7.932306878538424,7.932306878538424,False,-0.927893482182185
NO2,180,2023-03-07,8.822392716870349,7.941616961257619,7.9789318845578965,7.941616961257619,7.941616961257619,False,2.944075731928115,8.110584297131764,7.891556880331681,7.90315275465907,7.891556880331681,7.891556880331681,False,-2.781623312191837,6.634636389701339,8.128005709494614,8.150627130141883,8.128005709494614,8.128005709494614,False,0.15958807444711245
NO2,180,2023-04-06,6.2027985042246785,7.380251857047048,7.275420268261523,7.380251857047048,7.380251857047048,False,1.710430367362169,8.286872394110299,7.889582870469619,7.9015705480684195,7.889582870469619,7.889582870469619,False,-2.390135903509297,8.17916213556961,7.819421630713136,7.819421630713136,7.819421630713136,7.819421630713136,False,-1.0590116918380625
NO2,180,2023-05-06,7.759725056674388,7.652902303756386,7.8070920527916225,7.652902303756386,7.652902303756386,False,1.849880046714463,8.642469103374994,7.690277244324255,7.706975494952758,7.690277244324255,7.690277244324255,False,-1.235996293431131,6.99781244315565,7.252439628149752,7.252439628149752,7.252439628149752,7.252439628149752,False,0.32325419507455755
NO2,180,2023-06-05,7.658566333845242,7.897128421201937,7.711530568084451,7.897128421201937,7.897128421201937,False,0.25308002301940363,7.173268674419285,7.57397420783616,7.5043370407774095,7.57397420783616,7.57397420783616,False,-0.6406964656567937,,,,,,,
NO2,360,2021-01-16,7.337436520132644,7.376168539267352,7.364206012978074,7.376168539267352,7.376168539267352,False,-8.731341332689453,10.30818271059821,7.3809118097342425,,,,,,7.377418269703025,6.912611411295096,,,,,
NO2,360,2021-02-15,8.655222880014131,8.125555248010505,8.125555248010505,8.125555248010505,8.125555248010505,False,-5.835024590883048,6.793486559756871,7.457501107260994,7.457501107260994,7.457501107260994,7.457501107260994,False,-6.205756252423291,8.030872343289607,8.033113710237913,8.03315861394963,8.033113710237913,8.033113710237913,False,-9.61314789189666
NO2,360,2021-03-17,7.6933780770528255,7.912012875356197,7.912012875356197,7.912012875356197,7.912012875356197,False,-2.5342360709839356,7.628712163762233,8.09942204700486,8.09942204700486,8.09942204700486,8.09942204700486,False,-4.008767013763487,6.3314584558905125,8.144087367078447,8.144087367078447,8.144087367078447,8.144087367078447,False,-3.5100812588157435
NO2,360,2021-04-16,6.60379315937762,7.534243739444902,7.534243739444902,7.534243739444902,7.534243739444902,False,-2.1110952609529816,8.086922434652134,8.038184858280923,8.038184858280923,8.038184858280923,8.038184858280923,False,-4.923147003355065,8.252561501822269,8.023831277370135,8.022910306531001,8.023831277370135,8.023831277370135,False,-8.919065183025594
NO2,360,2021-05-16,7.57371203295074,7.996752869132673,7.996752869132673,7.996752869132673,7.996752869132673,False,-1.9745894549528435,7.014922953789363,7.886594964697903,7.886594964697903,7.886594964697903,7.886594964697903,False,-4.865533466085256,8.03626617944075,7.907899774569759,7.907899774569759,7.907899774569759,7.907899774569759,False,-4.304458465910822
NO2,360,2021-06-15,7.378790886060054,8.250351525508652,8.250351525508652,8.250351525508652,8.250351525508652,False,-1.5800432450183217,7.482627274581741,7.931820944508176,7.931820944508176,7.931820944508176,7.931820944508176,False,-4.707294214148799,9.43400040288019,7.898494515487684,7.898494515487684,7.898494515487684,7.898494515487684,False,-2.440187463221418
NO2,360,2021-07-15,9.520688476537378,8.594929869545066,8.625778014684965,8.594929869545066,8.594929869545066,False,-1.647758490254877,7.989928813753692,8.533297848981723,8.533297848981723,8.533297848981723,8.533297848981723,False,-4.0514216893194765,8.620075153170587,8.437941218322715,8.443751947068238,8.437941218322715,8.437941218322715,False,-2.996921185186544
NO2,360,2021-08-14,7.874318941182931,8.103389209506613,8.196481326706534,8.103389209506613,8.103389209506613,False,-0.4054006525359643,9.1160881408998,8.57237759400444,8.569277321793619,8.57237759400444,8.57237759400444,False,-1.1506675407813802,8.398489502796979,8.207753321368388,8.207753321368388,8.207753321368388,8.207753321368388,False,-1.6343631531389
NO2,360,2021-09-13,9.383192809623658,8.431118130354527,8.509944362547733,8.431118130354527,8.431118130354527,False,1.0726553966111758,6.264094657671212,7.984738234993871,7.845614783521968,7.984738234993871,7.984738234993871,False,-0.9387179746087049,8.468276185899699,8.538955550791723,8.538955550791723,8.538955550791723,8.538955550791723,False,-1.837707973569378
NO2,360,2021-10-13,7.966900693587252,8.340929999363643,8.398033014422957,8.340929999363643,8.340929999363643,False,1.2871546831179272,8.821364096409576,8.266180745884226,8.412410557550928,8.266180745884226,8.266180745884226,False,-0.5017514149287007,9.499823155469459,8.198783149361278,8.198783149361278,8.198783149361278,8.198783149361278,False,-3.2714603931811994
NO2,360,2021-11-12,9.565783353106228,8.867201163369883,8.931249072575017,8.867201163369883,8.867201163369883,False,1.4328085276274096,7.774276279973856,8.521765713446493,8.515086036668873,8.521765713446493,8.521765713446493,False,0.3352591991326565,6.952116257650706,8.185610674255845,8.185610674255845,8.185610674255845,8.185610674255845,False,-2.3716962587513413
NO2,360,2021-12-12,6.264094657671212,7.046707069757761,6.878126248001752,7.046707069757761,7.046707069757761,False,1.3425028175924874,7.7527503521035355,7.24596723992512,7.208069652659962,7.24596723992512,7.24596723992512,False,0.12053788419732651,7.017150003083341,7.364264931572656,7.364264931572656,7.364264931572656,7.364264931572656,False,-1.5961451238145508
NO2,360,2022-01-11,6.562873902637556,7.3039498311750854,7.21852519913464,7.3039498311750854,7.3039498311750854,False,1.4418054497722574,6.740907379165658,7.288554678850713,7.282401237426297,7.288554678850713,7.288554678850713,False,0.007333625472398704,8.093440595503724,7.2619502164940615,7.2619502164940615,7.2619502164940615,7.2619502164940615,False,-2.304335198796373
NO2,360,2022-02-10,8.395700596545284,8.029593247465202,8.024226720683334,8.029593247465202,8.029593247465202,False,0.9959510821467651,9.74701625977252,7.690811502587651,7.687958335331178,7.690811502587651,7.690811502587651,False,-0.947417050220465,7.750211611491847,7.667373957162175,7.667373957162175,7.667373957162175,7.667373957162175,False,-2.443697475495891
NO2,360,2022-03-12,7.197590244974486,7.613237634058323,7.634089286493328,7.613237634058323,7.613237634058323,False,0.6940798880146583,8.15699129245089,7.854026610779722,7.854026610779722,7.854026610779722,7.854026610779722,False,-1.357418248076365,7.206855871908678,7.377949536585701,7.377949536585701,7.377949536585701,7.377949536585701,False,-3.0120080603905213
NO2,360,2022-04-11,6.830001775590331,7.460130189176968,7.493838804449388,7.460130189176968,7.460130189176968,False,0.5214963034752303,6.595640082654809,6.891663670152284,6.8784407761891435,6.891663670152284,6.891663670152284,False,-1.5683015167545797,8.093440595503724,7.261661738559286,7.261661738559286,7.261661738559286,7.261661738559286,False,-1.886936163039224
NO2,360,2022-05-11,7.008978800178157,7.8972777524592095,8.029972871099385,7.8972777524592095,7.8972777524592095,False,0.7789621206825964,7.310358764767277,7.726018091744342,7.7281041190421575,7.726018091744342,7.726018091744342,False,-2.1398562372246603,8.159914086832428,7.776240391815811,7.776240391815811,7.776240391815811,7.776240391815811,False,-1.7685888446949019
NO2,360,2022-06-10,7.7565559772981345,7.616070877464251,7.786629862373286,7.616070877464251,7.616070877464251,False,1.2150773305794769,6.994830089875532,7.493608099530999,7.504409771079677,7.493608099530999,7.493608099530999,False,-1.141004608630789,6.5792879088927,7.185245764685557,7.185245764685557,7.185245764685557,7.185245764685557,False,-2.777385651037155
NO2,360,2022-07-10,5.785937036225244,6.384664993254992,6.385999852650615,6.384664993254992,6.384664993254992,False,0.46615803997940114,7.029009164902778,6.8026242696114325,6.807760425326112,6.8026242696114325,6.8026242696114325,False,-2.503151480212851,8.077426293968285,6.906811080882971,6.906811080882971,6.906811080882971,6.906811080882971,False,-3.0232861077165545
NO2,360,2022-08-09,8.503912157328378,8.128614289382217,8.123281039640867,8.128614289382217,8.128614289382217,False,2.2701417737275853,6.1369538739044565,7.92823909623202,8.008244969377852,7.92823909623202,7.92823909623202,False,-0.2129169745885721,8.298258155074734,8.122630240872109,8.12910119166876,8.122630240872109,8.122630240872109,False,-1.0431168636058987
NO2,360,2022-09-08,7.89223500973639,8.172242033865674,8.3241212845446,8.172242033865674,8.172242033865674,False,1.9195917408518788,7.180435415039061,8.245523716425547,8.361701213040886,8.245523716425547,8.245523716425547,False,0.34592186841205885,8.671121706977779,8.349513248857056,8.347596408106034,8.349513248857056,8.349513248857056,False,-0.6851434810006743
NO2,360,2022-10-08,8.066126156376194,7.673747870466495,7.756538245575488,7.673747870466495,7.673747870466495,False,2.9914183847874916,8.092848385922776,7.66240304609617,7.62041849709432,7.66240304609617,7.66240304609617,False,-0.2845111585941953,6.807506593785511,6.990051973425124,7.003386262705951,6.990051973425124,6.990051973425124,False,-0.12054256757645132
NO2,360,2022-11-07,8.05360672242779,7.985581722395182,7.698582831495808,7.985581722395182,7.985581722395182,False,3.132756496694885,8.161082729900984,7.894779612842206,7.819642407053421,7.894779612842206,7.894779612842206,False,-1.0005189396818632,7.7590914060747025,8.539383096981,8.378993936717366,8.539383096981,8.539383096981,False,-0.912196683938483
NO2,360,2022-12-07,7.594083295757286,7.670671094238814,7.70544950321416,7.670671094238814,7.670671094238814,False,4.2425844134338915,7.866886243140725,7.66549362459347,7.66549362459347,7.66549362459347,7.66549362459347,False,-1.7653271228421208,,,,,,,
PM10,0,2022-01-11,2.035800116206301,2.014124439714069,2.014124439714069,2.014124439714069,2.014124439714069,False,-2.0210249264400884,2.160060165068454,2.0484492592926835,2.0411108663321897,2.0484492592926835,2.0484492592926835,False,-2.0506962973103477,2.0897596353783796,2.0580392198882342,2.0580392198882342,2.0580392198882342,2.0580392198882342,False,-0.8536357636282149
PM10,0,2022-02-10,2.2869192986529963,2.1411168948287105,2.1411168948287105,2.1411168948287105,2.1411168948287105,False,-1.318450037710855,2.493737286186112,2.13389900312325,2.1518164719621597,2.13389900312325,2.13389900312325,False,-0.7646039764330106,1.9639873910178034,2.1545855142231187,2.1545855142231187,2.1545855142231187,2.1545855142231187,False,-0.7967376555653068
PM10,0,2022-03-12,2.0461225393788784,2.0256392136189434,2.026066956722463,2.0256392136189434,2.0256392136189434,False,-0.286201276688638,2.0963568542370368,2.117284790910039,2.1248634421766157,2.117284790910039,2.117284790910039,False,0.21975905689267292,1.8526561662732188,2.0749431314409885,2.0644466418209517,2.0749431314409885,2.0749431314409885,False,-0.5996941682233735
PM10,0,2022-04-11,1.6831589308015336,1.986533025034856,1.9529625432721078,1.986533025034856,1.986533025034856,False,-0.03270785224024464,1.7281030786339973,2.098845133832267,2.073464164448486,2.098845133832267,2.098845133832267,False,0.6100774590902095,1.9812030349352991,2.1315287630626094,2.1315287630626094,2.1315287630626094,2.1315287630626094,False,-0.9095438343367578
PM10,0,2022-05-11,1.9833455559844126,2.0261179107054565,2.02634647793093,2.0261179107054565,2.0261179107054565,False,0.16668010760403015,2.107845992380574,2.0405403042540224,2.0390004736732283,2.0405403042540224,2.0405403042540224,False,-0.2526597268636313,2.0478679617500046,2.050505450509042,2.050505450509042,2.050505450509042,2.050505450509042,False,-0.6999287394986634
PM10,0,2022-06-10,2.000598435713269,2.0559265085302085,2.0717061218765576,2.0559265085302085,2.0559265085302085,False,0.38666008445100314,2.1074177578334856,2.0386125395427372,2.0405050623793946,2.0386125395427372,2.0386125395427372,False,-0.04768306126741114,1.9995849959340932,2.0200734870679176,2.0200734870679176,2.0200734870679176,2.0200734870679176,False,-1.3380117690674116
PM10,0,2022-07-10,1.9907342328224316,2.0155382285889076,2.017361606268684,2.0155382285889076,2.0155382285889076,False,0.45800213149199287,2.061152414826867,2.054637782472977,2.053711991031997,2.054637782472977,2.054637782472977,False,-0.9172719139464981,2.0765877718867194,2.041332764441911,2.041332764441911,2.041332764441911,2.041332764441911,False,-0.7665252404200671
PM10,0,2022-08-09,2.1486437909580505,2.077393391663224,2.087136001493528,2.077393391663224,2.077393391663224,False,0.7397466219273009,1.9724883383470697,2.0372419000293553,2.041766794265509,2.0372419000293553,2.0372419000293553,False,-0.30717999584841493,2.1379118177840657,2.0600997208341045,2.0600997208341045,2.0600997208341045,2.0600997208341045,False,-1.4760149374666731
PM10,0,2022-09-08,2.216635235812697,2.1459558821161218,2.121469150530954,2.1459558821161218,2.1459558821161218,False,0.9020590377516059,2.011147043006042,2.1295107856246256,2.135075987714062,2.1295107856246256,2.1295107856246256,False,0.12087881013838093,2.17692446851476,2.141525928791287,2.1325978224596582,2.141525928791287,2.141525928791287,False,-0.5383314974730693
PM10,0,2022-10-08,2.1630205798711306,2.107720248493691,2.113408211871963,2.107720248493691,2.107720248493691,False,0.5946933021504103,2.193672751473343,2.0636660505470883,2.077092809531965,2.0636660505470883,2.0636660505470883,False,-0.5127960632852552,2.231356546304916,2.030151304470496,2.0351169015237156,2.030151304470496,2.030151304470496,False,-1.0432079575602788
PM10,0,2022-11-07,2.1658336474623425,2.23144967108015,2.2213391507514424,2.23144967108015,2.23144967108015,False,1.1766803545838491,2.275311313895148,2.2418991616733246,2.2383776971478424,2.2418991616733246,2.2418991616733246,False,-1.2354897135712262,1.9419614489122599,2.267991804599484,2.267991804599484,2.267991804599484,2.267991804599484,False,-0.5650978501913319
PM10,0,2022-12-07,2.090819006386732,2.001717199376312,2.0104265783027886,2.001717199376312,2.001717199376312,False,0.4223246114006733,2.048563373439521,2.0756612989194947,2.0756612989194947,2.0756612989194947,2.0756612989194947,False,-1.3254012203172874,2.1488915242770124,2.0816861186653695,2.0830460576312007,2.0816861186653695,2.0816861186653695,False,0.04382902543693303
PM10,0,2023-01-06,1.8890656097855303,2.1756238187569106,2.17783828993258,2.1756238187569106,2.1756238187569106,False,1.0483879655503543,1.9201865233931217,2.1984085354057443,2.1984085354057443,2.1984085354057443,2.1984085354057443,False,-1.0812269960015415,2.042955696046429,2.2121810216640316,2.2121810216640316,2.2121810216640316,2.2121810216640316,False,-0.5893207163558106
PM10,0,2023-02-05,1.9486774237084459,2.048824379077091,2.050854771705335,2.048824379077091,2.048824379077091,False,0.6249673804605297,2.294805373715896,2.0812720491271337,2.0812720491271337,2.0812720491271337,2.0812720491271337,False,-1.244336009991654,2.221537345963242,2.046510421000234,2.046510421000234,2.046510421000234,2.046510421000234,False,-0.6811077894221941
PM10,0,2023-03-07,2.2703743012784465,2.2049498296168033,2.2122558401224715,2.2049498296168033,2.2049498296168033,False,0.5014692775642778,2.235727810970731,2.163589725121553,2.163589725121553,2.163589725121553,2.163589725121553,False,-2.083676903611989,1.8155584676259655,2.183979082556915,2.183979082556915,2.183979082556915,2.183979082556915,False,-1.5599392077070495
PM10,0,2023-04-06,1.9839855508078876,1.9419475867680216,1.9363366287524744,1.9419475867680216,1.9419475867680216,False,-0.1632179559220507,1.9831319421436893,2.0183805443455114,2.0183805443455114,2.0183805443455114,2.0183805443455114,False,-1.7273614914085826,2.0698603619799285,2.0102938371724153,2.0102938371724153,2.0102938371724153,2.0102938371724153,False,-0.7317975710531214
PM10,0,2023-05-06,1.9928144763110418,2.087067546155717,2.0868198079584963,2.087067546155717,2.087067546155717,False,-0.47203473792684375,2.008789180152131,2.041350077338516,2.041350077338516,2.041350077338516,2.041350077338516,False,-1.3019057710943513,1.837883760930296,2.0370909834743327,2.0370909834743327,2.0370909834743327,2.0370909834743327,False,-0.7473684346670019
PM10,0,2023-06-05,1.9070036288153207,1.905395678774198,1.905395678774198,1.905395678774198,1.905395678774198,False,-0.6715482414224421,2.0839423611621912,1.9984920134644475,1.9991594674731297,1.9984920134644475,1.9984920134644475,False,-1.0752644852845405,2.0480419618405756,1.9940437130412585,1.9942797316478416,1.9940437130412585,1.9940437130412585,False,-0.5463536729915254
PM10,0,2023-07-05,2.0652910060355545,2.0261826034328507,2.0261826034328507,2.0261826034328507,2.0261826034328507,False,-0.9261732059912148,2.1038247503502836,1.9953760892617183,1.9953760892617183,1.9953760892617183,1.9953760892617183,False,-2.2024539221270456,2.1055548536144757,2.00031010158618,2.005956460888248,2.00031010158618,2.00031010158618,False,-0.32503868561182353
PM10,0,2023-08-04,2.1340262667133314,2.0614037689431974,2.0614037689431974,2.0614037689431974,2.0614037689431974,False,-1.0621845015823685,1.930123183139694,2.018306958080843,2.0184899602298962,2.018306958080843,2.018306958080843,False,-1.0466449521239225,1.9460552097724477,2.0158684448103603,2.0241828841744463,2.0158684448103603,2.0158684448103603,False,-0.08864520573557268
PM10,0,2023-09-03,1.94581579391844,1.97522387149831,1.9752561172633714,1.97522387149831,1.97522387149831,False,-0.9537275847795414,2.013681730762978,2.0395285491046953,2.03759467535373,2.0395285491046953,2.0395285491046953,False,-1.5272105138116603,1.9991787172548816,2.0234539041482633,2.022933349686131,2.0234539041482633,2.0234539041482633,False,0.04167182059733051
PM10,0,2023-10-03,2.2359986437832498,2.0453047302527474,2.0776031231504404,2.0453047302527474,2.0453047302527474,False,-0.07694528986253617,1.8887821782382572,2.081655338805573,2.0822521153482905,2.081655338805573,2.081655338805573,False,-0.9411109808129968,2.0535586569312887,2.1073854533009966,2.1098953224229158,2.1073854533009966,2.1073854533009966,False,0.34269277297637296
PM10,0,2023-11-02,1.884789464872571,2.064622657104673,2.0575777203423766,2.064622657104673,2.064622657104673,False,0.06043507959421346,2.1054110648712245,2.1231287297568384,2.1325571207961196,2.1231287297568384,2.1231287297568384,False,-1.2183036152076723,2.1807101006168232,2.1262989969288104,2.1251385380874046,2.1262989969288104,2.1262989969288104,False,0.08248894274216527
PM10,0,2023-12-02,2.2814466385532977,2.0786239684718737,2.092865702733884,2.0786239684718737,2.0786239684718737,False,0.8281697724838057,1.9936428117155824,2.0229287941245624,2.032711871931002,2.0229287941245624,2.0229287941245624,False,0.13101375048852726,,,,,,,
PM10,180,2021-07-15,2.2913307553563786,2.212338855710898,2.2138769002215666,2.212338855710898,2.212338855710898,False,-0.09896504388389553,2.190702063204113,2.158940057486312,2.1600245032516234,2.158940057486312,2.158940057486312,False,-0.7604138394558383,2.126897819664539,2.162367077779308,2.1563675362925503,2.162367077779308,2.162367077779308,False,-1.111815849522463
PM10,180,2021-08-14,2.083478256574382,2.146365467610801,2.156830323517907,2.146365467610801,2.146365467610801,False,-0.9994724033749303,2.1153104311482105,2.1807021845132764,2.187846152877442,2.1807021845132764,2.1807021845132764,False,-0.8371030313869872,2.2123332175713584,2.176576128103114,2.174987198983441,2.176576128103114,2.176576128103114,False,-0.8886033379295327
PM10,180,2021-09-13,2.1971332299243818,2.1647715110599624,2.1677690201073037,2.1647715110599624,2.1647715110599624,False,-0.8236220811889795,2.026804136632675,2.13165984400188,2.131970647664089,2.13165984400188,2.13165984400188,False,-3.554679749443905,2.1980694760457844,2.139837296560362,2.1458095001634683,2.139837296560362,2.139837296560362,False,-0.35267286533617176
PM10,180,2021-10-13,2.1743341452188343,2.1930258461104355,2.205074618401071,2.1930258461104355,2.1930258461104355,False,-0.07695438820473444,2.258970345815568,2.200215144050874,2.1991434239335286,2.200215144050874,2.200215144050874,False,-1.7311414849106612,2.2970242305411364,2.201973085686687,2.2020012659590598,2.201973085686687,2.201973085686687,False,-1.1026062271861932
PM10,180,2021-11-12,2.460414091876322,2.278434991694214,2.278434991694214,2.278434991694214,2.278434991694214,False,-0.39231908340278093,2.2118399964288615,2.214610933376498,2.2149839909961773,2.214610933376498,2.214610933376498,False,-1.6385525349474503,2.0692117916059845,2.207074541886308,2.2071509895242634,2.207074541886308,2.207074541886308,False,-1.630530693366371
PM10,180,2021-12-12,2.037244492392264,2.0988907732124957,2.0988907732124957,2.0988907732124957,2.0988907732124957,False,-0.36944349471046634,2.2274719888515753,2.144728880314843,2.142808290082031,2.144728880314843,2.144728880314843,False,0.5630037687303778,1.94581579391844,2.1464596131209634,2.1464596131209634,2.1464596131209634,2.1464596131209634,False,-1.6305914276779658
PM10,180,2022-01-11,2.035800116206301,2.0126810477491057,2.013798160552831,2.0126810477491057,2.0126810477491057,False,-1.7344354891100273,2.160060165068454,2.054218276790456,2.047328091664154,2.054218276790456,2.054218276790456,False,-1.7835854065638566,2.0897596353783796,2.0627572420124527,2.0627572420124527,2.0627572420124527,2.0627572420124527,False,-0.866697016480797
PM10,180,2022-02-10,2.2869192986529963,2.1337953456331022,2.1337953456331022,2.1337953456331022,2.1337953456331022,False,-1.0892144863099498,2.493737286186112,2.132314427796278,2.153546500077007,2.132314427796278,2.132314427796278,False,-0.6781803649155785,1.9639873910178034,2.145725362727851,2.145725362727851,2.145725362727851,2.145725362727851,False,-0.9033109103018219
PM10,180,2022-03-12,2.0461225393788784,2.028700733855543,2.0294962327978636,2.028700733855543,2.028700733855543,False,0.06921633867403669,2.0963568542370368,2.114427942293814,2.1251998658911644,2.114427942293814,2.114427942293814,False,0.3608447898194549,1.8526561662732188,2.0844702580550227,2.073395017892168,2.0844702580550227,2.0844702580550227,False,-0.6605342889559521
PM10,180,2022-04-11,1.6831589308015336,1.9858115138628156,1.9557070767736862,1.9858115138628156,1.9858115138628156,False,0.21227530140155557,1.7281030786339973,2.1058266823006573,2.0790576494014044,2.1058266823006573,2.1058266823006573,False,0.7035845779680164,1.9812030349352991,2.132289063836048,2.131834432886723,2.132289063836048,2.132289063836048,False,-0.9178728256287846
PM10,180,2022-05-11,1.9833455559844126,2.0246848350302504,2.0247808271085366,2.0246848350302504,2.0246848350302504,False,0.4070724502928115,2.107845992380574,2.043423393157914,2.0416346731275574,2.043423393157914,2.043423393157914,False,-0.1038806099256579,2.0478679617500046,2.049853035736273,2.049853035736273,2.049853035736273,2.049853035736273,False,-0.6653572732872111
PM10,180,2022-06-10,2.000598435713269,2.0520720475807503,2.067062407652824,2.0520720475807503,2.0520720475807503,False,0.3997007688643583,2.1074177578334856,2.0369055251918518,2.038881228073201,2.0369055251918518,2.0369055251918518,False,0.0780826516049739,1.9995849959340932,2.024064822450876,2.024064822450876,2.024064822450876,2.024064822450876,False,-1.349268722577819
PM10,180,2022-07-10,1.9907342328224316,2.0188362496801258,2.0212790147197035,2.0188362496801258,2.0188362496801258,False,0.6403716608107956,2.061152414826867,2.055064808359939,2.0539652327068314,2.055064808359939,2.055064808359939,False,-0.7551240682777204,2.0765877718867194,2.0466451782046686,2.0466451782046686,2.0466451782046686,2.0466451782046686,False,-0.5444367860391605
PM10,180,2022-08-09,2.1486437909580505,2.0752032720278377,2.085252705417702,2.0752032720278377,2.0752032720278377,False,0.9052329574553676,1.9724883383470697,2.0427594019246547,2.0476830004931994,2.0427594019246547,2.0427594019246547,False,-0.26822564423911266,2.1379118177840657,2.059280516358303,2.059280516358303,2.059280516358303,2.059280516358303,False,-1.3268917426938873
PM10,180,2022-09-08,2.216635235812697,2.1415879029346594,2.118941071612903,2.1415879029346594,2.1415879029346594,False,0.8053304543598796,2.011147043006042,2.1268482725211357,2.132553037913788,2.1268482725211357,2.1268482725211357,False,0.08563280143230582,2.17692446851476,2.135006463809405,2.12536334577913,2.135006463809405,2.135006463809405,False,-0.3870518840063215
PM10,180,2022-10-08,2.1630205798711306,2.1121716677666384,2.1153431977874706,2.1121716677666384,2.1121716677666384,False,0.578848251891349,2.193672751473343,2.061715317400031,2.0740225543099755,2.061715317400031,2.061715317400031,False,-0.5856234824091316,2.231356546304916,2.039156850693541,2.043733186109517,2.039156850693541,2.039156850693541,False,-1.0160917425538571
PM10,180,2022-11-07,2.1658336474623425,2.230954273108428,2.2224547152592864,2.230954273108428,2.230954273108428,False,1.1855170509487307,2.275311313895148,2.239366667752617,2.23625853230409,2.239366667752617,2.239366667752617,False,-1.2104170224656219,1.9419614489122599,2.2584230071337674,2.2584230071337674,2.2584230071337674,2.2584230071337674,False,-0.4910281705472075
PM10,180,2022-12-07,2.090819006386732,2.005097443393868,2.010872705124839,2.005097443393868,2.005097443393868,False,0.36404937065875087,2.048563373439521,2.081261486218476,2.081261486218476,2.081261486218476,2.081261486218476,False,-1.3853800961446725,2.1488915242770124,2.0847002633840743,2.0858086537255596,2.0847002633840743,2.0847002633840743,False,0.11128508452881636
PM10,180,2023-01-06,1.8890656097855303,2.172233206017129,2.1750013721696697,2.172233206017129,2.172233206017129,False,0.8587158964318693,1.9201865233931217,2.192165491404794,2.192165491404794,2.192165491404794,2.192165491404794,False,-1.1138280700442307,2.042955696046429,2.2045115745976385,2.2045115745976385,2.2045115745976385,2.2045115745976385,False,-0.5856047358653408
PM10,180,2023-02-05,1.9486774237084459,2.0538109383417065,2.0553286563273394,2.0538109383417065,2.0538109383417065,False,0.45036298301696115,2.294805373715896,2.082421770965548,2.082421770965548,2.082421770965548,2.082421770965548,False,-1.3304130011218989,2.221537345963242,2.056901872756319,2.056901872756319,2.056901872756319,2.056901872756319,False,-0.6938909446730847
PM10,180,2023-03-07,2.2703743012784465,2.2021340582645257,2.2080615850541716,2.2021340582645257,2.2021340582645257,False,0.43134400053814764,2.235727810970731,2.1657736676595567,2.1657736676595567,2.1657736676595567,2.1657736676595567,False,-2.1459377947829625,1.8155584676259655,2.179864614019454,2.179864614019454,2.179864614019454,2.179864614019454,False,-1.5367894314116022
PM10,180,2023-04-06,1.9839855508078876,1.9367287652131688,1.9356738399071391,1.9367287652131688,1.9367287652131688,False,-0.38464600542615424,1.9831319421436893,2.023360780952343,2.023360780952343,2.023360780952343,2.023360780952343,False,-1.7722694966189039,2.0698603619799285,2.0163894075186573,2.0163894075186573,2.0163894075186573,2.0163894075186573,False,-0.6874547733220596
PM10,180,2023-05-06,1.9928144763110418,2.0816177777534612,2.0816177777534612,2.0816177777534612,2.0816177777534612,False,-0.7321774652664167,2.008789180152131,2.0421381949291684,2.0421381949291684,2.0421381949291684,2.0421381949291684,False,-1.4293961643083353,1.837883760930296,2.040791064578527,2.040791064578527,2.040791064578527,2.040791064578527,False,-0.6752130085893544
PM10,180,2023-06-05,1.9070036288153207,1.9089081100746612,1.9089081100746612,1.9089081100746612,1.9089081100746612,False,-0.7380065774945305,2.0839423611621912,2.0015779687289132,2.0015986838550384,2.0015779687289132,2.0015779687289132,False,-1.2563601721851156,,,,,,,
PM10,360,2021-01-16,2.0621508129606583,2.1165384011530093,2.1165384011530093,2.1165384011530093,2.1165384011530093,False,-3.151991128618235,2.426758701843186,2.078108124911711,,,,,,1.9993819212233566,2.0519100002945105,,,,,
PM10,360,2021-02-15,2.092626367786705,2.05376361472668,2.0507505240294908,2.05376361472668,2.05376361472668,False,-1.7778051157205628,2.219145495926383,2.05697703684976,2.0578632597040856,2.05697703684976,2.05697703684976,False,-1.89113070916127,2.0441911054524686,2.0810414122784144,2.0810414122784144,2.0810414122784144,2.0810414122784144,False,-5.036699210411599
PM10,360,2021-03-17,1.7958369121743323,2.088156394403294,2.088156394403294,2.088156394403294,2.088156394403294,False,-2.4347489085262737,1.8836401517569228,2.137623677524445,2.1446367592882227,2.137623677524445,2.137623677524445,False,-1.6002430583443987,1.821786238129181,2.1549148202230763,2.1549148202230763,2.1549148202230763,2.1549148202230763,False,-6.271000697798531
PM10,360,2021-04-16,1.9383069368692056,1.9381927408271737,1.9404397652241079,1.9381927408271737,1.9381927408271737,False,-2.031021440938091,2.21673221748263,2.0480251546329775,2.0240649124628356,2.0480251546329775,2.0480251546329775,False,-1.7601355654682254,2.0158107017839875,2.0456623591175163,2.0456623591175163,2.0456623591175163,2.0456623591175163,False,-1.3087279304898631
PM10,360,2021-05-16,2.0068108119088435,2.0497647910852868,2.0497647910852868,2.0497647910852868,2.0497647910852868,False,-2.014111791976892,1.943412078999865,2.0945216295878826,2.108299668352196,2.0945216295878826,2.0945216295878826,False,-2.1163671839000946,1.9248092024605106,2.0880572603283096,2.082914576912172,2.0880572603283096,2.0880572603283096,False,-1.4902936958744677
PM10,360,2021-06-15,1.9429292393433024,1.981106838940119,1.981106838940119,1.981106838940119,1.981106838940119,False,-0.5745713615295386,2.0809908457608155,2.0294570924785558,2.0324443585507277,2.0294570924785558,2.0294570924785558,False,-2.383810110328344,2.262256807180018,2.025364847187651,2.025364847187651,2.025364847187651,2.025364847187651,False,-0.5355865483844582
PM10,360,2021-07-15,2.2913307553563786,2.2154308781648706,2.2177312621356147,2.2154308781648706,2.2154308781648706,False,0.3321454936380414,2.190702063204113,2.170975524442671,2.1722958931391587,2.170975524442671,2.170975524442671,False,-0.7779704436330043,2.126897819664539,2.176596853656524,2.1697684644614106,2.176596853656524,2.176596853656524,False,-0.9463677435684281
PM10,360,2021-08-14,2.083478256574382,2.1463802751649834,2.160829831186556,2.1463802751649834,2.1463802751649834,False,-0.5493077286506102,2.1153104311482105,2.179262836490739,2.1847907861307774,2.179262836490739,2.179262836490739,False,-1.148407839604124,2.2123332175713584,2.173708357424854,2.1703247617177954,2.173708357424854,2.173708357424854,False,-0.5431152015779764
PM10,360,2021-09-13,2.1971332299243818,2.158766720363874,2.1625777733401996,2.158766720363874,2.158766720363874,False,-0.9662376861589873,2.026804136632675,2.1288230118232216,2.128910013033345,2.1288230118232216,2.1288230118232216,False,-4.065301687885108,2.1980694760457844,2.1387013143824296,2.1426902895351874,2.1387013143824296,2.1387013143824296,False,-0.37673703118278573
PM10,360,2021-10-13,2.1743341452188343,2.197107244454878,2.2042494368288548,2.197107244454878,2.197107244454878,False,0.055555309934263865,2.258970345815568,2.209528532020965,2.20724987288071,2.209528532020965,2.209528532020965,False,-2.055197883127987,2.2970242305411364,2.2125108124354815,2.2125108124354815,2.2125108124354815,2.2125108124354815,False,-0.8317403345848168
PM10,360,2021-11-12,2.460414091876322,2.282108737336412,2.282108737336412,2.282108737336412,2.282108737336412,False,-0.6680924956910367,2.2118399964288615,2.2203285700022515,2.220784291365697,2.2203285700022515,2.2203285700022515,False,-2.1183834197290032,2.0692117916059845,2.2118830530036133,2.2118830530036133,2.2118830530036133,2.2118830530036133,False,-1.7031325961345736
PM10,360,2021-12-12,2.037244492392264,2.0947000564303417,2.0947000564303417,2.0947000564303417,2.0947000564303417,False,-0.8307014420823172,2.2274719888515753,2.134018391213051,2.133792990200776,2.134018391213051,2.134018391213051,False,0.347131738444776,1.94581579391844,2.1350274685157107,2.1350274685157107,2.1350274685157107,2.1350274685157107,False,-1.5741589991182714
PM10,360,2022-01-11,2.035800116206301,2.0108719269126736,2.0108719269126736,2.0108719269126736,2.0108719269126736,False,-2.4593137127135005,2.160060165068454,2.039325689651048,2.03437757526419,2.039325689651048,2.039325689651048,False,-2.1852389467744597,2.0897596353783796,2.048244180899301,2.048244180899301,2.048244180899301,2.048244180899301,False,-0.979005630661444
PM10,360,2022-02-10,2.2869192986529963,2.1430169151789036,2.1430169151789036,2.1430169151789036,2.1430169151789036,False,-1.4705963539774138,2.493737286186112,2.1381833188020423,2.1548736619053765,2.1381833188020423,2.1381833188020423,False,-0.7831105013233507,1.9639873910178034,2.155453911804954,2.155453911804954,2.155453911804954,2.155453911804954,False,-0.9287971035157939
PM10,360,2022-03-12,2.0461225393788784,2.0279118673464134,2.02898860369463,2.0279118673464134,2.0279118673464134,False,-0.31574931681942325,2.0963568542370368,2.106179545288342,2.1113232910186386,2.106179545288342,2.106179545288342,False,0.13264318374599324,1.8526561662732188,2.068518022648239,2.059155582657451,2.068518022648239,2.068518022648239,False,-0.6807148638151025
PM10,360,2022-04-11,1.6831589308015336,1.9904805193143789,1.9554320947986703,1.9904805193143789,1.9904805193143789,False,0.07529307001810277,1.7281030786339973,2.093149675392859,2.0701528832719163,2.093149675392859,2.093149675392859,False,0.5510345493704464,1.9812030349352991,2.1239731352388973,2.1239731352388973,2.1239731352388973,2.1239731352388973,False,-0.9506480257216371
PM10,360,2022-05-11,1.9833455559844126,2.0258256960089063,2.0275216473833906,2.0258256960089063,2.0258256960089063,False,0.19070000494734204,2.107845992380574,2.0369457183991817,2.0357165159738217,2.0369457183991817,2.0369457183991817,False,-0.39960741847920006,2.0478679617500046,2.0443864644014917,2.0443864644014917,2.0443864644014917,2.0443864644014917,False,-0.7096401003425594
PM10,360,2022-06-10,2.000598435713269,2.0530680122899025,2.069744972658768,2.0530680122899025,2.0530680122899025,False,0.5603359305035902,2.1074177578334856,2.0360089620133595,2.03776627071117,2.0360089620133595,2.0360089620133595,False,-0.2145327027128809,1.9995849959340932,2.0201391381118197,2.0201391381118197,2.0201391381118197,2.0201391381118197,False,-1.3691057115136427
PM10,360,2022-07-10,1.9907342328224316,2.0215054020801926,2.0222697849209217,2.0215054020801926,2.0215054020801926,False,0.559031479002882,2.061152414826867,2.058584949864179,2.0571438381673786,2.058584949864179,2.058584949864179,False,-0.9844956651012398,2.0765877718867194,2.0484475964926854,2.0484475964926854,2.0484475964926854,2.0484475964926854,False,-0.8140959793330783
PM10,360,2022-08-09,2.1486437909580505,2.0752252940319105,2.086864661702232,2.0752252940319105,2.0752252940319105,False,0.8961781073352323,1.9724883383470697,2.0396658921789146,2.0439901648268823,2.0396658921789146,2.0396658921789146,False,-0.18953910961462386,2.1379118177840657,2.059692650630162,2.059692650630162,2.059692650630162,2.059692650630162,False,-1.4831953657140413
PM10,360,2022-09-08,2.216635235812697,2.14513690028169,2.118860550145511,2.14513690028169,2.14513690028169,False,1.1604984284140725,2.011147043006042,2.130841758111876,2.1375285783910036,2.130841758111876,2.130841758111876,False,0.22915043603109284,2.17692446851476,2.141256123904027,2.131101079623716,2.141256123904027,2.141256123904027,False,-0.5653356814536277
PM10,360,2022-10-08,2.1630205798711306,2.1038658301247057,2.1121858713301243,2.1038658301247057,2.1038658301247057,False,0.8442593514159825,2.193672751473343,2.058341286842956,2.073038775111756,2.058341286842956,2.058341286842956,False,-0.40692341282792904,2.231356546304916,2.030202869622011,2.035499220042923,2.030202869622011,2.030202869622011,False,-1.0232928271760564
PM10,360,2022-11-07,2.1658336474623425,2.2409690038561627,2.223417774201296,2.2409690038561627,2.2409690038561627,False,1.0381808319948986,2.275311313895148,2.2575680117821464,2.252948579904687,2.2575680117821464,2.2575680117821464,False,-1.241856533344244,1.9419614489122599,2.2824998848751306,2.2824998848751306,2.2824998848751306,2.2824998848751306,False,-0.617921851508586
PM10,360,2022-12-07,2.090819006386732,1.9970898990887562,2.0052976959635025,1.9970898990887562,1.9970898990887562,False,0.0981989159766918,2.048563373439521,2.0592700012552148,2.0592700012552148,2.0592700012552148,2.0592700012552148,False,-1.3393567393233683,,,,,,,
PM25,0,2022-01-11,1.486043801159876,1.4725286122941477,1.4725286122941477,1.4725286122941477,1.4725286122941477,False,-2.7690577556231304,1.5463802165068705,1.4859107704523187,1.4675156704767691,1.4859107704523187,1.4859107704523187,False,0.2204023991479691,1.4747643213685016,1.4862717066522746,1.484642437404828,1.4862717066522746,1.4862717066522746,False,0.21252646385128982
PM25,0,2022-02-10,1.6021006574556473,1.507051946635972,1.507051946635972,1.507051946635972,1.507051946635972,False,-2.23528594222405,1.6931961950980228,1.524783601427364,1.5231279671385154,1.524783601427364,1.524783601427364,False,0.12443969688742355,1.45112830038359,1.5251659586678106,1.5188904293408643,1.5251659586678106,1.5251659586678106,False,0.3925856087404211
PM25,0,2022-03-12,1.4899524146928862,1.4795598362080253,1.4795598362080253,1.4795598362080253,1.4795598362080253,False,-0.731341953373788,1.4937541096245024,1.5051774873663404,1.5051774873663404,1.5051774873663404,1.5051774873663404,False,-0.06936793378978982,1.3266058448775329,1.5055650373794116,1.5047608997250281,1.5055650373794116,1.5055650373794116,False,0.622703321685855
PM25,0,2022-04-11,1.2780143102368318,1.4091695624954577,1.3904463456073695,1.4091695624954577,1.4091695624954577,False,0.12209746250820704,1.4044407884990031,1.465363516779084,1.463997851005157,1.465363516779084,1.465363516779084,False,-0.003270597824941731,1.3684600776105063,1.4663327336074377,1.4573539943330889,1.4663327336074377,1.4663327336074377,False,0.28955372134381335
PM25,0,2022-05-11,1.3713566298903974,1.4059732599185395,1.4073637169288102,1.4059732599185395,1.4059732599185395,False,0.13503632903467291,1.449191973729008,1.417367992711952,1.4113842015468545,1.417367992711952,1.417367992711952,False,-0.6141835628525801,1.4319266942001012,1.4177608712457803,1.4115970090890646,1.4177608712457803,1.4177608712457803,False,-0.01005181005533847
PM25,0,2022-06-10,1.4199366573050316,1.4274256090204471,1.4268600348681526,1.4274256090204471,1.4274256090204471,False,1.5950709540792223,1.468708163966802,1.421508735179226,1.4139342471071534,1.421508735179226,1.421508735179226,False,0.3564388234750102,1.4204768699803956,1.421443704955873,1.4175051017749094,1.421443704955873,1.421443704955873,False,0.11621123504313813
PM25,0,2022-07-10,1.426303543165646,1.4314949140306326,1.4266201472441005,1.4314949140306326,1.4314949140306326,False,0.35422362454026346,1.432928132322783,1.4375635602040489,1.4424037721577612,1.4375635602040489,1.4375635602040489,False,-1.1745967956206125,1.4134989595854557,1.4376949031823636,1.4325218634201307,1.4376949031823636,1.4376949031823636,False,0.336646481536054
PM25,0,2022-08-09,1.4485912143604445,1.4148398731309997,1.425146472385041,1.4148398731309997,1.4148398731309997,False,0.7814636454508306,1.4488918885631659,1.4203014578220174,1.4266387219038015,1.4203014578220174,1.4203014578220174,False,0.09517887035301457,1.4676517926007628,1.4203357179812444,1.4224295249922494,1.4203357179812444,1.4203357179812444,False,0.2994543887468328
PM25,0,2022-09-08,1.5230628725580182,1.4593190630606792,1.4597493244448474,1.4593190630606792,1.4593190630606792,False,0.12797055226771384,1.371595921773682,1.4517804902136415,1.4534531729359534,1.4517804902136415,1.4517804902136415,False,-0.008502049085781968,1.4813016573916815,1.4516706264469963,1.451963945602853,1.4516706264469963,1.4516706264469963,False,-0.25309288470087005
PM25,0,2022-10-08,1.4598977750329798,1.4441061028886153,1.4441061028886153,1.4441061028886153,1.4441061028886153,False,-0.3101680648462352,1.4980962321399005,1.415662436401932,1.415662436401932,1.415662436401932,1.415662436401932,False,-1.3087903370229805,1.5165341101630527,1.4151957123066714,1.4151957123066714,1.4151957123066714,1.4151957123066714,False,-0.23023801285011838
PM25,0,2022-11-07,1.4736240365951496,1.5256007030504628,1.5256007030504628,1.5256007030504628,1.5256007030504628,False,-1.341819280415182,1.6084100631201108,1.5398200690304054,1.5398200690304054,1.5398200690304054,1.5398200690304054,False,-2.174263667427884,1.4184872916238769,1.5399914543347497,1.5362251035304826,1.5399914543347497,1.5399914543347497,False,-0.26817424914587945
PM25,0,2022-12-07,1.4858104464327762,1.449565805754682,1.449565805754682,1.449565805754682,1.449565805754682,False,-2.0668638704973437,1.4950712560897952,1.4853096220389632,1.4853096220389632,1.4853096220389632,1.4853096220389632,False,-2.905873723023906,1.5590014932765919,1.4857538178009626,1.4879847119110123,1.4857538178009626,1.4857538178009626,False,-0.3993640166239581
PM25,0,2023-01-06,1.384952753880765,1.5655237510640827,1.5655237510640827,1.5655237510640827,1.5655237510640827,False,-0.7185609344892624,1.4487416252109044,1.5755629350066138,1.5755629350066138,1.5755629350066138,1.5755629350066138,False,-0.7575631810001334,1.506685709124831,1.5756791837134627,1.5742375605563865,1.5756791837134627,1.5756791837134627,False,-1.1466369784756074
PM25,0,2023-02-05,1.4054280571996491,1.5063876418611277,1.506215917185735,1.5063876418611277,1.5063876418611277,False,-0.8923468882881362,1.627143112320542,1.4961992283161345,1.4961992283161345,1.4961992283161345,1.4961992283161345,False,-2.0195269043877513,1.559983156204915,1.4961340484496843,1.4961340484496843,1.4961340484496843,1.4961340484496843,False,-1.4798831312273153
PM25,0,2023-03-07,1.603107854799259,1.5490779141122193,1.5452274633398722,1.5490779141122193,1.5490779141122193,False,-0.11919247426710496,1.5698391452992015,1.5491847080531191,1.5470576748477256,1.5491847080531191,1.5491847080531191,False,-1.458457815245991,1.393183996638038,1.5490651613353705,1.5490651613353705,1.5490651613353705,1.5490651613353705,False,-2.1488770037492895
PM25,0,2023-04-06,1.4594782357163913,1.4422758153836792,1.4400744763816355,1.4422758153836792,1.4422758153836792,False,-0.37596831916364765,1.4340885444548208,1.4522650833836703,1.4524353037266107,1.4522650833836703,1.4522650833836703,False,-0.7709623105437918,1.4587763774324811,1.4527147792359834,1.4527147792359834,1.4527147792359834,1.4527147792359834,False,-1.2947940670624944
PM25,0,2023-05-06,1.4042426385367648,1.4574876471039095,1.4530965573514865,1.4574876471039095,1.4574876471039095,False,-0.05107297925737528,1.4206565438560534,1.4439493783118185,1.4406659975857565,1.4439493783118185,1.4439493783118185,False,-0.13980517086621477,1.2685478762295495,1.4438512838758353,1.4438512838758353,1.4438512838758353,1.4438512838758353,False,-2.1048175977352845
PM25,0,2023-06-05,1.3360967278896545,1.3372061500459542,1.3298508536931313,1.3372061500459542,1.3372061500459542,False,0.7979190557560116,1.442451018331973,1.4077897379920723,1.4040449273154547,1.4077897379920723,1.4077897379920723,False,-0.03537443915519902,1.4579297829252615,1.4087580524007248,1.4071292600500902,1.4087580524007248,1.4087580524007248,False,-1.7942436691530717
PM25,0,2023-07-05,1.4340885444548208,1.4388149889369102,1.4398881871277334,1.4388149889369102,1.4388149889369102,False,0.6738315138976804,1.4750164992313541,1.4283437426720145,1.429646790325713,1.4283437426720145,1.4283437426720145,False,-0.5004368024443439,1.475142422930009,1.4281203879169366,1.4331772541852354,1.4281203879169366,1.4281203879169366,False,-0.9492005911811777
PM25,0,2023-08-04,1.4898390055937112,1.4553304043326918,1.4553288805705453,1.4553304043326918,1.4553304043326918,False,-0.22143453839190186,1.3845085781474984,1.436950350105859,1.4361930269469732,1.436950350105859,1.436950350105859,False,-0.6152351875876493,1.3873757774861213,1.4366610512314393,1.4369958815660095,1.4366610512314393,1.4366610512314393,False,-0.8053729723392696
PM25,0,2023-09-03,1.4042426385367648,1.4119684483138486,1.4138010323452919,1.4119684483138486,1.4119684483138486,False,0.592534611121611,1.3967432772263064,1.4361262718504988,1.4369749768442264,1.4361262718504988,1.4361262718504988,False,-0.32229363589776533,1.3758494904019196,1.4364781215151496,1.4372266080713154,1.4364781215151496,1.4364781215151496,False,0.18634338579602838
PM25,0,2023-10-03,1.5450554418332092,1.3926020596961575,1.4045985534723033,1.3926020596961575,1.3926020596961575,False,0.42989329811964233,1.3040971345849757,1.4279755080030248,1.428634009960471,1.4279755080030248,1.4279755080030248,False,-0.533384058780372,1.4619779540530191,1.4283143701025331,1.4291552645775163,1.4283143701025331,1.4283143701025331,False,-0.8543107596363061
PM25,0,2023-11-02,1.3615160291180508,1.4496797926431892,1.4623377321306503,1.4496797926431892,1.4496797926431892,False,1.484288785014006,1.5200210968074948,1.4625733639845429,1.4709363909108846,1.4625733639845429,1.4625733639845429,False,-0.21651039527002122,1.5719100917661826,1.4625612666124046,1.4640481087381636,1.4625612666124046,1.4625612666124046,False,-0.059990664767962554
PM25,0,2023-12-02,1.6154195198148185,1.517202764899675,1.527547570502152,1.517202764899675,1.517202764899675,False,0.35490246590499014,1.488126687518597,1.4763855749875139,1.47736962936328,1.4763855749875139,1.4763855749875139,False,-0.20189489263318036,,,,,,,
PM25,180,2021-07-15,1.4880117817934024,1.4732432803234734,1.4723167803824855,1.4732432803234734,1.4732432803234734,False,-0.6923986991984014,1.5275788606814098,1.4524392478789552,1.4524392478789552,1.4524392478789552,1.4524392478789552,False,-1.8418080247432735,1.4473825887483411,1.4532969565837843,1.4528396547889022,1.4532969565837843,1.4532969565837843,False,-1.4325013238773006
PM25,180,2021-08-14,1.426476871553294,1.4685532750011894,1.4729085585890802,1.4685532750011894,1.4685532750011894,False,-1.8952493837871855,1.4701483298835283,1.4897981205984794,1.4897981205984794,1.4897981205984794,1.4897981205984794,False,-3.3333028284929003,1.5202924108756681,1.489000723407918,1.489000723407918,1.489000723407918,1.489000723407918,False,-2.819349522232958
PM25,180,2021-09-13,1.4788697137997888,1.481170460786612,1.481170460786612,1.481170460786612,1.481170460786612,False,-2.334676619658696,1.3412368152463554,1.4498334127270702,1.4498334127270702,1.4498334127270702,1.4498334127270702,False,-2.0769194904761386,1.5545119118748696,1.4510945017446126,1.453700349768008,1.4510945017446126,1.4510945017446126,False,-0.4368631769940756
PM25,180,2021-10-13,1.5560053535249954,1.5185460206233914,1.5185460206233914,1.5185460206233914,1.5185460206233914,False,-2.8732307110365576,1.5543067693939974,1.4799171154337967,1.4805398500556162,1.4799171154337967,1.4799171154337967,False,-2.5161602926791264,1.5900590486693391,1.4812412079704547,1.4812412079704547,1.4812412079704547,1.4812412079704547,False,-2.228858118791491
PM25,180,2021-11-12,1.6686243324412877,1.5777534552228913,1.5773890594161613,1.5777534552228913,1.5777534552228913,False,-1.5724868336856004,1.5433411027801816,1.5472309607927284,1.561606673353888,1.5472309607927284,1.5472309607927284,False,0.2621233928758057,1.4657846494359792,1.5479903267322188,1.5466680432106517,1.5479903267322188,1.5479903267322188,False,0.1742721372993886
PM25,180,2021-12-12,1.3867182767200665,1.4901057989497333,1.4901057989497333,1.4901057989497333,1.4901057989497333,False,-3.392591213936646,1.5776769025868556,1.5208324189701352,1.530965825644459,1.5208324189701352,1.5208324189701352,False,-1.1467811810355182,1.4368717313595831,1.5198583776702537,1.5221068376178348,1.5198583776702537,1.5198583776702537,False,-0.868380439508495
PM25,180,2022-01-11,1.486043801159876,1.471317034827462,1.4718253268292343,1.471317034827462,1.471317034827462,False,-2.0656043959568673,1.5463802165068705,1.4880489395464684,1.4698200565982908,1.4880489395464684,1.4880489395464684,False,0.18054796979366752,1.4747643213685016,1.4871622772994935,1.4855130247306696,1.4871622772994935,1.4871622772994935,False,0.34140292616456724
PM25,180,2022-02-10,1.6021006574556473,1.5046088910231838,1.5025150570599386,1.5046088910231838,1.5046088910231838,False,-1.621297002411791,1.6931961950980228,1.5256007355235846,1.5238547132699307,1.5256007355235846,1.5256007355235846,False,0.15013649585109182,1.45112830038359,1.5246524958731593,1.5179465198661368,1.5246524958731593,1.5246524958731593,False,0.4869785971822511
PM25,180,2022-03-12,1.4899524146928862,1.4788132729985717,1.4788132729985717,1.4788132729985717,1.4788132729985717,False,-0.20643211452637936,1.4937541096245024,1.5075222279605676,1.5075222279605676,1.5075222279605676,1.5075222279605676,False,-0.05614238927555911,1.3266058448775329,1.5064870214504211,1.5038174374087077,1.5064870214504211,1.5064870214504211,False,0.7322963162988181
PM25,180,2022-04-11,1.2780143102368318,1.4069500215559905,1.3909051567740536,1.4069500215559905,1.4069500215559905,False,0.6239157850343876,1.4044407884990031,1.4706531070257414,1.469059432096787,1.4706531070257414,1.4706531070257414,False,-0.0259859282111455,1.3684600776105063,1.4681459367755292,1.4591822903862524,1.4681459367755292,1.4681459367755292,False,0.3032329866798598
PM25,180,2022-05-11,1.3713566298903974,1.4062654220652633,1.4077986116533914,1.4062654220652633,1.4062654220652633,False,0.43443198499014146,1.449191973729008,1.4209814506420073,1.4147579043272374,1.4209814506420073,1.4209814506420073,False,-0.646934214073004,1.4319266942001012,1.4200078298701366,1.4140779143367592,1.4200078298701366,1.4200078298701366,False,0.04433337181354021
PM25,180,2022-06-10,1.4199366573050316,1.4274113515285496,1.4265529630145792,1.4274113515285496,1.4274113515285496,False,1.7238708451008835,1.468708163966802,1.4210476818158402,1.4135491309957442,1.4210476818158402,1.4210476818158402,False,0.3681549844371836,1.4204768699803956,1.421230970216043,1.41757415443138,1.421230970216043,1.421230970216043,False,0.14620486355723053
PM25,180,2022-07-10,1.426303543165646,1.4304838866375778,1.4261797992467176,1.4304838866375778,1.4304838866375778,False,0.5529443102562572,1.432928132322783,1.4377046242294491,1.4425912400908674,1.4377046242294491,1.4377046242294491,False,-1.1146538113882423,1.4134989595854557,1.4373809634678951,1.432308836034094,1.4373809634678951,1.4373809634678951,False,0.4676073159489252
PM25,180,2022-08-09,1.4485912143604445,1.416287818569735,1.4253089754723356,1.416287818569735,1.416287818569735,False,0.9739926963787487,1.4488918885631659,1.4207478233673683,1.4270155385662269,1.4207478233673683,1.4207478233673683,False,0.03120023786655753,1.4676517926007628,1.4206364055633236,1.423211016170036,1.4206364055633236,1.4206364055633236,False,0.38255624225171836
PM25,180,2022-09-08,1.5230628725580182,1.4596998859005221,1.460511829814516,1.4596998859005221,1.4596998859005221,False,0.24680400272941702,1.371595921773682,1.4516106541320146,1.4535006172057636,1.4516106541320146,1.4516106541320146,False,0.011478751002198676,1.4813016573916815,1.4518958591645017,1.4523801600620336,1.4518958591645017,1.4518958591645017,False,-0.15424106584993655
PM25,180,2022-10-08,1.4598977750329798,1.4438057370917743,1.4438057370917743,1.4438057370917743,1.4438057370917743,False,-0.28317579566109014,1.4980962321399005,1.4144061454794745,1.4144061454794745,1.4144061454794745,1.4144061454794745,False,-1.3372711646850837,1.5165341101630527,1.4156006000805024,1.4156006000805024,1.4156006000805024,1.4156006000805024,False,-0.15233816045489412
PM25,180,2022-11-07,1.4736240365951496,1.524667315622396,1.524667315622396,1.524667315622396,1.524667315622396,False,-1.2578432416204715,1.6084100631201108,1.5391461679714846,1.5391461679714846,1.5391461679714846,1.5391461679714846,False,-2.1154551525093255,1.4184872916238769,1.53869450333624,1.5343715717121849,1.53869450333624,1.53869450333624,False,-0.10734131368211057
PM25,180,2022-12-07,1.4858104464327762,1.4493051749295807,1.4493051749295807,1.4493051749295807,1.4493051749295807,False,-2.1039609276155073,1.4950712560897952,1.48851841333641,1.48851841333641,1.48851841333641,1.48851841333641,False,-2.9012982991597958,1.5590014932765919,1.4872881115213161,1.49000754734497,1.4872881115213161,1.4872881115213161,False,-0.2505684292124704
PM25,180,2023-01-06,1.384952753880765,1.5645398844659377,1.5645398844659377,1.5645398844659377,1.5645398844659377,False,-0.8299507348011907,1.4487416252109044,1.5744460682041341,1.5744460682041341,1.5744460682041341,1.5744460682041341,False,-0.7015525209333661,1.506685709124831,1.5741502357991142,1.5721642267274845,1.5741502357991142,1.5741502357991142,False,-1.0056349654077423
PM25,180,2023-02-05,1.4054280571996491,1.5050452071999707,1.5055110614176483,1.5050452071999707,1.5050452071999707,False,-0.9350460460737358,1.627143112320542,1.495942149287602,1.4963047443979596,1.495942149287602,1.495942149287602,False,-1.9448678096457606,1.559983156204915,1.496151977667339,1.496151977667339,1.496151977667339,1.496151977667339,False,-1.3597042643668933
PM25,180,2023-03-07,1.603107854799259,1.5490841357859038,1.5461583319342553,1.5490841357859038,1.5490841357859038,False,-0.30779112962676586,1.5698391452992015,1.547975377597436,1.5455086759543144,1.547975377597436,1.547975377597436,False,-1.402676163557853,1.393183996638038,1.5482582746414701,1.5482582746414701,1.5482582746414701,1.5482582746414701,False,-2.0697460618313595
PM25,180,2023-04-06,1.4594782357163913,1.440214858823162,1.4392752633392598,1.440214858823162,1.440214858823162,False,-0.4425901137387061,1.4340885444548208,1.4551857964052148,1.4551979223436227,1.4551857964052148,1.4551857964052148,False,-0.6952328442934416,1.4587763774324811,1.4541211407178998,1.4541211407178998,1.4541211407178998,1.4541211407178998,False,-1.186685340082994
PM25,180,2023-05-06,1.4042426385367648,1.456217966264289,1.4539168427186677,1.456217966264289,1.456217966264289,False,-0.1758005358569976,1.4206565438560534,1.4440133460389162,1.4406472747747712,1.4440133460389162,1.4440133460389162,False,-0.09901135771974796,1.2685478762295495,1.4443112419506057,1.4443112419506057,1.4443112419506057,1.4443112419506057,False,-2.0747051700656858
PM25,180,2023-06-05,1.3360967278896545,1.3372043024576312,1.3322388861744603,1.3372043024576312,1.3372043024576312,False,0.7999154573096773,1.442451018331973,1.4117273279630078,1.4081215712947108,1.4117273279630078,1.4117273279630078,False,-0.001109310692112823,,,,,,,
PM25,360,2021-01-16,1.513903394611469,1.5376532015864626,1.5367743511276883,1.5376532015864626,1.5376532015864626,False,-12.031194884542694,1.6736130548703674,1.510028648073599,,,,,,1.4922013428882466,1.5121594066807909,,,,,
PM25,360,2021-02-15,1.5202924108756681,1.508107522036799,1.508107522036799,1.508107522036799,1.508107522036799,False,-2.205127346352462,1.5949902527638153,1.5046990147002743,1.5098690908146324,1.5046990147002743,1.5046990147002743,False,-0.04199592224669487,1.4868574989179806,1.5045451158153103,1.5045451158153103,1.5045451158153103,1.5045451158153103,False,-2.8489554526413055
PM25,360,2021-03-17,1.3916967553944477,1.5161075092954945,1.5161075092954945,1.5161075092954945,1.5161075092954945,False,-0.5489722369196316,1.4302434964337392,1.538475046794469,1.5391277908178882,1.538475046794469,1.538475046794469,False,0.048599832683868395,1.3630264540503045,1.5370853349345766,1.5370853349345766,1.5370853349345766,1.5370853349345766,False,-2.126839371505746
PM25,360,2021-04-16,1.4290546038329561,1.4207506196606086,1.421362965215143,1.4207506196606086,1.4207506196606086,False,-1.6409749139326602,1.573770200281264,1.4850100323793254,1.461582293686985,1.4850100323793254,1.4850100323793254,False,0.40708995224481076,1.4016453078743158,1.481487361685754,1.4825185323618548,1.481487361685754,1.481487361685754,False,-0.7216890091710599
PM25,360,2021-05-16,1.4332605463060726,1.4397420655299238,1.4386285465995265,1.4397420655299238,1.4397420655299238,False,-1.7281184455672827,1.3756158148673485,1.4588432561041127,1.4596088207091253,1.4588432561041127,1.4588432561041127,False,-0.5331433151691048,1.2795519715388317,1.457199166574983,1.456594705811492,1.457199166574983,1.457199166574983,False,-1.162972731753908
PM25,360,2021-06-15,1.2681442282930877,1.3352753288858024,1.335238883743014,1.3352753288858024,1.3352753288858024,False,0.21103782068836272,1.424910162659891,1.3896933413660517,1.388428845931463,1.3896933413660517,1.3896933413660517,False,-0.07002279031524801,1.5001113088351776,1.3864270436104664,1.385945572150958,1.3864270436104664,1.3864270436104664,False,-1.7529323381136386
PM25,360,2021-07-15,1.4880117817934024,1.4735680319461413,1.4718326454666955,1.4735680319461413,1.4735680319461413,False,-0.4666814761847726,1.5275788606814098,1.4554710479773587,1.4554710479773587,1.4554710479773587,1.4554710479773587,False,-1.8086205421012538,1.4473825887483411,1.4567754599551879,1.4567528961985667,1.4567754599551879,1.4567754599551879,False,-1.4147154880108452
PM25,360,2021-08-14,1.426476871553294,1.4709928673886932,1.474816844647796,1.4709928673886932,1.4709928673886932,False,-1.6547669280854407,1.4701483298835283,1.491006058939395,1.491006058939395,1.491006058939395,1.491006058939395,False,-3.4243334364074904,1.5202924108756681,1.4896639247566401,1.4896639247566401,1.4896639247566401,1.4896639247566401,False,-2.6498731896438996
PM25,360,2021-09-13,1.4788697137997888,1.4778823364234266,1.4778823364234266,1.4778823364234266,1.4778823364234266,False,-2.257120822573013,1.3412368152463554,1.447966799482984,1.447966799482984,1.447966799482984,1.447966799482984,False,-2.1559788717013175,1.5545119118748696,1.4500473926739035,1.451984707376413,1.4500473926739035,1.4500473926739035,False,-0.5482528313851467
PM25,360,2021-10-13,1.5560053535249954,1.5180566944939822,1.5180566944939822,1.5180566944939822,1.5180566944939822,False,-2.7011227582465023,1.5543067693939974,1.4816267289166902,1.4822262341253067,1.4816267289166902,1.4816267289166902,False,-2.4689252765290637,1.5900590486693391,1.4836876976963829,1.4836876976963829,1.4836876976963829,1.4836876976963829,False,-2.14431591366864
PM25,360,2021-11-12,1.6686243324412877,1.5787567915324885,1.577972078180067,1.5787567915324885,1.5787567915324885,False,-1.5849592056508433,1.5433411027801816,1.5494406151790268,1.5639897839856147,1.5494406151790268,1.5494406151790268,False,0.135826999848666,1.4657846494359792,1.5505684585564046,1.549603948588397,1.5505684585564046,1.5505684585564046,False,-0.06689565527519108
PM25,360,2021-12-12,1.3867182767200665,1.4898045914378941,1.4898045914378941,1.4898045914378941,1.4898045914378941,False,-3.4632843296940763,1.5776769025868556,1.5189573227486524,1.5298538082202437,1.5189573227486524,1.5189573227486524,False,-1.0611587920436205,1.4368717313595831,1.5174678329097075,1.5193384783679906,1.5174678329097075,1.5174678329097075,False,-0.8539554296640056
PM25,360,2022-01-11,1.486043801159876,1.4724958589606203,1.4726704299029487,1.4724958589606203,1.4724958589606203,False,-2.192468647649435,1.5463802165068705,1.4854158963928543,1.467247252591902,1.4854158963928543,1.4854158963928543,False,0.17166702754977234,1.4747643213685016,1.4840720231811142,1.4822955289857942,1.4840720231811142,1.4840720231811142,False,0.14115922935021294
PM25,360,2022-02-10,1.6021006574556473,1.5074584561255522,1.503920637705442,1.5074584561255522,1.5074584561255522,False,-1.6179502766764067,1.6931961950980228,1.5275853731274778,1.525879368290361,1.5275853731274778,1.5275853731274778,False,0.18078133250141484,1.45112830038359,1.5259686764931275,1.5212048221629308,1.5259686764931275,1.5259686764931275,False,0.32094601299646536
PM25,360,2022-03-12,1.4899524146928862,1.478584298487188,1.478584298487188,1.478584298487188,1.478584298487188,False,-0.41868630570723675,1.4937541096245024,1.5054679956372417,1.5054679956372417,1.5054679956372417,1.5054679956372417,False,-0.2577550188051336,1.3266058448775329,1.5038442562301921,1.5020249040239984,1.5038442562301921,1.5038442562301921,False,0.605915882280795
PM25,360,2022-04-11,1.2780143102368318,1.4091269815172551,1.3912570812717593,1.4091269815172551,1.4091269815172551,False,0.46054375703238665,1.4044407884990031,1.4660424264289196,1.465193183964527,1.4660424264289196,1.4660424264289196,False,-0.20670923249600137,1.3684600776105063,1.462200005786886,1.4536987035967854,1.462200005786886,1.462200005786886,False,0.2231829960818732
PM25,360,2022-05-11,1.3713566298903974,1.4070994684725207,1.4079328345510596,1.4070994684725207,1.4070994684725207,False,0.43504679760595394,1.449191973729008,1.4168751587200281,1.4125620940885952,1.4168751587200281,1.4168751587200281,False,-0.7974792501538549,1.4319266942001012,1.4153761043677453,1.4095494863295588,1.4153761043677453,1.4153761043677453,False,0.011704219578633731
PM25,360,2022-06-10,1.4199366573050316,1.427618445466572,1.4261594492302847,1.427618445466572,1.427618445466572,False,1.8764190463213621,1.468708163966802,1.4215838717314317,1.413778301462124,1.4215838717314317,1.4215838717314317,False,0.20470369062311944,1.4204768699803956,1.4218505437464257,1.4179923731458277,1.4218505437464257,1.4218505437464257,False,0.10478053892113537
PM25,360,2022-07-10,1.426303543165646,1.4318383959027459,1.4269137789222395,1.4318383959027459,1.4318383959027459,False,0.5163134237041117,1.432928132322783,1.4391006762908538,1.4436727397270965,1.4391006762908538,1.4391006762908538,False,-1.3570749948552272,1.4134989595854557,1.4385258800412566,1.4335410281920102,1.4385258800412566,1.4385258800412566,False,0.4363396928376469
PM25,360,2022-08-09,1.4485912143604445,1.4164807227506897,1.4260861230978839,1.4164807227506897,1.4164807227506897,False,0.9918338554070848,1.4488918885631659,1.420218440639553,1.4265264850372017,1.420218440639553,1.420218440639553,False,0.16556367879870884,1.4676517926007628,1.4200754324617455,1.4223859031905668,1.4200754324617455,1.4200754324617455,False,0.3633660724256445
PM25,360,2022-09-08,1.5230628725580182,1.459594380039872,1.4603308346136217,1.459594380039872,1.459594380039872,False,0.43192064417826215,1.371595921773682,1.4520542365699147,1.45411747304938,1.4520542365699147,1.4520542365699147,False,0.030737952856467004,1.4813016573916815,1.4524955958568584,1.4528083537286984,1.4524955958568584,1.4524955958568584,False,-0.18824462393461774
PM25,360,2022-10-08,1.4598977750329798,1.440063628414297,1.440063628414297,1.440063628414297,1.440063628414297,False,0.04725082881971199,1.4980962321399005,1.4132394461729458,1.4132394461729458,1.4132394461729458,1.4132394461729458,False,-1.1350870820555805,1.5165341101630527,1.4151872456626187,1.4151872456626187,1.4151872456626187,1.4151872456626187,False,-0.14663501618850036
PM25,360,2022-11-07,1.4736240365951496,1.5278833238188594,1.5278833238188594,1.5278833238188594,1.5278833238188594,False,-1.3284795751153669,1.6084100631201108,1.5445250616831654,1.5445250616831654,1.5445250616831654,1.5445250616831654,False,-2.0905149154174985,1.4184872916238769,1.5436171468551398,1.5398324048773657,1.5436171468551398,1.5436171468551398,False,-0.1938255279431391
PM25,360,2022-12-07,1.4858104464327762,1.4478409066479003,1.4478409066479003,1.4478409066479003,1.4478409066479003,False,-2.1685207442228274,1.4950712560897952,1.4847864561847466,1.4847864561847466,1.4847864561847466,1.4847864561847466,False,-2.7690876267001254,,,,,,,
