feature,fold,origin_date,actual_h1,sarima_h1,actual_h7,sarima_h7,actual_h30,sarima_h30
NO2,0,2022-01-11,6.562873902637556,7.343543515312659,6.740907379165658,7.368186476306653,8.093440595503724,7.3682796660318575
NO2,0,2022-02-10,8.395700596545284,7.828180640522305,9.74701625977252,7.6003313883330765,7.750211611491847,7.599121352308895
NO2,0,2022-03-12,7.197590244974486,7.711682141499649,8.15699129245089,7.770864756726039,7.206855871908678,7.771192654706089
NO2,0,2022-04-11,6.830001775590331,7.355079081800257,6.595640082654809,7.3265270335498105,8.093440595503724,7.326352434227139
NO2,0,2022-05-11,7.008978800178157,7.71854217595703,7.310358764767277,7.620602346066321,8.159914086832428,7.620115238370957
NO2,0,2022-06-10,7.7565559772981345,7.581064764740524,6.994830089875532,7.384192165619031,6.5792879088927,7.383190893393399
NO2,0,2022-07-10,5.785937036225244,6.7297277792288925,7.029009164902778,7.035215096624275,8.077426293968285,7.036863417574802
NO2,0,2022-08-09,8.503912157328378,8.04626905904031,6.1369538739044565,7.812295929965306,8.298258155074734,7.811022838494339
NO2,0,2022-09-08,7.89223500973639,8.010680885320596,7.180435415039061,8.017895472951666,8.671121706977779,8.017971249974527
NO2,0,2022-10-08,8.066126156376194,7.923126918332868,8.092848385922776,7.489261143746045,6.807506593785511,7.48698776208646
NO2,0,2022-11-07,8.05360672242779,7.7235531105280915,8.161082729900984,8.216200833954534,7.7590914060747025,8.218773779149934
NO2,0,2022-12-07,7.594083295757286,7.6762840126701635,7.866886243140725,7.642451416232893,7.35471190214614,7.642277237680647
NO2,0,2023-01-06,7.957781100758424,7.594711539354658,7.691450664306726,7.955879439885212,7.6124089421421735,7.957820331946275
NO2,0,2023-02-05,7.394547200719486,7.783223871368009,7.88729916379129,7.93106882872933,7.880504275465511,7.931854152147829
NO2,0,2023-03-07,8.822392716870349,7.8965925137457855,8.110584297131764,7.914951221415908,6.634636389701339,7.9150493876752925
NO2,0,2023-04-06,6.2027985042246785,7.368218939637237,8.286872394110299,7.728686250547029,8.17916213556961,7.730560844518473
NO2,0,2023-05-06,7.759725056674388,7.804780945867737,8.642469103374994,7.640781157293071,6.99781244315565,7.639933426110269
NO2,0,2023-06-05,7.658566333845242,7.708363483245673,7.173268674419285,7.890415632103534,8.2731757980059,7.891319343817045
NO2,0,2023-07-05,8.172754279870441,7.677237475053674,8.216861676866067,7.458463142255133,8.109403853241847,7.457344492455303
NO2,0,2023-08-04,8.872553787906295,7.797635095459376,8.069102354552237,7.451140124461989,7.547959693320663,7.449288401893455
NO2,0,2023-09-03,7.2824223977958775,7.677828432742033,8.189049209212774,7.829524768505048,7.413657790021476,7.830336295587873
NO2,0,2023-10-03,7.51273839959382,7.606866825617318,6.9377879275886825,7.75427680190469,7.360915465378349,7.755056916690315
NO2,0,2023-11-02,7.639117255535947,7.410581119226937,7.428619021933483,7.76106956403634,8.347492789249378,7.762976258313501
NO2,0,2023-12-02,8.876118772031369,7.8168212361442535,7.495364173908803,7.496269070435444,,
NO2,120,2021-09-13,9.383192809623658,8.178033957275808,6.264094657671212,8.304141037925136,8.468276185899699,8.304932957005779
NO2,120,2021-10-13,7.966900693587252,8.255287745811726,8.821364096409576,8.157278764830139,9.499823155469459,8.156835371697452
NO2,120,2021-11-12,9.565783353106228,8.72453249088101,7.774276279973856,8.31883924667967,6.952116257650706,8.316956274526913
NO2,120,2021-12-12,6.264094657671212,7.413787077367452,7.7527503521035355,7.545387135969596,7.017150003083341,7.545903834572606
NO2,120,2022-01-11,6.562873902637556,7.350518912383936,6.740907379165658,7.370229515816383,8.093440595503724,7.3701886025702175
NO2,120,2022-02-10,8.395700596545284,7.81946749216263,9.74701625977252,7.597791804474583,7.750211611491847,7.5966959191457315
NO2,120,2022-03-12,7.197590244974486,7.711562087902542,8.15699129245089,7.770621246970067,7.206855871908678,7.7709632008797636
NO2,120,2022-04-11,6.830001775590331,7.360006176357305,6.595640082654809,7.330296587458897,8.093440595503724,7.330064701904557
NO2,120,2022-05-11,7.008978800178157,7.709212214718598,7.310358764767277,7.61757813664193,8.159914086832428,7.617246457451638
NO2,120,2022-06-10,7.7565559772981345,7.567792390103762,6.994830089875532,7.381645881688165,6.5792879088927,7.380887748656988
NO2,120,2022-07-10,5.785937036225244,6.737776869921589,7.029009164902778,7.038076616751358,8.077426293968285,7.039656406452218
NO2,120,2022-08-09,8.503912157328378,8.039321101443695,6.1369538739044565,7.80740713437635,8.298258155074734,7.806149361529346
NO2,120,2022-09-08,7.89223500973639,8.004646430752274,7.180435415039061,8.015816296975817,8.671121706977779,8.016009159670023
NO2,120,2022-10-08,8.066126156376194,7.904878740216305,8.092848385922776,7.48718003483901,6.807506593785511,7.485227017492151
NO2,120,2022-11-07,8.05360672242779,7.743860425759233,8.161082729900984,8.216691270173483,7.7590914060747025,8.218871184115596
NO2,120,2022-12-07,7.594083295757286,7.676899994106753,7.866886243140725,7.645402314489897,7.35471190214614,7.64526597174331
NO2,120,2023-01-06,7.957781100758424,7.602624637259913,7.691450664306726,7.9559523119151105,7.6124089421421735,7.957783558195602
NO2,120,2023-02-05,7.394547200719486,7.787880339037911,7.88729916379129,7.931461047941649,7.880504275465511,7.932171747343495
NO2,120,2023-03-07,8.822392716870349,7.898265894936131,8.110584297131764,7.916510683905676,6.634636389701339,7.916603023154177
NO2,120,2023-04-06,6.2027985042246785,7.387370784117035,8.286872394110299,7.733290289782279,8.17916213556961,7.734854784271881
NO2,120,2023-05-06,7.759725056674388,7.795880669432677,8.642469103374994,7.639263260418032,6.99781244315565,7.6385739430452615
NO2,120,2023-06-05,7.658566333845242,7.7228720154504495,7.173268674419285,7.892118837484093,8.2731757980059,7.8927245510792705
NO2,120,2023-07-05,8.172754279870441,7.666689355702152,8.216861676866067,7.46008205300749,8.109403853241847,7.4592178784007075
NO2,120,2023-08-04,8.872553787906295,7.7881348506834716,8.069102354552237,7.45025611810394,,
NO2,240,2021-05-16,7.57371203295074,8.313291402049785,7.014922953789363,7.859707878585601,8.03626617944075,7.856324581705417
NO2,240,2021-06-15,7.378790886060054,8.166507261976315,7.482627274581741,7.823031597755667,9.43400040288019,7.820345781240975
NO2,240,2021-07-15,9.520688476537378,8.461311636487714,7.989928813753692,8.279894054099351,8.620075153170587,8.280006007706978
NO2,240,2021-08-14,7.874318941182931,8.354470837680813,9.1160881408998,8.4474753795693,8.398489502796979,8.448541134832285
NO2,240,2021-09-13,9.383192809623658,8.161296686874959,6.264094657671212,8.308526289410885,8.468276185899699,8.309944088623972
NO2,240,2021-10-13,7.966900693587252,8.242323499628608,8.821364096409576,8.146769843827965,9.499823155469459,8.146407965676987
NO2,240,2021-11-12,9.565783353106228,8.71656406865344,7.774276279973856,8.325214020255158,6.952116257650706,8.323523001618561
NO2,240,2021-12-12,6.264094657671212,7.399770608141169,7.7527503521035355,7.508876744383957,7.017150003083341,7.509011232830372
NO2,240,2022-01-11,6.562873902637556,7.360173079859911,6.740907379165658,7.362050694961791,8.093440595503724,7.361560225883671
NO2,240,2022-02-10,8.395700596545284,7.829091814317223,9.74701625977252,7.608848447160993,7.750211611491847,7.607637464653695
NO2,240,2022-03-12,7.197590244974486,7.706828171411934,8.15699129245089,7.772299914188687,7.206855871908678,7.772839144094314
NO2,240,2022-04-11,6.830001775590331,7.348272183438305,6.595640082654809,7.303119137242786,8.093440595503724,7.3025833987399915
NO2,240,2022-05-11,7.008978800178157,7.707662943626892,7.310358764767277,7.633047966770414,8.159914086832428,7.6330730289712685
NO2,240,2022-06-10,7.7565559772981345,7.554110075073616,6.994830089875532,7.387604638694964,6.5792879088927,7.387285716588933
NO2,240,2022-07-10,5.785937036225244,6.714140764750567,7.029009164902778,7.023863431086202,8.077426293968285,7.025914543427072
NO2,240,2022-08-09,8.503912157328378,8.079967803361393,6.1369538739044565,7.840714114657436,8.298258155074734,7.838972853445492
NO2,240,2022-09-08,7.89223500973639,7.996030214541774,7.180435415039061,8.025309867118352,8.671121706977779,8.025966656552054
NO2,240,2022-10-08,8.066126156376194,7.889117030003656,8.092848385922776,7.482242247907507,6.807506593785511,7.480436640902475
NO2,240,2022-11-07,8.05360672242779,7.778232249562777,8.161082729900984,8.238321247678007,7.7590914060747025,8.240235967667477
NO2,240,2022-12-07,7.594083295757286,7.654283359135589,7.866886243140725,7.619971820365449,7.35471190214614,7.619876665847153
NO2,240,2023-01-06,7.957781100758424,7.599919433458368,7.691450664306726,7.966432616278292,7.6124089421421735,7.96873398037372
NO2,240,2023-02-05,7.394547200719486,7.789535725146394,7.88729916379129,7.934244831753649,7.880504275465511,7.935035444615448
NO2,240,2023-03-07,8.822392716870349,7.888255899952722,8.110584297131764,7.904446412655417,6.634636389701339,7.904552600875705
NO2,240,2023-04-06,6.2027985042246785,7.39092694382083,8.286872394110299,7.717812040190453,,
NO2,360,2021-01-16,7.337436520132644,7.55408893214393,10.30818271059821,7.379513554619838,7.377418269703025,7.379189941509559
NO2,360,2021-02-15,8.655222880014131,7.865497151228141,6.793486559756871,7.841352468128715,8.030872343289607,7.839595507688889
NO2,360,2021-03-17,7.6933780770528255,7.8912154533578756,7.628712163762233,7.950524186494241,6.3314584558905125,7.951503941818386
NO2,360,2021-04-16,6.60379315937762,7.51365316618131,8.086922434652134,8.001844006245339,8.252561501822269,8.002565057464027
NO2,360,2021-05-16,7.57371203295074,8.36238624856766,7.014922953789363,7.875038802326924,8.03626617944075,7.870256335337873
NO2,360,2021-06-15,7.378790886060054,8.205954771817268,7.482627274581741,7.832308021003368,9.43400040288019,7.828372096671983
NO2,360,2021-07-15,9.520688476537378,8.460200921533724,7.989928813753692,8.321009562598869,8.620075153170587,8.322809319043394
NO2,360,2021-08-14,7.874318941182931,8.344747844775302,9.1160881408998,8.459980313321385,8.398489502796979,8.461896453509533
NO2,360,2021-09-13,9.383192809623658,8.145652793562855,6.264094657671212,8.316989456280261,8.468276185899699,8.319345510910972
NO2,360,2021-10-13,7.966900693587252,8.226224521739855,8.821364096409576,8.132488893818534,9.499823155469459,8.132397887222961
NO2,360,2021-11-12,9.565783353106228,8.713890859833533,7.774276279973856,8.334438943447864,6.952116257650706,8.33345980960565
NO2,360,2021-12-12,6.264094657671212,7.374017473241882,7.7527503521035355,7.460560359985136,7.017150003083341,7.460019467984022
NO2,360,2022-01-11,6.562873902637556,7.370259163781311,6.740907379165658,7.353734460219631,8.093440595503724,7.352471942954621
NO2,360,2022-02-10,8.395700596545284,7.844956494693043,9.74701625977252,7.624361690420293,7.750211611491847,7.623136075290056
NO2,360,2022-03-12,7.197590244974486,7.700522118184485,8.15699129245089,7.773111133413051,7.206855871908678,7.773928442398208
NO2,360,2022-04-11,6.830001775590331,7.32883709307815,6.595640082654809,7.2671758662483334,8.093440595503724,7.266230362771282
NO2,360,2022-05-11,7.008978800178157,7.7134650974047485,7.310358764767277,7.656644911730843,8.159914086832428,7.657324344266613
NO2,360,2022-06-10,7.7565559772981345,7.545570805188203,6.994830089875532,7.3990075963437585,6.5792879088927,7.3996081694404925
NO2,360,2022-07-10,5.785937036225244,6.682406511454219,7.029009164902778,7.004941597309488,8.077426293968285,7.007553044260267
NO2,360,2022-08-09,8.503912157328378,8.132615946321657,6.1369538739044565,7.8828276548819645,8.298258155074734,7.880379883939762
NO2,360,2022-09-08,7.89223500973639,7.986046982446972,7.180435415039061,8.034056748338346,8.671121706977779,8.035477086591596
NO2,360,2022-10-08,8.066126156376194,7.878335546938218,8.092848385922776,7.480240300500707,6.807506593785511,7.479113032060851
NO2,360,2022-11-07,8.05360672242779,7.812376427226049,8.161082729900984,8.26184907682642,7.7590914060747025,8.26277612366687
NO2,360,2022-12-07,7.594083295757286,7.6240294197565275,7.866886243140725,7.586763561043239,,
NO2,480,2020-09-18,8.510464407242795,8.11088949140195,8.894922938047976,8.323531854876665,5.971859730468035,8.325218421775284
NO2,480,2020-10-18,6.485719589398693,6.815377372902964,8.690664350138869,7.709203605204885,7.894701076750966,7.7145186982071206
NO2,480,2020-11-17,8.079802019488534,7.788837539745597,7.609141639825501,7.535232631371552,7.850121394625801,7.5330284016384415
NO2,480,2020-12-17,8.876118772031369,7.774911277192909,6.80128093429511,7.607562240780209,7.955955164102182,7.606135632435624
NO2,480,2021-01-16,7.337436520132644,7.541307675964186,10.30818271059821,7.367886905883462,7.377418269703025,7.368164847958097
NO2,480,2021-02-15,8.655222880014131,7.887844059317962,6.793486559756871,7.844860951841799,8.030872343289607,7.841731330416204
NO2,480,2021-03-17,7.6933780770528255,7.883951033391373,7.628712163762233,7.952633932716726,6.3314584558905125,7.954146803862203
NO2,480,2021-04-16,6.60379315937762,7.530260402881581,8.086922434652134,8.009293810874274,8.252561501822269,8.008247326724135
NO2,480,2021-05-16,7.57371203295074,8.41848852975394,7.014922953789363,7.89797174433872,8.03626617944075,7.891448764958379
NO2,480,2021-06-15,7.378790886060054,8.246522256765212,7.482627274581741,7.843341122441275,9.43400040288019,7.837862236221524
NO2,480,2021-07-15,9.520688476537378,8.475426335399389,7.989928813753692,8.369723159952853,8.620075153170587,8.373574305963988
NO2,480,2021-08-14,7.874318941182931,8.337492992500124,9.1160881408998,8.472337192623142,8.398489502796979,8.475276791880683
NO2,480,2021-09-13,9.383192809623658,8.13687206968164,6.264094657671212,8.33101509339467,8.468276185899699,8.334489855814356
NO2,480,2021-10-13,7.966900693587252,8.209829069637715,8.821364096409576,8.11613417454755,9.499823155469459,8.116463896431108
NO2,480,2021-11-12,9.565783353106228,8.720489408683042,7.774276279973856,8.345945210418455,6.952116257650706,8.345939391547189
NO2,480,2021-12-12,6.264094657671212,7.337933387232175,7.7527503521035355,7.406763046436195,7.017150003083341,7.405498688383928
NO2,480,2022-01-11,6.562873902637556,7.378037451172348,6.740907379165658,7.346456971847617,8.093440595503724,7.344231294335747
NO2,480,2022-02-10,8.395700596545284,7.866017381142051,9.74701625977252,7.6424206598774305,7.750211611491847,7.641176657559461
NO2,480,2022-03-12,7.197590244974486,7.693556968751912,8.15699129245089,7.7727647687105135,7.206855871908678,7.77392119355344
NO2,480,2022-04-11,6.830001775590331,7.3041074689746655,6.595640082654809,7.2279185238321375,8.093440595503724,7.226583152519832
NO2,480,2022-05-11,7.008978800178157,7.72894638134788,7.310358764767277,7.686702481188158,8.159914086832428,7.688144576498237
NO2,480,2022-06-10,7.7565559772981345,7.548228661854468,6.994830089875532,7.416907628859776,6.5792879088927,7.418670924322764
NO2,480,2022-07-10,5.785937036225244,6.646072880321772,7.029009164902778,6.983163513016935,8.077426293968285,6.986478985437021
NO2,480,2022-08-09,8.503912157328378,8.188356303181251,6.1369538739044565,7.9264437033422235,,
