target,horizon,model,rmse,mae,mape,n,n_folds
NO2,1,SARIMA_mingguan,0.5961911358940415,0.5050365277407514,6.697570226173574,120,5
NO2,1,RESEP_FINAL,0.5924533474940699,0.5047732423602194,6.683854340838784,118,5
NO2,7,SARIMA_mingguan,0.8890036875506558,0.6722162623788379,8.813967144516905,120,5
NO2,7,RESEP_FINAL,0.9017152188872006,0.6754808384866433,8.876648026647628,117,5
NO2,30,SARIMA_mingguan,0.7303175875747819,0.546117557763316,7.1473292822820635,115,5
NO2,30,RESEP_FINAL,0.7039950044065492,0.5338675704369645,6.918638996163269,112,5
PM10,1,SARIMA_mingguan,0.11452508375702944,0.08405758203422402,4.156769499808453,120,5
PM10,1,RESEP_FINAL,0.11138756069558108,0.08344601047720913,4.1239484869146805,118,5
PM10,7,SARIMA_mingguan,0.15356853356483896,0.11265498742375346,5.391479514056289,120,5
PM10,7,RESEP_FINAL,0.14987691506126397,0.11140029934180613,5.347432612464333,117,5
PM10,30,SARIMA_mingguan,0.15254151746833428,0.11983704499713721,5.9680847489430615,115,5
PM10,30,RESEP_FINAL,0.15136215123313274,0.11869244483947668,5.927932110679786,112,5
PM25,1,SARIMA_mingguan,0.06496793787418488,0.04799274347300981,3.325119200585626,120,5
PM25,1,RESEP_FINAL,0.06382206303573222,0.04712712486100035,3.259213438169871,118,5
PM25,7,SARIMA_mingguan,0.07542146305858669,0.060894573370783585,4.035970311707797,120,5
PM25,7,RESEP_FINAL,0.0753329633396883,0.061758553787336544,4.10224355449489,117,5
PM25,30,SARIMA_mingguan,0.09139266739784606,0.07418315133427242,5.19172723275155,115,5
PM25,30,RESEP_FINAL,0.08910923393619657,0.07227168506642014,5.069194145322687,112,5
