feature,fold,origin_date,actual_h1,sarima_h1,final_h1,alpha_h1,actual_h7,sarima_h7,final_h7,alpha_h7,actual_h30,sarima_h30,final_h30,alpha_h30
NO2,0,2022-01-11,6.562873902637556,7.299619105241923,7.246851114307673,0.6535379758952996,6.740907379165658,7.377421251124941,7.367136079363132,0.25750297647569353,8.093440595503724,7.344221531065333,7.344221531065333,0.0
NO2,0,2022-02-10,8.395700596545284,8.016849576611868,8.038645617599203,0.7215367179891714,9.74701625977252,7.677279048807271,7.675497336138908,0.10505813680775702,7.750211611491847,7.680560558425089,7.680560558425089,0.0
NO2,0,2022-03-12,7.197590244974486,7.5534241869246745,7.580555712618967,1.0,8.15699129245089,7.8794138806772045,7.8794138806772045,0.0,7.206855871908678,7.246143485131127,7.246143485131127,0.0
NO2,0,2022-04-11,6.830001775590331,7.562942757389212,7.57280024792881,0.6696479181970596,6.595640082654809,6.85452716711093,6.8521319860586445,0.040276714062235056,8.093440595503724,7.3820092267943265,7.3820092267943265,0.0
NO2,0,2022-05-11,7.008978800178157,7.892487048996344,7.969733358929434,0.5245096804619386,7.310358764767277,7.710705820007742,7.710705820007742,0.0,8.159914086832428,7.773229834677634,7.773229834677634,0.0
NO2,0,2022-06-10,7.7565559772981345,7.659171192574684,7.733219619791648,0.5895483140256044,6.994830089875532,7.515126289817092,7.515126289817092,0.0,6.5792879088927,7.12714360929214,7.12714360929214,0.0
NO2,0,2022-07-10,5.785937036225244,6.347103505481648,6.347103505481648,0.0,7.029009164902778,6.803681614459162,6.803681614459162,0.0,8.077426293968285,6.953128635876718,6.953128635876718,0.0
NO2,0,2022-08-09,8.503912157328378,8.059023875754256,8.107846108698118,0.6318044795599044,6.1369538739044565,7.8475311441162034,7.902070109563667,0.3242291944482189,8.298258155074734,8.025157354117457,8.033530228592959,0.17150663560774382
NO2,0,2022-09-08,7.89223500973639,8.195034355449929,8.303764869454149,0.8617074253166469,7.180435415039061,8.233121736802667,8.31786581305254,0.5787258083101692,8.671121706977779,8.30525963226394,8.307859642209964,0.3967817117700148
NO2,0,2022-10-08,8.066126156376194,7.672926352590015,7.708614444863501,1.0,8.092848385922776,7.685213165720511,7.658034670638654,0.2651581082798134,6.807506593785511,6.894873755716806,6.9139521283285035,1.0
NO2,0,2022-11-07,8.05360672242779,7.936598212776388,7.738572065706552,1.0,8.161082729900984,7.74630133002644,7.7339089412327215,0.06649386128635058,7.7590914060747025,8.47117834209759,8.314428721923196,1.0
NO2,0,2022-12-07,7.594083295757286,7.769202702985388,7.743949229019046,1.0,7.866886243140725,7.7568658576841525,7.7568658576841525,0.0,7.35471190214614,7.833042255568447,7.895216501087756,1.0
NO2,0,2023-01-06,7.957781100758424,7.731451593560755,7.676736270526211,1.0,7.691450664306726,8.103940229091425,8.103940229091425,0.0,7.6124089421421735,7.860312397970743,7.859726431351963,0.010803696974431402
NO2,0,2023-02-05,7.394547200719486,7.433692248652662,7.4029050796212035,1.0,7.88729916379129,7.809177183576014,7.809177183576014,0.0,7.880504275465511,7.932056473196953,7.932056473196953,0.0
NO2,0,2023-03-07,8.822392716870349,7.963735140654968,7.978548381924654,0.837258182671868,8.110584297131764,7.9055731657935215,7.9055731657935215,0.0,6.634636389701339,8.153221369718166,8.170487288049236,0.501041685108931
NO2,0,2023-04-06,6.2027985042246785,7.373953303664238,7.319629717523394,0.3722326493175567,8.286872394110299,7.911871179129546,7.918107655555772,0.2197618891507811,8.17916213556961,7.853659780089075,7.853659780089075,0.0
NO2,0,2023-05-06,7.759725056674388,7.640897597477613,7.740295253890184,0.5996259741602648,8.642469103374994,7.714219125410827,7.722485317634979,0.17870113075996197,6.99781244315565,7.1983104107228755,7.1983104107228755,0.0
NO2,0,2023-06-05,7.658566333845242,7.876313870061481,7.773981681050227,0.6838929911234707,7.173268674419285,7.5223479881031015,7.470364897990924,0.7773968395066695,8.2731757980059,8.08440431437994,8.115172605651107,0.7796626315353606
NO2,0,2023-07-05,8.172754279870441,7.881684812327211,7.954691692136047,0.39851875618051325,8.216861676866067,7.601089945008189,7.641543968760257,0.3588172184570222,8.109403853241847,7.503508440268851,7.503508440268851,0.0
NO2,0,2023-08-04,8.872553787906295,7.84527398411018,7.826037566772165,0.322682607316779,8.069102354552237,7.479244017558819,7.486999358059275,0.1630419894587195,7.547959693320663,7.190120601511426,7.190120601511426,0.0
NO2,0,2023-09-03,7.2824223977958775,7.3530199482573995,7.3351643337301535,0.29652555767209776,8.189049209212774,7.638133457328334,7.598631718474737,0.7054151103882734,7.413657790021476,7.870858745368533,7.870858745368533,0.0
NO2,0,2023-10-03,7.51273839959382,7.758383556905714,7.772451598772049,0.18816864493712915,6.9377879275886825,7.766215111737675,7.800878427971634,0.3273579599204331,7.360915465378349,7.967343420157599,7.967343420157599,0.0
NO2,0,2023-11-02,7.639117255535947,7.43939439873707,7.441939604194307,0.043043972269947585,7.428619021933483,7.937229010360141,7.944468131798436,0.7393495162235912,8.347492789249378,7.902066529318945,7.902066529318945,0.0
NO2,0,2023-12-02,8.876118772031369,7.565903353560853,7.58997506690749,0.2979821753692078,7.495364173908803,7.64067197947723,7.591217804969596,1.0,,,,
NO2,120,2021-09-13,9.383192809623658,8.531658805621706,8.569176608938484,1.0,6.264094657671212,7.91268754907708,7.809724310025059,0.420276177968124,8.468276185899699,8.556992113171374,8.556992113171374,0.0
NO2,120,2021-10-13,7.966900693587252,8.36892623947445,8.404401748599975,0.7988254102712247,8.821364096409576,8.322932525176107,8.419918631807755,0.5155589328203385,9.499823155469459,8.284082878826723,8.284082878826723,0.0
NO2,120,2021-11-12,9.565783353106228,8.865849973054601,8.914468716007873,0.9403734933283455,7.774276279973856,8.508106359889288,8.506020899387627,0.22880923310156145,6.952116257650706,8.147267889090308,8.147267889090308,0.0
NO2,120,2021-12-12,6.264094657671212,7.017762734932301,6.830964354382654,1.0,7.7527503521035355,7.320038822427837,7.320038822427837,0.0,7.017150003083341,7.557023267082781,7.557023267082781,0.0
NO2,120,2022-01-11,6.562873902637556,7.305904262425548,7.24483919627349,0.7485880919446799,6.740907379165658,7.371655422414048,7.360386210487016,0.30214881805773514,8.093440595503724,7.339682124337878,7.339682124337878,0.0
NO2,120,2022-02-10,8.395700596545284,8.005456467691298,8.028535943265714,0.7766343288751515,9.74701625977252,7.670499973486061,7.668724954629858,0.13316209256407432,7.750211611491847,7.670939046163563,7.670939046163563,0.0
NO2,120,2022-03-12,7.197590244974486,7.5633231123756826,7.589871309735384,1.0,8.15699129245089,7.875355089432837,7.875355089432837,0.0,7.206855871908678,7.2669697050205615,7.2669697050205615,0.0
NO2,120,2022-04-11,6.830001775590331,7.549719089561144,7.559044065338587,0.7216573506599224,6.595640082654809,6.873858711929322,6.869894164839119,0.060453240270513305,8.093440595503724,7.377775655336823,7.377775655336823,0.0
NO2,120,2022-05-11,7.008978800178157,7.881072732786259,7.980103297001331,0.6286369562369679,7.310358764767277,7.702094176204934,7.702094176204934,0.0,8.159914086832428,7.761753857252241,7.761753857252241,0.0
NO2,120,2022-06-10,7.7565559772981345,7.64382803847989,7.736635535123301,0.6820012873776441,6.994830089875532,7.506201180768911,7.506201180768911,0.0,6.5792879088927,7.131267709793089,7.131267709793089,0.0
NO2,120,2022-07-10,5.785937036225244,6.365218417658068,6.363347616392686,0.04691985501556646,7.029009164902778,6.811784961293398,6.811784961293398,0.0,8.077426293968285,6.953391663185307,6.953391663185307,0.0
NO2,120,2022-08-09,8.503912157328378,8.05165306163175,8.110719118305761,0.7410841528876332,6.1369538739044565,7.840249155738092,7.9016152909453785,0.35670985272456235,8.298258155074734,8.015716641121994,8.025046817824034,0.18236667586974165
NO2,120,2022-09-08,7.89223500973639,8.186989333297731,8.312084635819774,0.939952045319748,7.180435415039061,8.227886128018529,8.319978994003515,0.611231762547561,8.671121706977779,8.301114791689372,8.303102662601475,0.40224006250313343
NO2,120,2022-10-08,8.066126156376194,7.6653957543550035,7.702072873455146,1.0,8.092848385922776,7.680305724016991,7.6478536733590685,0.30703496671454994,6.807506593785511,6.9145970691988685,6.9326621814625495,1.0
NO2,120,2022-11-07,8.05360672242779,7.942484628442285,7.738950613428015,1.0,8.161082729900984,7.763757913185275,7.742333697169806,0.11131150859624024,7.7590914060747025,8.467708897205693,8.304247640309521,1.0
NO2,120,2022-12-07,7.594083295757286,7.766478213968273,7.740426145949644,1.0,7.866886243140725,7.755893147843257,7.755893147843257,0.0,7.35471190214614,7.8285901719234205,7.892552645963908,1.0
NO2,120,2023-01-06,7.957781100758424,7.736386140085134,7.689350681266272,1.0,7.691450664306726,8.096886626724286,8.096886626724286,0.0,7.6124089421421735,7.870376962849129,7.868286972585827,0.037434608969013294
NO2,120,2023-02-05,7.394547200719486,7.453226072957523,7.422189192792248,1.0,7.88729916379129,7.816464012534346,7.816464012534346,0.0,7.880504275465511,7.931884618497119,7.931884618497119,0.0
NO2,120,2023-03-07,8.822392716870349,7.962239541266805,7.983268238594112,0.8970830986980165,8.110584297131764,7.905783339148464,7.906463276044899,0.006329446249199357,6.634636389701339,8.1485924746443,8.16726520668584,0.5179170398623483
NO2,120,2023-04-06,6.2027985042246785,7.392019798955173,7.321188867056635,0.4585385533645183,8.286872394110299,7.911806110608625,7.919310488220176,0.26954735215148745,8.17916213556961,7.851477890363454,7.851477890363454,0.0
NO2,120,2023-05-06,7.759725056674388,7.64180763596096,7.758936187555928,0.6877943627263782,8.642469103374994,7.705121819877135,7.7175924197585175,0.25276366303492526,6.99781244315565,7.217685379502813,7.217685379502813,0.0
NO2,120,2023-06-05,7.658566333845242,7.880454975306804,7.753810512366956,0.7862745162822186,7.173268674419285,7.540858850644074,7.480946994340022,0.8350831437171534,8.2731757980059,8.07931071397963,8.109998461593985,0.7722124121889963
NO2,120,2023-07-05,8.172754279870441,7.867829765844511,7.968086700318247,0.5240636560180598,8.216861676866067,7.597685148517034,7.649185927461417,0.4364855687734862,8.109403853241847,7.497317667194629,7.497317667194629,0.0
NO2,120,2023-08-04,8.872553787906295,7.832386057395926,7.805564478177659,0.41518589339744943,8.069102354552237,7.4722355560514,7.482810292895752,0.21837490793464437,,,,
NO2,240,2021-05-16,7.57371203295074,7.932082656429445,7.932082656429445,0.0,7.014922953789363,7.8639326733738155,7.8639326733738155,0.0,8.03626617944075,7.900109920152075,7.900109920152075,0.0
NO2,240,2021-06-15,7.378790886060054,8.216417462678843,8.216417462678843,0.0,7.482627274581741,7.923839378528619,7.923839378528619,0.0,9.43400040288019,7.890829761073045,7.890829761073045,0.0
NO2,240,2021-07-15,9.520688476537378,8.602865562688194,8.617907116991868,0.18023117377347703,7.989928813753692,8.484133982852548,8.484133982852548,0.0,8.620075153170587,8.384079921435536,8.389273552552222,0.11542363616946492
NO2,240,2021-08-14,7.874318941182931,8.11932554207136,8.187530815268936,0.8284130163052758,9.1160881408998,8.562141297616439,8.562874598104479,0.3667697604033889,8.398489502796979,8.17540070335932,8.17540070335932,0.0
NO2,240,2021-09-13,9.383192809623658,8.46948556322141,8.527746087998185,1.0,6.264094657671212,7.9642198206920884,7.840873798760732,0.48475444195315015,8.468276185899699,8.53889526689114,8.53889526689114,0.0
NO2,240,2021-10-13,7.966900693587252,8.358358306984766,8.401370362899899,1.0,8.821364096409576,8.289820452906305,8.411196210856119,0.6657060626223114,9.499823155469459,8.231558730828668,8.231558730828668,0.0
NO2,240,2021-11-12,9.565783353106228,8.873095103188902,8.928293492366022,1.0,7.774276279973856,8.514097202206953,8.50872860261399,0.39138724938203234,6.952116257650706,8.169409240196703,8.169409240196703,0.0
NO2,240,2021-12-12,6.264094657671212,7.054438413650622,6.867457059637675,1.0,7.7527503521035355,7.294444354704767,7.265932175873399,0.1863940967550516,7.017150003083341,7.446036151896578,7.446036151896578,0.0
NO2,240,2022-01-11,6.562873902637556,7.299078945128616,7.222646880896772,0.8509267652402657,6.740907379165658,7.306800633192252,7.297490657370746,0.4695391578396532,8.093440595503724,7.2781892313910745,7.2781892313910745,0.0
NO2,240,2022-02-10,8.395700596545284,8.012743369066921,8.020041546372966,0.6866974021848222,9.74701625977252,7.669812739332689,7.668144310974456,0.22048119773885094,7.750211611491847,7.649873841840859,7.649873841840859,0.0
NO2,240,2022-03-12,7.197590244974486,7.604725483207148,7.628015470504999,1.0,8.15699129245089,7.858707284947051,7.858707284947051,0.0,7.206855871908678,7.351115000327694,7.351115000327694,0.0
NO2,240,2022-04-11,6.830001775590331,7.493504796928544,7.512729950435691,0.7271540491690517,6.595640082654809,6.9112428561561225,6.898498690788976,0.16641968776332003,8.093440595503724,7.313541169135562,7.313541169135562,0.0
NO2,240,2022-05-11,7.008978800178157,7.889694030215128,8.017508598121983,0.8206645553135469,7.310358764767277,7.699454559669703,7.699454559669703,0.0,8.159914086832428,7.748974890486881,7.748974890486881,0.0
NO2,240,2022-06-10,7.7565559772981345,7.625937328763351,7.778433061800714,0.9752013094145514,6.994830089875532,7.485689989791211,7.4902242828461025,0.059410053837102586,6.5792879088927,7.159772832662112,7.159772832662112,0.0
NO2,240,2022-07-10,5.785937036225244,6.397498256556597,6.390984026916497,0.2889905158329177,7.029009164902778,6.814701430608291,6.814701430608291,0.0,8.077426293968285,6.925992958641696,6.925992958641696,0.0
NO2,240,2022-08-09,8.503912157328378,8.082584033496417,8.12305741821066,1.0,6.1369538739044565,7.876332450863005,7.957334150640726,0.5194264958774018,8.298258155074734,8.064461120791803,8.07275728305648,0.1619370123339942
NO2,240,2022-09-08,7.89223500973639,8.180702534113793,8.317172987195327,1.0,7.180435415039061,8.239032281508152,8.349528669335813,0.7303249787657238,8.671121706977779,8.337549437481554,8.33705940766582,0.3244145511610458
NO2,240,2022-10-08,8.066126156376194,7.680529962425789,7.737017445617432,1.0,8.092848385922776,7.671958001173501,7.626631097706671,0.43570350832573473,6.807506593785511,6.977029418541676,6.994906225305047,1.0
NO2,240,2022-11-07,8.05360672242779,7.950768666155985,7.708090837270156,1.0,8.161082729900984,7.850945354664562,7.79015535962514,0.2694278989392494,7.7590914060747025,8.507877866520086,8.342342987635107,1.0
NO2,240,2022-12-07,7.594083295757286,7.714089777665019,7.71135939639925,1.0,7.866886243140725,7.711178549620086,7.711178549620086,0.0,7.35471190214614,7.755893912375118,7.836658007049975,1.0
NO2,240,2023-01-06,7.957781100758424,7.709568554439893,7.674499287272717,1.0,7.691450664306726,8.064116293446654,8.064116293446654,0.0,7.6124089421421735,7.927593104580887,7.911540544980051,0.3148763757241149
NO2,240,2023-02-05,7.394547200719486,7.524256796575587,7.495884150913459,1.0,7.88729916379129,7.8472585822822305,7.8472585822822305,0.0,7.880504275465511,7.93024609465387,7.93024609465387,0.0
NO2,240,2023-03-07,8.822392716870349,7.93703774107683,7.978725553583059,1.0,8.110584297131764,7.8836044591117505,7.911217666003173,0.2067983699082028,6.634636389701339,8.116099924545079,8.144613712215564,0.6328145660757162
NO2,240,2023-04-06,6.2027985042246785,7.351916491023083,7.243764892248532,0.6521416319149044,8.286872394110299,7.873776064418752,7.8891656827340455,0.5289266269719145,,,,
NO2,360,2021-01-16,7.337436520132644,7.376168539267352,7.364206012978074,0.11133098911211102,10.30818271059821,7.3809118097342425,7.24254970141558,0.34800299435176607,7.377418269703025,6.912611411295096,6.874917091105981,0.21800118857824005
NO2,360,2021-02-15,8.655222880014131,8.125555248010505,8.125555248010505,0.0,6.793486559756871,7.457501107260994,7.457501107260994,0.0,8.030872343289607,8.033113710237913,8.03315861394963,0.009584899902155336
NO2,360,2021-03-17,7.6933780770528255,7.912012875356197,7.912012875356197,0.0,7.628712163762233,8.09942204700486,8.09942204700486,0.0,6.3314584558905125,8.144087367078447,8.144087367078447,0.0
NO2,360,2021-04-16,6.60379315937762,7.534243739444902,7.534243739444902,0.0,8.086922434652134,8.038184858280923,8.038184858280923,0.0,8.252561501822269,8.023831277370135,8.022910306531001,0.04907833613554694
NO2,360,2021-05-16,7.57371203295074,7.996752869132673,7.996752869132673,0.0,7.014922953789363,7.886594964697903,7.886594964697903,0.0,8.03626617944075,7.907899774569759,7.907899774569759,0.0
NO2,360,2021-06-15,7.378790886060054,8.250351525508652,8.250351525508652,0.0,7.482627274581741,7.931820944508176,7.931820944508176,0.0,9.43400040288019,7.898494515487684,7.898494515487684,0.0
NO2,360,2021-07-15,9.520688476537378,8.594929869545066,8.625778014684965,0.38035394325757776,7.989928813753692,8.533297848981723,8.533297848981723,0.0,8.620075153170587,8.437941218322715,8.443751947068238,0.13452231271866785
NO2,360,2021-08-14,7.874318941182931,8.103389209506613,8.196481326706534,1.0,9.1160881408998,8.57237759400444,8.569277321793619,0.3688851431687148,8.398489502796979,8.207753321368388,8.207753321368388,0.0
NO2,360,2021-09-13,9.383192809623658,8.431118130354527,8.509944362547733,1.0,6.264094657671212,7.984738234993871,7.845614783521968,0.5241018658972755,8.468276185899699,8.538955550791723,8.538955550791723,0.0
NO2,360,2021-10-13,7.966900693587252,8.340929999363643,8.398033014422957,1.0,8.821364096409576,8.266180745884226,8.412410557550928,0.7711154248421247,9.499823155469459,8.198783149361278,8.198783149361278,0.0
NO2,360,2021-11-12,9.565783353106228,8.867201163369883,8.931249072575017,1.0,7.774276279973856,8.521765713446493,8.515086036668873,0.5174180213929088,6.952116257650706,8.185610674255845,8.185610674255845,0.0
NO2,360,2021-12-12,6.264094657671212,7.046707069757761,6.878126248001752,1.0,7.7527503521035355,7.24596723992512,7.208069652659962,0.30179431835958775,7.017150003083341,7.364264931572656,7.364264931572656,0.0
NO2,360,2022-01-11,6.562873902637556,7.3039498311750854,7.21852519913464,0.8892408443567061,6.740907379165658,7.288554678850713,7.282401237426297,0.5384025644764431,8.093440595503724,7.2619502164940615,7.2619502164940615,0.0
NO2,360,2022-02-10,8.395700596545284,8.029593247465202,8.024226720683334,0.6228586758963274,9.74701625977252,7.690811502587651,7.687958335331178,0.2157489208994982,7.750211611491847,7.667373957162175,7.667373957162175,0.0
NO2,360,2022-03-12,7.197590244974486,7.613237634058323,7.634089286493328,1.0,8.15699129245089,7.854026610779722,7.854026610779722,0.0,7.206855871908678,7.377949536585701,7.377949536585701,0.0
NO2,360,2022-04-11,6.830001775590331,7.460130189176968,7.493838804449388,0.7533094950195421,6.595640082654809,6.891663670152284,6.8784407761891435,0.19363378246258411,8.093440595503724,7.261661738559286,7.261661738559286,0.0
NO2,360,2022-05-11,7.008978800178157,7.8972777524592095,8.029972871099385,0.9232598575893222,7.310358764767277,7.726018091744342,7.7281041190421575,0.010793769501448192,8.159914086832428,7.776240391815811,7.776240391815811,0.0
NO2,360,2022-06-10,7.7565559772981345,7.616070877464251,7.786629862373286,1.0,6.994830089875532,7.493608099530999,7.504409771079677,0.16525453296352832,6.5792879088927,7.185245764685557,7.185245764685557,0.0
NO2,360,2022-07-10,5.785937036225244,6.384664993254992,6.385999852650615,0.505992330725933,7.029009164902778,6.8026242696114325,6.807760425326112,0.07797575457456872,8.077426293968285,6.906811080882971,6.906811080882971,0.0
NO2,360,2022-08-09,8.503912157328378,8.128614289382217,8.123281039640867,1.0,6.1369538739044565,7.92823909623202,8.008244969377852,0.5886574065787089,8.298258155074734,8.122630240872109,8.12910119166876,0.11193381216187076
NO2,360,2022-09-08,7.89223500973639,8.172242033865674,8.3241212845446,1.0,7.180435415039061,8.245523716425547,8.361701213040886,0.764480284162926,8.671121706977779,8.349513248857056,8.347596408106034,0.2731709840323837
NO2,360,2022-10-08,8.066126156376194,7.673747870466495,7.756538245575488,1.0,8.092848385922776,7.66240304609617,7.62041849709432,0.44863976239049913,6.807506593785511,6.990051973425124,7.003386262705951,1.0
NO2,360,2022-11-07,8.05360672242779,7.985581722395182,7.698582831495808,1.0,8.161082729900984,7.894779612842206,7.819642407053421,0.31069137007729025,7.7590914060747025,8.539383096981,8.378993936717366,1.0
NO2,360,2022-12-07,7.594083295757286,7.670671094238814,7.70544950321416,1.0,7.866886243140725,7.66549362459347,7.66549362459347,0.0,,,,
NO2,480,2020-09-18,8.510464407242795,8.256300606034335,,,8.894922938047976,8.416481133668979,,,5.971859730468035,8.270874854889666,,
NO2,480,2020-10-18,6.485719589398693,6.583690350821496,,,8.690664350138869,7.515619048158223,,,7.894701076750966,7.900264585567529,,
NO2,480,2020-11-17,8.079802019488534,7.7349509284179865,7.7349509284179865,0.0,7.609141639825501,7.70865377636481,,,7.850121394625801,7.478288494076281,,
NO2,480,2020-12-17,8.876118772031369,7.914203422706114,7.914203422706114,0.0,6.80128093429511,7.614558412292333,7.634806676772086,0.3793899765790577,7.955955164102182,7.63752496704243,7.615257043122751,0.15274585970356924
NO2,480,2021-01-16,7.337436520132644,7.3993616166992515,7.377016131177808,0.23348145301529566,10.30818271059821,7.362401287204484,7.203816735546299,0.40340331211622943,7.377418269703025,6.99300980276727,6.950102975010133,0.25259121895102266
NO2,480,2021-02-15,8.655222880014131,8.10236230373607,8.090887156969112,0.06247082324298068,6.793486559756871,7.530681418583501,7.521084239691897,0.02687670121416721,8.030872343289607,8.002161381253023,8.00232857450248,0.010085589331701941
NO2,480,2021-03-17,7.6933780770528255,7.900197734970088,7.900197734970088,0.0,7.628712163762233,8.073248065918019,8.073248065918019,0.0,6.3314584558905125,8.111805140053152,8.111805140053152,0.0
NO2,480,2021-04-16,6.60379315937762,7.546982780228503,7.546982780228503,0.0,8.086922434652134,8.026540487605855,8.026540487605855,0.0,8.252561501822269,8.038690987357267,8.036944345582274,0.0763542955978188
NO2,480,2021-05-16,7.57371203295074,8.113119358595295,8.113119358595295,0.0,7.014922953789363,7.911358511939994,7.911358511939994,0.0,8.03626617944075,7.914130672868032,7.914130672868032,0.0
NO2,480,2021-06-15,7.378790886060054,8.277855325914555,8.277855325914555,0.0,7.482627274581741,7.927558219439249,7.932351422482118,0.022015710293735155,9.43400040288019,7.894792989152162,7.894792989152162,0.0
NO2,480,2021-07-15,9.520688476537378,8.578288862430659,8.61309809730221,0.4679591837833681,7.989928813753692,8.550548275363234,8.562569714665905,0.06211357260068821,8.620075153170587,8.471608706934742,8.478668871058543,0.14859795358407632
NO2,480,2021-08-14,7.874318941182931,8.117241633735684,8.22211560824537,1.0,9.1160881408998,8.56572888398537,8.555203860773137,0.4845610693931522,8.398489502796979,8.27706419574216,8.27706419574216,0.0
NO2,480,2021-09-13,9.383192809623658,8.362825653076845,8.458609922656624,1.0,6.264094657671212,8.051014177129796,7.856298208228371,0.6408912947834481,8.468276185899699,8.508626598193375,8.508626598193375,0.0
NO2,480,2021-10-13,7.966900693587252,8.309382680083347,8.382280606900625,1.0,8.821364096409576,8.226825296085538,8.42721040650494,0.9057631141372522,9.499823155469459,8.156629508241858,8.156629508241858,0.0
NO2,480,2021-11-12,9.565783353106228,8.84951302080562,8.936234700711148,1.0,7.774276279973856,8.505373725139373,8.495963716345123,0.7113840483335038,6.952116257650706,8.226798384514519,8.226798384514519,0.0
NO2,480,2021-12-12,6.264094657671212,7.080427308455143,6.934811313768903,1.0,7.7527503521035355,7.234900775577937,7.176210537977617,0.48510872132934446,7.017150003083341,7.303247089423938,7.303247089423938,0.0
NO2,480,2022-01-11,6.562873902637556,7.319687657043442,7.229926544859229,0.8899727021984378,6.740907379165658,7.280950282174217,7.289968297611609,0.6491056546784618,8.093440595503724,7.262570733589844,7.262570733589844,0.0
NO2,480,2022-02-10,8.395700596545284,8.022538061887074,8.011391589705692,0.6240405381282162,9.74701625977252,7.701393287846629,7.6965228719275895,0.31785526642064715,7.750211611491847,7.674182615644661,7.674209393734036,0.020896854774609487
NO2,480,2022-03-12,7.197590244974486,7.630827911075111,7.642576677165023,0.945146078138247,8.15699129245089,7.836396228643169,7.839537943377709,0.13877087857075757,7.206855871908678,7.465624246844963,7.465624246844963,0.0
NO2,480,2022-04-11,6.830001775590331,7.4143963406410105,7.456164408152358,0.8088770155601863,6.595640082654809,6.9277380843599765,6.890854811840878,0.3899816569534496,8.093440595503724,7.216016415549684,7.216016415549684,0.0
NO2,480,2022-05-11,7.008978800178157,7.8857177613753695,8.010556723187374,0.9616216070252632,7.310358764767277,7.741945221044581,7.781272531317273,0.20955922938472799,8.159914086832428,7.783289991479174,7.783289991479174,0.0
NO2,480,2022-06-10,7.7565559772981345,7.605363080092929,7.791584597647118,1.0,6.994830089875532,7.490172511340278,7.512877678722639,0.38532891915702683,6.5792879088927,7.245980589603516,7.245980589603516,0.0
NO2,480,2022-07-10,5.785937036225244,6.410535284675702,6.423273633731085,0.656998309701176,7.029009164902778,6.818747245226818,6.831051254923437,0.25948044822181743,8.077426293968285,6.904569009436534,6.904569009436534,0.0
NO2,480,2022-08-09,8.503912157328378,8.171375886895712,8.118199327294857,1.0,6.1369538739044565,7.9655969680806304,8.066837097208708,0.6880231049956389,,,,
PM10,0,2022-01-11,2.035800116206301,2.014124439714069,2.014124439714069,0.0,2.160060165068454,2.0484492592926835,2.0411108663321897,1.0,2.0897596353783796,2.0580392198882342,2.0580392198882342,0.0
PM10,0,2022-02-10,2.2869192986529963,2.1411168948287105,2.1411168948287105,0.0,2.493737286186112,2.13389900312325,2.1518164719621597,0.7042365896412096,1.9639873910178034,2.1545855142231187,2.1545855142231187,0.0
PM10,0,2022-03-12,2.0461225393788784,2.0256392136189434,2.026066956722463,0.4396638314308924,2.0963568542370368,2.117284790910039,2.1248634421766157,0.26087920618619814,1.8526561662732188,2.0749431314409885,2.0644466418209517,0.7878392744538415
PM10,0,2022-04-11,1.6831589308015336,1.986533025034856,1.9529625432721078,1.0,1.7281030786339973,2.098845133832267,2.073464164448486,1.0,1.9812030349352991,2.1315287630626094,2.1315287630626094,0.0
PM10,0,2022-05-11,1.9833455559844126,2.0261179107054565,2.02634647793093,1.0,2.107845992380574,2.0405403042540224,2.0390004736732283,0.3928007881444693,2.0478679617500046,2.050505450509042,2.050505450509042,0.0
PM10,0,2022-06-10,2.000598435713269,2.0559265085302085,2.0717061218765576,1.0,2.1074177578334856,2.0386125395427372,2.0405050623793946,0.46812882092285424,1.9995849959340932,2.0200734870679176,2.0200734870679176,0.0
PM10,0,2022-07-10,1.9907342328224316,2.0155382285889076,2.017361606268684,0.6975966080965836,2.061152414826867,2.054637782472977,2.053711991031997,0.6322659250637217,2.0765877718867194,2.041332764441911,2.041332764441911,0.0
PM10,0,2022-08-09,2.1486437909580505,2.077393391663224,2.087136001493528,0.47660464482716286,1.9724883383470697,2.0372419000293553,2.041766794265509,0.20321458100225898,2.1379118177840657,2.0600997208341045,2.0600997208341045,0.0
PM10,0,2022-09-08,2.216635235812697,2.1459558821161218,2.121469150530954,1.0,2.011147043006042,2.1295107856246256,2.135075987714062,0.5326495115867913,2.17692446851476,2.141525928791287,2.1325978224596582,0.8907557942259355
PM10,0,2022-10-08,2.1630205798711306,2.107720248493691,2.113408211871963,1.0,2.193672751473343,2.0636660505470883,2.077092809531965,0.5996612127691315,2.231356546304916,2.030151304470496,2.0351169015237156,0.4687438307243705
PM10,0,2022-11-07,2.1658336474623425,2.23144967108015,2.2213391507514424,1.0,2.275311313895148,2.2418991616733246,2.2383776971478424,0.19290943574377764,1.9419614489122599,2.267991804599484,2.267991804599484,0.0
PM10,0,2022-12-07,2.090819006386732,2.001717199376312,2.0104265783027886,0.7358744860949871,2.048563373439521,2.0756612989194947,2.0756612989194947,0.0,2.1488915242770124,2.0816861186653695,2.0830460576312007,0.525362781050024
PM10,0,2023-01-06,1.8890656097855303,2.1756238187569106,2.17783828993258,0.5645816246698937,1.9201865233931217,2.1984085354057443,2.1984085354057443,0.0,2.042955696046429,2.2121810216640316,2.2121810216640316,0.0
PM10,0,2023-02-05,1.9486774237084459,2.048824379077091,2.050854771705335,0.3759349568690678,2.294805373715896,2.0812720491271337,2.0812720491271337,0.0,2.221537345963242,2.046510421000234,2.046510421000234,0.0
PM10,0,2023-03-07,2.2703743012784465,2.2049498296168033,2.2122558401224715,0.6287805306224393,2.235727810970731,2.163589725121553,2.163589725121553,0.0,1.8155584676259655,2.183979082556915,2.183979082556915,0.0
PM10,0,2023-04-06,1.9839855508078876,1.9419475867680216,1.9363366287524744,0.7139784284529777,1.9831319421436893,2.0183805443455114,2.0183805443455114,0.0,2.0698603619799285,2.0102938371724153,2.0102938371724153,0.0
PM10,0,2023-05-06,1.9928144763110418,2.087067546155717,2.0868198079584963,0.08846337390206659,2.008789180152131,2.041350077338516,2.041350077338516,0.0,1.837883760930296,2.0370909834743327,2.0370909834743327,0.0
PM10,0,2023-06-05,1.9070036288153207,1.905395678774198,1.905395678774198,0.0,2.0839423611621912,1.9984920134644475,1.9991594674731297,0.04900643241881816,2.0480419618405756,1.9940437130412585,1.9942797316478416,0.31212110723933095
PM10,0,2023-07-05,2.0652910060355545,2.0261826034328507,2.0261826034328507,0.0,2.1038247503502836,1.9953760892617183,1.9953760892617183,0.0,2.1055548536144757,2.00031010158618,2.005956460888248,0.785981461591347
PM10,0,2023-08-04,2.1340262667133314,2.0614037689431974,2.0614037689431974,0.0,1.930123183139694,2.018306958080843,2.0184899602298962,0.09820593410768011,1.9460552097724477,2.0158684448103603,2.0241828841744463,0.6312012329118559
PM10,0,2023-09-03,1.94581579391844,1.97522387149831,1.9752561172633714,0.5265568098946246,2.013681730762978,2.0395285491046953,2.03759467535373,0.23111365171533904,1.9991787172548816,2.0234539041482633,2.022933349686131,0.11303866772928148
PM10,0,2023-10-03,2.2359986437832498,2.0453047302527474,2.0776031231504404,1.0,1.8887821782382572,2.081655338805573,2.0822521153482905,0.23628456560157862,2.0535586569312887,2.1073854533009966,2.1098953224229158,0.6859033930819209
PM10,0,2023-11-02,1.884789464872571,2.064622657104673,2.0575777203423766,1.0,2.1054110648712245,2.1231287297568384,2.1325571207961196,0.9519548229350502,2.1807101006168232,2.1262989969288104,2.1251385380874046,0.4332446889738511
PM10,0,2023-12-02,2.2814466385532977,2.0786239684718737,2.092865702733884,1.0,1.9936428117155824,2.0229287941245624,2.032711871931002,1.0,,,,
PM10,120,2021-09-13,2.1971332299243818,2.1649960729353066,2.1698031173676733,0.7384837285193183,2.026804136632675,2.1353371803960384,2.136076698658515,0.15384135495048357,2.1980694760457844,2.1393104539622545,2.1470536559982185,0.28593498128821837
PM10,120,2021-10-13,2.1743341452188343,2.189489247247879,2.2091169015821444,0.7619570618444186,2.258970345815568,2.192686612292924,2.192991297882001,0.6004812866758756,2.2970242305411364,2.193821976231662,2.194150925583436,0.07739304950571758
PM10,120,2021-11-12,2.460414091876322,2.274664181596043,2.274664181596043,0.0,2.2118399964288615,2.2104998827535924,2.2107485469243846,0.31897810889334827,2.0692117916059845,2.2015897076263404,2.2018025980321814,0.15325207669953447
PM10,120,2021-12-12,2.037244492392264,2.104718928719273,2.104718928719273,0.0,2.2274719888515753,2.1508733736223395,2.14868396757006,0.34744702336698713,1.94581579391844,2.1528193937958404,2.1528193937958404,0.0
PM10,120,2022-01-11,2.035800116206301,2.017605924776096,2.018362934186454,0.06116880466473845,2.160060165068454,2.063701238183985,2.055847167242113,1.0,2.0897596353783796,2.074572606969009,2.074572606969009,0.0
PM10,120,2022-02-10,2.2869192986529963,2.1294616913915108,2.1294616913915108,0.0,2.493737286186112,2.1300718084778794,2.151910788345279,0.739881790544231,1.9639873910178034,2.1349608056176956,2.1349608056176956,0.0
PM10,120,2022-03-12,2.0461225393788784,2.0360102418858053,2.03410571826923,0.9038622956351531,2.0963568542370368,2.1147060963710484,2.1261119158161113,0.4263656029581561,1.8526561662732188,2.0976128906066105,2.087717742868577,0.637828718801325
PM10,120,2022-04-11,1.6831589308015336,1.9885911568690395,1.9590416642964963,1.0,1.7281030786339973,2.114963018669823,2.0861056889978022,1.0,1.9812030349352991,2.138963058982894,2.1369567034839454,0.12822620341148996
PM10,120,2022-05-11,1.9833455559844126,2.025801976915436,2.024168060374912,1.0,2.107845992380574,2.0495417454248703,2.0463783987403836,0.5430035208741422,2.0478679617500046,2.053174174873498,2.053174174873498,0.0
PM10,120,2022-06-10,2.000598435713269,2.0502468804407656,2.0640910330455546,1.0,2.1074177578334856,2.0367915178272082,2.0390179191210893,0.6026611982210651,1.9995849959340932,2.0307303999854636,2.0307303999854636,0.0
PM10,120,2022-07-10,1.9907342328224316,2.0229423577793963,2.0256413358664864,0.6447869317077206,2.061152414826867,2.0547337422216074,2.0540728780187405,0.6694606205176202,2.0765877718867194,2.0519872722788315,2.0519872722788315,0.0
PM10,120,2022-08-09,2.1486437909580505,2.0728268619471857,2.0839438195152806,0.5448645050912859,1.9724883383470697,2.047738342264569,2.053926399989706,0.2725334163616916,2.1379118177840657,2.0586852040239423,2.0586852040239423,0.0
PM10,120,2022-09-08,2.216635235812697,2.137545814898929,2.1164621090978626,1.0,2.011147043006042,2.1217302925809896,2.127189241471674,0.5169448724680089,2.17692446851476,2.126820755698371,2.117381973566593,1.0
PM10,120,2022-10-08,2.1630205798711306,2.1170210302442776,2.117153928104347,1.0,2.193672751473343,2.062583987826324,2.075279669600735,0.5630375564866441,2.231356546304916,2.04876739148229,2.0524758976582267,0.3310504915389119
PM10,120,2022-11-07,2.1658336474623425,2.226366837299955,2.223778899653559,1.0,2.275311313895148,2.227924544790897,2.223761293820716,0.29041514342327873,1.9419614489122599,2.24074782241024,2.24074782241024,0.0
PM10,120,2022-12-07,2.090819006386732,2.011095069756743,2.0162443705336024,1.0,2.048563373439521,2.093643499399906,2.093643499399906,0.0,2.1488915242770124,2.0947192333928526,2.095819859745902,0.4625919966501969
PM10,120,2023-01-06,1.8890656097855303,2.1675435804737506,2.1772256212993306,1.0,1.9201865233931217,2.1818806038814347,2.1818806038814347,0.0,2.042955696046429,2.1935123275722206,2.1935123275722206,0.0
PM10,120,2023-02-05,1.9486774237084459,2.062484043403239,2.0634307848843387,0.9895139935766872,2.294805373715896,2.08785070804817,2.08785070804817,0.0,2.221537345963242,2.0711895354222736,2.0711895354222736,0.0
PM10,120,2023-03-07,2.2703743012784465,2.195869749716083,2.2064471193700825,0.6903335500972799,2.235727810970731,2.1641336178228125,2.1641336178228125,0.0,1.8155584676259655,2.172294843232941,2.172294843232941,0.0
PM10,120,2023-04-06,1.9839855508078876,1.941376047049577,1.9377212159861354,0.575592305030375,1.9831319421436893,2.0369006185730076,2.0369006185730076,0.0,2.0698603619799285,2.032966986060207,2.032966986060207,0.0
PM10,120,2023-05-06,1.9928144763110418,2.079679250610938,2.079679250610938,0.0,2.008789180152131,2.0457580102863115,2.0457580102863115,0.0,1.837883760930296,2.0465263937952365,2.0465263937952365,0.0
PM10,120,2023-06-05,1.9070036288153207,1.9113495916536265,1.9113495916536265,0.0,2.0839423611621912,2.0057551744012962,2.0057551744012962,0.0,2.0480419618405756,2.004878983968747,2.0061855998202143,0.34752139754859734
PM10,120,2023-07-05,2.0652910060355545,2.0286999689312304,2.0286999689312304,0.0,2.1038247503502836,1.9998478578915466,1.9998478578915466,0.0,2.1055548536144757,2.0051580713583244,2.0090407669178436,0.5547944533116933
PM10,120,2023-08-04,2.1340262667133314,2.0616852530160723,2.061004225628953,0.07590223577374657,1.930123183139694,2.0196881901193664,2.0196927228963775,0.050183481453367665,,,,
PM10,240,2021-05-16,2.0068108119088435,2.045584782786054,2.045584782786054,0.0,1.943412078999865,2.0946316836991548,2.104517529138567,0.3245028343321791,1.9248092024605106,2.0875862226443225,2.0834155932278455,0.2560805929565493
PM10,240,2021-06-15,1.9429292393433024,1.9806066867275787,1.9806066867275787,0.0,2.0809908457608155,2.0327439656221533,2.03546151095331,0.11299200470326273,2.262256807180018,2.0285025731234856,2.0285025731234856,0.0
PM10,240,2021-07-15,2.2913307553563786,2.213171354835676,2.2151307049686193,0.28285047037697764,2.190702063204113,2.1565340101064834,2.1574970665658437,0.034740671953566546,2.126897819664539,2.1627886052125813,2.1570545133383145,1.0
PM10,240,2021-08-14,2.083478256574382,2.146969254273926,2.1579171248801337,0.975716677404923,2.1153104311482105,2.182032167835946,2.1892732114350406,0.24045686852984913,2.2123332175713584,2.174648901686191,2.172858020558539,0.2885794639024137
PM10,240,2021-09-13,2.1971332299243818,2.1649614613036205,2.168470972949332,0.532401219521921,2.026804136632675,2.130011343882075,2.1303262138297603,0.08698531208979725,2.1980694760457844,2.1409794926196533,2.1466568950881,0.2484478144051984
PM10,240,2021-10-13,2.1743341452188343,2.192266641790393,2.205897046260683,0.5825030905681376,2.258970345815568,2.200723874330162,2.199929949777009,0.5211688866940114,2.2970242305411364,2.2026236835104704,2.2026425783256824,0.005285225463726063
PM10,240,2021-11-12,2.460414091876322,2.2785414964186668,2.2785414964186668,0.0,2.2118399964288615,2.2146581275920214,2.214945007145442,0.25831206361733877,2.0692117916059845,2.2073701422455443,2.207547998957448,0.09887393435966665
PM10,240,2021-12-12,2.037244492392264,2.097928745033012,2.097928745033012,0.0,2.2274719888515753,2.145703052169752,2.14392133788836,0.36326595974540327,1.94581579391844,2.1471827047224132,2.1471827047224132,0.0
PM10,240,2022-01-11,2.035800116206301,2.0143375599833817,2.014365572105603,0.002129993203443309,2.160060165068454,2.0551776788308156,2.047573068341007,1.0,2.0897596353783796,2.063657993692441,2.063657993692441,0.0
PM10,240,2022-02-10,2.2869192986529963,2.135109698836427,2.135109698836427,0.0,2.493737286186112,2.1319324975102463,2.1522467591657546,0.7388317373755808,1.9639873910178034,2.1493106255743046,2.1493106255743046,0.0
PM10,240,2022-03-12,2.0461225393788784,2.028049934325021,2.0285154533718632,0.7890156359103236,2.0963568542370368,2.118264032011714,2.1277567368468446,0.3376883360580577,1.8526561662732188,2.082650026826711,2.070542825132913,0.8291129389919896
PM10,240,2022-04-11,1.6831589308015336,1.9876858496333454,1.956475012896299,1.0,1.7281030786339973,2.1048612155593185,2.0785322400057664,1.0,1.9812030349352991,2.132872737918011,2.132370533597896,0.03174986550467842
PM10,240,2022-05-11,1.9833455559844126,2.0257199782766775,2.0257274570676755,1.0,2.107845992380574,2.0437624571406316,2.041895983263721,0.43485984081061946,2.0478679617500046,2.0524870025109903,2.0524870025109903,0.0
PM10,240,2022-06-10,2.000598435713269,2.054070233350583,2.0693397507932065,1.0,2.1074177578334856,2.038691541010713,2.0408606692386395,0.5065145076096698,1.9995849959340932,2.02294288066419,2.02294288066419,0.0
PM10,240,2022-07-10,1.9907342328224316,2.0162120359207156,2.018835823216946,0.6757898499782768,2.061152414826867,2.0540848480305383,2.0532200907777,0.634615963651558,2.0765877718867194,2.0427259787464553,2.0427259787464553,0.0
PM10,240,2022-08-09,2.1486437909580505,2.0758801788223127,2.0856487233053294,0.4860269161902102,1.9724883383470697,2.039980731797104,2.0450285312810514,0.23004726714788468,2.1379118177840657,2.0594583184607873,2.0594583184607873,0.0
PM10,240,2022-09-08,2.216635235812697,2.1426338805097718,2.1205579631431557,0.9690394277302875,2.011147043006042,2.1271247552296693,2.1325181416762127,0.5073292843391701,2.17692446851476,2.1371080180693665,2.1277650943799973,0.9746620797680475
PM10,240,2022-10-08,2.1630205798711306,2.10956202679457,2.113444538827003,1.0,2.193672751473343,2.0638345569317953,2.0760833070086546,0.5510750397715017,2.231356546304916,2.0352781310178836,2.0404102610642756,0.48778315394687066
PM10,240,2022-11-07,2.1658336474623425,2.2290180516057707,2.2215053202786654,1.0,2.275311313895148,2.2357176250247495,2.2330623085620744,0.15939171630856155,1.9419614489122599,2.2573520349541605,2.2573520349541605,0.0
PM10,240,2022-12-07,2.090819006386732,2.00710485487622,2.013342363697073,0.663767827522961,2.048563373439521,2.0828807446075785,2.0828807446075785,0.0,2.1488915242770124,2.088746785529442,2.0901552472128477,0.49684727059585926
PM10,240,2023-01-06,1.8890656097855303,2.173460581710393,2.1769336350745925,0.5961445513372374,1.9201865233931217,2.19401193210405,2.19401193210405,0.0,2.042955696046429,2.2051182793087674,2.2051182793087674,0.0
PM10,240,2023-02-05,1.9486774237084459,2.051845811322869,2.053569963463499,0.383155853442447,2.294805373715896,2.0840031653068807,2.0840031653068807,0.0,2.221537345963242,2.0549143409188804,2.0549143409188804,0.0
PM10,240,2023-03-07,2.2703743012784465,2.203291909739487,2.20938040355917,0.5162366202671128,2.235727810970731,2.162992631661374,2.162992631661374,0.0,1.8155584676259655,2.180258646083125,2.180258646083125,0.0
PM10,240,2023-04-06,1.9839855508078876,1.940250603635108,1.9376318347165808,0.5691955222039867,1.9831319421436893,2.02529926936303,2.02529926936303,0.0,,,,
PM10,360,2021-01-16,2.0621508129606583,2.1165384011530093,2.1165384011530093,0.0,2.426758701843186,2.078108124911711,2.0780553390395005,0.005464715334568273,1.9993819212233566,2.0519100002945105,2.0519100002945105,0.0
PM10,360,2021-02-15,2.092626367786705,2.05376361472668,2.0507505240294908,0.1920630639579142,2.219145495926383,2.05697703684976,2.0578632597040856,0.04479526971543284,2.0441911054524686,2.0810414122784144,2.0810414122784144,0.0
PM10,360,2021-03-17,1.7958369121743323,2.088156394403294,2.088156394403294,0.0,1.8836401517569228,2.137623677524445,2.1446367592882227,0.23539746473553175,1.821786238129181,2.1549148202230763,2.1549148202230763,0.0
PM10,360,2021-04-16,1.9383069368692056,1.9381927408271737,1.9404397652241079,0.1411883645837594,2.21673221748263,2.0480251546329775,2.0240649124628356,0.43472394672813297,2.0158107017839875,2.0456623591175163,2.0456623591175163,0.0
PM10,360,2021-05-16,2.0068108119088435,2.0497647910852868,2.0497647910852868,0.0,1.943412078999865,2.0945216295878826,2.108299668352196,0.39748466457296144,1.9248092024605106,2.0880572603283096,2.082914576912172,0.30233145390947114
PM10,360,2021-06-15,1.9429292393433024,1.981106838940119,1.981106838940119,0.0,2.0809908457608155,2.0294570924785558,2.0324443585507277,0.126133725227648,2.262256807180018,2.025364847187651,2.025364847187651,0.0
PM10,360,2021-07-15,2.2913307553563786,2.2154308781648706,2.2177312621356147,0.4551905035379888,2.190702063204113,2.170975524442671,2.1722958931391587,0.05318937291895657,2.126897819664539,2.176596853656524,2.1697684644614106,1.0
PM10,360,2021-08-14,2.083478256574382,2.1463802751649834,2.160829831186556,1.0,2.1153104311482105,2.179262836490739,2.1847907861307774,0.1804287910896336,2.2123332175713584,2.173708357424854,2.1703247617177954,0.4155066965788507
PM10,360,2021-09-13,2.1971332299243818,2.158766720363874,2.1625777733401996,0.36400731027833355,2.026804136632675,2.1288230118232216,2.128910013033345,0.04859630907053003,2.1980694760457844,2.1387013143824296,2.1426902895351874,0.20336198483893433
PM10,360,2021-10-13,2.1743341452188343,2.197107244454878,2.2042494368288548,0.38308809379627257,2.258970345815568,2.209528532020965,2.20724987288071,0.4681870068100361,2.2970242305411364,2.2125108124354815,2.2125108124354815,0.0
PM10,360,2021-11-12,2.460414091876322,2.282108737336412,2.282108737336412,0.0,2.2118399964288615,2.2203285700022515,2.220784291365697,0.23012239676909,2.0692117916059845,2.2118830530036133,2.2118830530036133,0.0
PM10,360,2021-12-12,2.037244492392264,2.0947000564303417,2.0947000564303417,0.0,2.2274719888515753,2.134018391213051,2.133792990200776,0.413761818328155,1.94581579391844,2.1350274685157107,2.1350274685157107,0.0
PM10,360,2022-01-11,2.035800116206301,2.0108719269126736,2.0108719269126736,0.0,2.160060165068454,2.039325689651048,2.03437757526419,1.0,2.0897596353783796,2.048244180899301,2.048244180899301,0.0
PM10,360,2022-02-10,2.2869192986529963,2.1430169151789036,2.1430169151789036,0.0,2.493737286186112,2.1381833188020423,2.1548736619053765,0.6662102865351234,1.9639873910178034,2.155453911804954,2.155453911804954,0.0
PM10,360,2022-03-12,2.0461225393788784,2.0279118673464134,2.02898860369463,0.3002390722515931,2.0963568542370368,2.106179545288342,2.1113232910186386,0.1709789958272104,1.8526561662732188,2.068518022648239,2.059155582657451,0.7747673627046553
PM10,360,2022-04-11,1.6831589308015336,1.9904805193143789,1.9554320947986703,1.0,1.7281030786339973,2.093149675392859,2.0701528832719163,1.0,1.9812030349352991,2.1239731352388973,2.1239731352388973,0.0
PM10,360,2022-05-11,1.9833455559844126,2.0258256960089063,2.0275216473833906,1.0,2.107845992380574,2.0369457183991817,2.0357165159738217,0.32129894330991554,2.0478679617500046,2.0443864644014917,2.0443864644014917,0.0
PM10,360,2022-06-10,2.000598435713269,2.0530680122899025,2.069744972658768,1.0,2.1074177578334856,2.0360089620133595,2.03776627071117,0.4152683516638797,1.9995849959340932,2.0201391381118197,2.0201391381118197,0.0
PM10,360,2022-07-10,1.9907342328224316,2.0215054020801926,2.0222697849209217,0.8837956884793743,2.061152414826867,2.058584949864179,2.0571438381673786,0.6251521259052232,2.0765877718867194,2.0484475964926854,2.0484475964926854,0.0
PM10,360,2022-08-09,2.1486437909580505,2.0752252940319105,2.086864661702232,0.5313039153622896,1.9724883383470697,2.0396658921789146,2.0439901648268823,0.1921134711230049,2.1379118177840657,2.059692650630162,2.059692650630162,0.0
PM10,360,2022-09-08,2.216635235812697,2.14513690028169,2.118860550145511,1.0,2.011147043006042,2.130841758111876,2.1375285783910036,0.5832181528805946,2.17692446851476,2.141256123904027,2.131101079623716,0.9322289709501472
PM10,360,2022-10-08,2.1630205798711306,2.1038658301247057,2.1121858713301243,1.0,2.193672751473343,2.058341286842956,2.073038775111756,0.6452632881080858,2.231356546304916,2.030202869622011,2.035499220042923,0.5949469479764967
PM10,360,2022-11-07,2.1658336474623425,2.2409690038561627,2.223417774201296,1.0,2.275311313895148,2.2575680117821464,2.252948579904687,0.21237992250861923,1.9419614489122599,2.2824998848751306,2.2824998848751306,0.0
PM10,360,2022-12-07,2.090819006386732,1.9970898990887562,2.0052976959635025,0.39075527441484154,2.048563373439521,2.0592700012552148,2.0592700012552148,0.0,,,,
PM10,480,2020-09-18,2.3700440030807117,2.2366081838584426,,,2.3058463454934244,2.196820550808039,,,2.0742022686080506,2.2047773313464405,,
PM10,480,2020-10-18,2.0842513659168755,2.0673518148037813,,,2.3777801921059125,2.103113971209121,,,2.342004144631838,2.1046779166645795,,
PM10,480,2020-11-17,2.44580750580439,2.275332497708217,2.275332497708217,0.0,2.1300877054188065,2.225035249080391,,,2.170689827237885,2.210435540637211,,
PM10,480,2020-12-17,2.1623129056140304,2.1196433294072405,2.1196433294072405,0.0,2.1129367815444153,2.087910859542037,2.0884195037814064,0.03726653267558684,2.17602620950866,2.0971655342233873,2.0971655342233873,0.0
PM10,480,2021-01-16,2.0621508129606583,2.1089877139725544,2.1092236783221257,0.0592814556028139,2.426758701843186,2.070967541176748,2.0704591832418426,0.06937044345520538,1.9993819212233566,2.0449580823624514,2.0449580823624514,0.0
PM10,480,2021-02-15,2.092626367786705,2.0498020086299147,2.044585047174678,0.33762967544540473,2.219145495926383,2.0496768246098167,2.0528822178315367,0.14494717003014296,2.0441911054524686,2.0718598638137227,2.0718598638137227,0.0
PM10,480,2021-03-17,1.7958369121743323,2.090647629063107,2.0931457864181935,0.1400455102623033,1.8836401517569228,2.1345109775160025,2.1433489861961497,0.30785746005815595,1.821786238129181,2.1515850019128355,2.1515850019128355,0.0
PM10,480,2021-04-16,1.9383069368692056,1.94425724198204,1.949131333039076,0.33145045640414167,2.21673221748263,2.0436811560099764,2.018018920000844,0.4646312889673596,2.0158107017839875,2.041326355063603,2.041326355063603,0.0
PM10,480,2021-05-16,2.0068108119088435,2.0517977717017013,2.0517977717017013,0.0,1.943412078999865,2.092517041244051,2.1092646303838416,0.44001179048655686,1.9248092024605106,2.086527969419374,2.081072686510242,0.30834308544357475
PM10,480,2021-06-15,1.9429292393433024,1.9836761449800735,1.9836761449800735,0.0,2.0809908457608155,2.028208484973525,2.031559224367301,0.15189904417035785,2.262256807180018,2.0244118654720027,2.0242091955259918,0.06300281977383
PM10,480,2021-07-15,2.2913307553563786,2.216937990379511,2.2183849034144996,0.5917965111393698,2.190702063204113,2.180112485401773,2.181365927310489,0.055560457645181444,2.126897819664539,2.18571309218124,2.1787773965770345,1.0
PM10,480,2021-08-14,2.083478256574382,2.1448410237104842,2.1605642532339955,0.8873318467916721,2.1153104311482105,2.1732943634933792,2.177493164460242,0.13546055906708204,2.2123332175713584,2.168129588548715,2.1630007254500634,0.5163489348417147
PM10,480,2021-09-13,2.1971332299243818,2.157018433864683,2.159564286384203,0.24443804040721112,2.026804136632675,2.130390584102128,2.1303244699490875,0.04996067335475899,2.1980694760457844,2.1395066888576846,2.14206287060058,0.14668387261369004
PM10,480,2021-10-13,2.1743341452188343,2.20208773211696,2.2045447645529186,0.17340116637126474,2.258970345815568,2.2166386087679637,2.2136735408384247,0.4566753316900811,2.2970242305411364,2.2202662394233363,2.2202662394233363,0.0
PM10,480,2021-11-12,2.460414091876322,2.2792617032602522,2.2792617032602522,0.0,2.2118399964288615,2.2223879017115,2.2233552266883874,0.2618249663561027,2.0692117916059845,2.2140867279580343,2.2140867279580343,0.0
PM10,480,2021-12-12,2.037244492392264,2.091523334594224,2.091523334594224,0.0,2.2274719888515753,2.1239343606131937,2.1248262644028797,0.4874112117769368,1.94581579391844,2.1240138817031116,2.1240138817031116,0.0
PM10,480,2022-01-11,2.035800116206301,2.0069677768293848,2.0069677768293848,0.0,2.160060165068454,2.028901576042084,2.0262505304097,1.0,2.0897596353783796,2.0367989551218653,2.0367989551218653,0.0
PM10,480,2022-02-10,2.2869192986529963,2.1466061856060477,2.1466061856060477,0.0,2.493737286186112,2.1433209365222345,2.1588246763549477,0.6314105399830883,1.9639873910178034,2.159775399515923,2.159775399515923,0.0
PM10,480,2022-03-12,2.0461225393788784,2.0261117725685907,2.0280832598678113,0.24960201479729055,2.0963568542370368,2.0930941594417374,2.095922393939954,0.09065421552826798,1.8526561662732188,2.056379673659839,2.049088015682426,0.6425092764112806
PM10,480,2022-04-11,1.6831589308015336,1.9912635800836849,1.955704375098596,1.0,1.7281030786339973,2.0815500521563046,2.063270624007989,0.9501663235798541,1.9812030349352991,2.1106213581344617,2.1106213581344617,0.0
PM10,480,2022-05-11,1.9833455559844126,2.025823420602651,2.0283942550055785,1.0,2.107845992380574,2.034131532532895,2.03346574170054,0.19747509787855125,2.0478679617500046,2.0406083416277516,2.0406083416277516,0.0
PM10,480,2022-06-10,2.000598435713269,2.0516918520968823,2.069034257052274,1.0,2.1074177578334856,2.0350505078019516,2.036265331255009,0.32273721791598214,1.9995849959340932,2.0201681713223083,2.0201681713223083,0.0
PM10,480,2022-07-10,1.9907342328224316,2.026166057640637,2.024978311701053,1.0,2.061152414826867,2.0621572725102477,2.0604754487521495,0.5692424829628681,2.0765877718867194,2.0533461552711554,2.0533461552711554,0.0
PM10,480,2022-08-09,2.1486437909580505,2.0731239534719306,2.0876972520332613,0.6148028363072032,1.9724883383470697,2.0397799967309194,2.0435363207586117,0.16758881122880165,,,,
PM25,0,2022-01-11,1.486043801159876,1.4725286122941477,1.4725286122941477,0.0,1.5463802165068705,1.4859107704523187,1.4675156704767691,0.8427333886651693,1.4747643213685016,1.4862717066522746,1.484642437404828,0.6220767865476069
PM25,0,2022-02-10,1.6021006574556473,1.507051946635972,1.507051946635972,0.0,1.6931961950980228,1.524783601427364,1.5231279671385154,0.34959681267612963,1.45112830038359,1.5251659586678106,1.5188904293408643,0.46208752767810835
PM25,0,2022-03-12,1.4899524146928862,1.4795598362080253,1.4795598362080253,0.0,1.4937541096245024,1.5051774873663404,1.5051774873663404,0.0,1.3266058448775329,1.5055650373794116,1.5047608997250281,0.05408422663205151
PM25,0,2022-04-11,1.2780143102368318,1.4091695624954577,1.3904463456073695,1.0,1.4044407884990031,1.465363516779084,1.463997851005157,0.2000819361350752,1.3684600776105063,1.4663327336074377,1.4573539943330889,0.47755060589557546
PM25,0,2022-05-11,1.3713566298903974,1.4059732599185395,1.4073637169288102,1.0,1.449191973729008,1.417367992711952,1.4113842015468545,0.651194562651129,1.4319266942001012,1.4177608712457803,1.4115970090890646,0.7816764972480758
PM25,0,2022-06-10,1.4199366573050316,1.4274256090204471,1.4268600348681526,1.0,1.468708163966802,1.421508735179226,1.4139342471071534,0.9483206651563665,1.4204768699803956,1.421443704955873,1.4175051017749094,0.7834615597677913
PM25,0,2022-07-10,1.426303543165646,1.4314949140306326,1.4266201472441005,1.0,1.432928132322783,1.4375635602040489,1.4424037721577612,1.0,1.4134989595854557,1.4376949031823636,1.4325218634201307,0.653808747637166
PM25,0,2022-08-09,1.4485912143604445,1.4148398731309997,1.425146472385041,1.0,1.4488918885631659,1.4203014578220174,1.4266387219038015,1.0,1.4676517926007628,1.4203357179812444,1.4224295249922494,0.5526792502771902
PM25,0,2022-09-08,1.5230628725580182,1.4593190630606792,1.4597493244448474,0.0686026706917083,1.371595921773682,1.4517804902136415,1.4534531729359534,0.11923798424113155,1.4813016573916815,1.4516706264469963,1.451963945602853,0.19060521532000993
PM25,0,2022-10-08,1.4598977750329798,1.4441061028886153,1.4441061028886153,0.0,1.4980962321399005,1.415662436401932,1.415662436401932,0.0,1.5165341101630527,1.4151957123066714,1.4151957123066714,0.0
PM25,0,2022-11-07,1.4736240365951496,1.5256007030504628,1.5256007030504628,0.0,1.6084100631201108,1.5398200690304054,1.5398200690304054,0.0,1.4184872916238769,1.5399914543347497,1.5362251035304826,0.5257656571706756
PM25,0,2022-12-07,1.4858104464327762,1.449565805754682,1.449565805754682,0.0,1.4950712560897952,1.4853096220389632,1.4853096220389632,0.0,1.5590014932765919,1.4857538178009626,1.4879847119110123,0.3957075842035703
PM25,0,2023-01-06,1.384952753880765,1.5655237510640827,1.5655237510640827,0.0,1.4487416252109044,1.5755629350066138,1.5755629350066138,0.0,1.506685709124831,1.5756791837134627,1.5742375605563865,0.17739986300630525
PM25,0,2023-02-05,1.4054280571996491,1.5063876418611277,1.506215917185735,0.6209846040875,1.627143112320542,1.4961992283161345,1.4961992283161345,0.0,1.559983156204915,1.4961340484496843,1.4961340484496843,0.0
PM25,0,2023-03-07,1.603107854799259,1.5490779141122193,1.5452274633398722,0.8472532056122979,1.5698391452992015,1.5491847080531191,1.5470576748477256,0.11402353223281608,1.393183996638038,1.5490651613353705,1.5490651613353705,0.0
PM25,0,2023-04-06,1.4594782357163913,1.4422758153836792,1.4400744763816355,0.6491995723643462,1.4340885444548208,1.4522650833836703,1.4524353037266107,0.27551549297728967,1.4587763774324811,1.4527147792359834,1.4527147792359834,0.0
PM25,0,2023-05-06,1.4042426385367648,1.4574876471039095,1.4530965573514865,0.40409350230169067,1.4206565438560534,1.4439493783118185,1.4406659975857565,0.21597782832320217,1.2685478762295495,1.4438512838758353,1.4438512838758353,0.0
PM25,0,2023-06-05,1.3360967278896545,1.3372061500459542,1.3298508536931313,0.4648897985336514,1.442451018331973,1.4077897379920723,1.4040449273154547,0.5287768969813259,1.4579297829252615,1.4087580524007248,1.4071292600500902,0.15692523692530677
PM25,0,2023-07-05,1.4340885444548208,1.4388149889369102,1.4398881871277334,0.3038233148294406,1.4750164992313541,1.4283437426720145,1.429646790325713,0.503409527648133,1.475142422930009,1.4281203879169366,1.4331772541852354,0.9170579963990656
PM25,0,2023-08-04,1.4898390055937112,1.4553304043326918,1.4553288805705453,0.4601635949244178,1.3845085781474984,1.436950350105859,1.4361930269469732,0.22613463454642302,1.3873757774861213,1.4366610512314393,1.4369958815660095,0.053841245525159676
PM25,0,2023-09-03,1.4042426385367648,1.4119684483138486,1.4138010323452919,0.9740120951231623,1.3967432772263064,1.4361262718504988,1.4369749768442264,0.3434874365801316,1.3758494904019196,1.4364781215151496,1.4372266080713154,0.18250999045043015
PM25,0,2023-10-03,1.5450554418332092,1.3926020596961575,1.4045985534723033,0.6519588842315596,1.3040971345849757,1.4279755080030248,1.428634009960471,0.31440067034706093,1.4619779540530191,1.4283143701025331,1.4291552645775163,0.06469477552614432
PM25,0,2023-11-02,1.3615160291180508,1.4496797926431892,1.4623377321306503,1.0,1.5200210968074948,1.4625733639845429,1.4709363909108846,0.5890357915328429,1.5719100917661826,1.4625612666124046,1.4640481087381636,0.30783566861547945
PM25,0,2023-12-02,1.6154195198148185,1.517202764899675,1.527547570502152,1.0,1.488126687518597,1.4763855749875139,1.47736962936328,0.8949280098988412,,,,
PM25,120,2021-09-13,1.4788697137997888,1.480591590908389,1.480591590908389,0.0,1.3412368152463554,1.4499152495026357,1.4499152495026357,0.0,1.5545119118748696,1.4510252098032668,1.4530016818049978,0.1425067714463957
PM25,120,2021-10-13,1.5560053535249954,1.5188623000866115,1.5188623000866115,0.0,1.5543067693939974,1.4812624680341904,1.4818749050224895,0.288238198051629,1.5900590486693391,1.4823385028955374,1.4823385028955374,0.0
PM25,120,2021-11-12,1.6686243324412877,1.5785225020068583,1.5781226605818375,0.21690270206243006,1.5433411027801816,1.5484389283174993,1.5627905548120473,1.0,1.4657846494359792,1.5490240666954818,1.547653004119091,1.0
PM25,120,2021-12-12,1.3867182767200665,1.4897994623581166,1.4897994623581166,0.0,1.5776769025868556,1.5195472588455459,1.5300221247718793,0.9818907081379854,1.4368717313595831,1.518811237085948,1.5207889204643845,1.0
PM25,120,2022-01-11,1.486043801159876,1.470916218101948,1.4714333973958194,0.17953179609644238,1.5463802165068705,1.486642734539535,1.4688044753448117,0.8207425169465705,1.4747643213685016,1.4859034484165967,1.4842231665591494,0.605542297545954
PM25,120,2022-02-10,1.6021006574556473,1.5049932400369095,1.502487743851251,0.627924051327522,1.6931961950980228,1.5258410533551727,1.524189892775531,0.3525292257997625,1.45112830038359,1.52488057989206,1.519133477788204,0.41959151600657896
PM25,120,2022-03-12,1.4899524146928862,1.4783315517872997,1.4783315517872997,0.0,1.4937541096245024,1.506275499496127,1.506275499496127,0.0,1.3266058448775329,1.5053204117180627,1.5033152338956,0.1387174347397847
PM25,120,2022-04-11,1.2780143102368318,1.4058769371862594,1.3904810185078547,1.0,1.4044407884990031,1.4674036959870136,1.4660759756113095,0.18403432170954007,1.3684600776105063,1.4655041465272476,1.4566212476941451,0.4716569815620872
PM25,120,2022-05-11,1.3713566298903974,1.405075336404684,1.4075832150248047,1.0,1.449191973729008,1.4189465097179426,1.4134106620363933,0.6372931756525972,1.4319266942001012,1.417982764706362,1.4118362461572593,0.8093352777067561
PM25,120,2022-06-10,1.4199366573050316,1.4274920841909065,1.4264743822069046,1.0,1.468708163966802,1.421349604074304,1.4138796502111524,0.9104179346292768,1.4204768699803956,1.421462829664602,1.4177564103055489,0.8078459640861636
PM25,120,2022-07-10,1.426303543165646,1.4307782415697712,1.4263573092368274,1.0,1.432928132322783,1.4380716216924356,1.442850832208215,1.0,1.4134989595854557,1.437711346780008,1.432685319397108,0.6564835133088021
PM25,120,2022-08-09,1.4485912143604445,1.4161554458608392,1.425430861595609,1.0,1.4488918885631659,1.4203919380746204,1.4267175746496803,1.0,1.4676517926007628,1.4203918599502527,1.422717384393706,0.581146804753035
PM25,120,2022-09-08,1.5230628725580182,1.4598851414951672,1.460519675492435,0.10806963832130911,1.371595921773682,1.451917491582251,1.4535193536296167,0.1121271771367268,1.4813016573916815,1.4521281891159459,1.4525071897124722,0.23023775792410803
PM25,120,2022-10-08,1.4598977750329798,1.4438416958531144,1.4438416958531144,0.0,1.4980962321399005,1.4146891177235115,1.4146891177235115,0.0,1.5165341101630527,1.4157167071132843,1.4157167071132843,0.0
PM25,120,2022-11-07,1.4736240365951496,1.525742996293236,1.525742996293236,0.0,1.6084100631201108,1.54092448053367,1.54092448053367,0.0,1.4184872916238769,1.540332492180361,1.5365058656934656,0.5324895323578621
PM25,120,2022-12-07,1.4858104464327762,1.4484981393684193,1.4484981393684193,0.0,1.4950712560897952,1.486467235530267,1.486467235530267,0.0,1.5590014932765919,1.485542809022091,1.4879137171241188,0.40476157118353695
PM25,120,2023-01-06,1.384952753880765,1.5656191352536748,1.5656191352536748,0.0,1.4487416252109044,1.5760188724758395,1.5760188724758395,0.0,1.506685709124831,1.5756885809795753,1.5741486419985409,0.18781453095406372
PM25,120,2023-02-05,1.4054280571996491,1.5045109336513098,1.5050071763290722,0.5698655994726333,1.627143112320542,1.4953200471729535,1.4953360540791356,0.0033765652867116572,1.559983156204915,1.4955387345733948,1.4955387345733948,0.0
PM25,120,2023-03-07,1.603107854799259,1.548951975033539,1.5460309019739424,0.583593186297669,1.5698391452992015,1.548167810588354,1.5460727536687153,0.11061094774018575,1.393183996638038,1.548701289339329,1.548701289339329,0.0
PM25,120,2023-04-06,1.4594782357163913,1.439292234057174,1.4388492612452572,0.4684853845521485,1.4340885444548208,1.452696658312703,1.4528519533155126,0.25132313815828666,1.4587763774324811,1.4519153484673764,1.4519153484673764,0.0
PM25,120,2023-05-06,1.4042426385367648,1.4560218054420015,1.453682000979088,0.2485277760575928,1.4206565438560534,1.4432224208564481,1.4399661843930662,0.21021131848550575,1.2685478762295495,1.443571704796627,1.443571704796627,0.0
PM25,120,2023-06-05,1.3360967278896545,1.336935044671394,1.3317611886931282,0.3341462435135715,1.442451018331973,1.4104468929434548,1.406826213333817,0.526969081075407,1.4579297829252615,1.4081520917859673,1.4061445909891055,0.18427760120142336
PM25,120,2023-07-05,1.4340885444548208,1.4394134682574309,1.4407249791540533,0.40872545220247564,1.4750164992313541,1.4277678766710373,1.429042045806091,0.5154947600348954,1.475142422930009,1.4283205225344615,1.4336080111495006,0.9364844212316489
PM25,120,2023-08-04,1.4898390055937112,1.4558065492059116,1.4554586505782017,0.6671247095876666,1.3845085781474984,1.4358059789995796,1.4351182006440628,0.22876162100643857,,,,
PM25,240,2021-05-16,1.4332605463060726,1.44051256185495,1.439368178104617,0.23843280626282337,1.3756158148673485,1.4645742372028991,1.4644006457913128,0.2695371010256876,1.2795519715388317,1.463500520384635,1.4625505397425977,0.11362006658794549
PM25,240,2021-06-15,1.2681442282930877,1.3354567509447939,1.3353594377120137,0.3266980697500616,1.424910162659891,1.3923986530912695,1.3908794817076948,0.15507379344503308,1.5001113088351776,1.3904271395770857,1.389456607639487,0.17209341564539826
PM25,240,2021-07-15,1.4880117817934024,1.471693119535067,1.4707217396787275,0.3003749551776161,1.5275788606814098,1.4503392017273136,1.4503392017273136,0.0,1.4473825887483411,1.4511948329591131,1.4506455065107045,0.6523867086078318
PM25,240,2021-08-14,1.426476871553294,1.4687204987535678,1.4740919709474867,1.0,1.4701483298835283,1.4895775294830715,1.4895775294830715,0.0,1.5202924108756681,1.4888202965106256,1.4888202965106256,0.0
PM25,240,2021-09-13,1.4788697137997888,1.48078684708153,1.48078684708153,0.0,1.3412368152463554,1.450009875337366,1.450009875337366,0.0,1.5545119118748696,1.4512143950377518,1.4554042689468285,0.26722072856904666
PM25,240,2021-10-13,1.5560053535249954,1.5169545986271311,1.5169545986271311,0.0,1.5543067693939974,1.4782626306756341,1.4788539936024254,0.20099222823838636,1.5900590486693391,1.4795592853697759,1.479585465465783,0.011500229638545129
PM25,240,2021-11-12,1.6686243324412877,1.5761932864769834,1.5758516167084722,0.2788972544653247,1.5433411027801816,1.5454062600504603,1.559729752359433,1.0,1.4657846494359792,1.5461652441774412,1.544909678542833,1.0
PM25,240,2021-12-12,1.3867182767200665,1.4914888100084076,1.4914888100084076,0.0,1.5776769025868556,1.5223369723716158,1.5321768975545447,0.9275056621055967,1.4368717313595831,1.5213778091998806,1.5239009545820683,1.0
PM25,240,2022-01-11,1.486043801159876,1.4726639836787407,1.472898626748582,0.17326693237572896,1.5463802165068705,1.4899546132312598,1.4711250910323592,0.8260003641237511,1.4747643213685016,1.489072413274259,1.487440054288012,0.7358798692619707
PM25,240,2022-02-10,1.6021006574556473,1.5047218307017112,1.503357333905931,0.4212358200045904,1.6931961950980228,1.5252506578899314,1.5231930781476781,0.4047107618021195,1.45112830038359,1.5243515255689442,1.5158800356178417,0.5749079074946573
PM25,240,2022-03-12,1.4899524146928862,1.4802518621764298,1.4802518621764298,0.0,1.4937541096245024,1.5091899629227514,1.5091899629227514,0.0,1.3266058448775329,1.5081726498694734,1.5041806182100912,0.2534619536015198
PM25,240,2022-04-11,1.2780143102368318,1.4101902330688394,1.3921106086298365,1.0,1.4044407884990031,1.4744962243757826,1.4726308431051525,0.19969633742024007,1.3684600776105063,1.4720262879404087,1.4627084766747842,0.4733890902643779
PM25,240,2022-05-11,1.3713566298903974,1.4080716408380691,1.4078211948508885,1.0,1.449191973729008,1.423775874540997,1.4164315362614373,0.661828508500761,1.4319266942001012,1.4228002968710216,1.417198186909382,0.8017774528938304
PM25,240,2022-06-10,1.4199366573050316,1.4271538335345497,1.426486608881603,1.0,1.468708163966802,1.4207913542760178,1.4131217084658108,0.9204048058141401,1.4204768699803956,1.4209721072422614,1.417219415400645,0.8020979146753632
PM25,240,2022-07-10,1.426303543165646,1.4303143678413122,1.4261760487991935,1.0,1.432928132322783,1.4372257855954893,1.4421679943540195,1.0,1.4134989595854557,1.4369251074822724,1.4316240780592022,0.6613612486965854
PM25,240,2022-08-09,1.4485912143604445,1.4165457841703757,1.4254123521252504,1.0,1.4488918885631659,1.4210888234924337,1.4274766257918055,1.0,1.4676517926007628,1.420974865646015,1.4240754696289795,0.6453787920717903
PM25,240,2022-09-08,1.5230628725580182,1.4593003368113016,1.4603638446159786,0.1727889932633067,1.371595921773682,1.4511502722305796,1.4536223478518946,0.17328018100420134,1.4813016573916815,1.4514313237105991,1.4521115380668168,0.27769954603895436
PM25,240,2022-10-08,1.4598977750329798,1.443332886121699,1.443332886121699,0.0,1.4980962321399005,1.4143132403278047,1.4143132403278047,0.0,1.5165341101630527,1.415458818448882,1.415458818448882,0.0
PM25,240,2022-11-07,1.4736240365951496,1.52340182925082,1.52340182925082,0.0,1.6084100631201108,1.536583705619102,1.536583705619102,0.0,1.4184872916238769,1.5361971235221197,1.5309396935495299,0.6390157713707396
PM25,240,2022-12-07,1.4858104464327762,1.4514453600241568,1.4514453600241568,0.0,1.4950712560897952,1.4910537982916272,1.4910537982916272,0.0,1.5590014932765919,1.4898311808691111,1.49304441752783,0.5202555160008531
PM25,240,2023-01-06,1.384952753880765,1.5633919775431158,1.5633847751423702,0.012906082684017661,1.4487416252109044,1.5722197083640301,1.5722197083640301,0.0,1.506685709124831,1.5719746806375339,1.5693189754652392,0.3020002533392572
PM25,240,2023-02-05,1.4054280571996491,1.5055094476819952,1.5056486208728057,0.9868892632218181,1.627143112320542,1.4969716737435614,1.497919893450442,0.18498258711082724,1.559983156204915,1.4971545983748509,1.4971545983748509,0.0
PM25,240,2023-03-07,1.603107854799259,1.5487052122829954,1.545341303811477,0.7355223797845194,1.5698391452992015,1.5472825805750983,1.5448616289644033,0.12233919434556939,1.393183996638038,1.5475593866122443,1.5475593866122443,0.0
PM25,240,2023-04-06,1.4594782357163913,1.4422427153580322,1.4393748888280584,0.6698799753117726,1.4340885444548208,1.4583546444746007,1.458012388119177,0.30651134079258224,,,,
PM25,360,2021-01-16,1.513903394611469,1.5376532015864626,1.5367743511276883,0.2965531775699803,1.6736130548703674,1.510028648073599,1.511123477140217,0.7867496219466151,1.4922013428882466,1.5121594066807909,1.5121594066807909,0.0
PM25,360,2021-02-15,1.5202924108756681,1.508107522036799,1.508107522036799,0.0,1.5949902527638153,1.5046990147002743,1.5098690908146324,0.8537243471769701,1.4868574989179806,1.5045451158153103,1.5045451158153103,0.0
PM25,360,2021-03-17,1.3916967553944477,1.5161075092954945,1.5161075092954945,0.0,1.4302434964337392,1.538475046794469,1.5391277908178882,0.6424072618404084,1.3630264540503045,1.5370853349345766,1.5370853349345766,0.0
PM25,360,2021-04-16,1.4290546038329561,1.4207506196606086,1.421362965215143,0.1394348604106631,1.573770200281264,1.4850100323793254,1.461582293686985,0.8532804322965282,1.4016453078743158,1.481487361685754,1.4825185323618548,0.10358723623382272
PM25,360,2021-05-16,1.4332605463060726,1.4397420655299238,1.4386285465995265,0.3222925232749301,1.3756158148673485,1.4588432561041127,1.4596088207091253,0.296280552078728,1.2795519715388317,1.457199166574983,1.456594705811492,0.07135780331245536
PM25,360,2021-06-15,1.2681442282930877,1.3352753288858024,1.335238883743014,0.4328216560351181,1.424910162659891,1.3896933413660517,1.388428845931463,0.12283302808114538,1.5001113088351776,1.3864270436104664,1.385945572150958,0.08354138902417446
PM25,360,2021-07-15,1.4880117817934024,1.4735680319461413,1.4718326454666955,0.37479318228639014,1.5275788606814098,1.4554710479773587,1.4554710479773587,0.0,1.4473825887483411,1.4567754599551879,1.4567528961985667,0.5844347201821151
PM25,360,2021-08-14,1.426476871553294,1.4709928673886932,1.474816844647796,0.8713501891377704,1.4701483298835283,1.491006058939395,1.491006058939395,0.0,1.5202924108756681,1.4896639247566401,1.4896639247566401,0.0
PM25,360,2021-09-13,1.4788697137997888,1.4778823364234266,1.4778823364234266,0.0,1.3412368152463554,1.447966799482984,1.447966799482984,0.0,1.5545119118748696,1.4500473926739035,1.451984707376413,0.14104948325348274
PM25,360,2021-10-13,1.5560053535249954,1.5180566944939822,1.5180566944939822,0.0,1.5543067693939974,1.4816267289166902,1.4822262341253067,0.30130493364636884,1.5900590486693391,1.4836876976963829,1.4836876976963829,0.0
PM25,360,2021-11-12,1.6686243324412877,1.5787567915324885,1.577972078180067,0.25036184765309366,1.5433411027801816,1.5494406151790268,1.5639897839856147,1.0,1.4657846494359792,1.5505684585564046,1.549603948588397,1.0
PM25,360,2021-12-12,1.3867182767200665,1.4898045914378941,1.4898045914378941,0.0,1.5776769025868556,1.5189573227486524,1.5298538082202437,1.0,1.4368717313595831,1.5174678329097075,1.5193384783679906,1.0
PM25,360,2022-01-11,1.486043801159876,1.4724958589606203,1.4726704299029487,0.15928509373036584,1.5463802165068705,1.4854158963928543,1.467247252591902,0.8271503405689205,1.4747643213685016,1.4840720231811142,1.4822955289857942,0.5861154428246035
PM25,360,2022-02-10,1.6021006574556473,1.5074584561255522,1.503920637705442,0.5620055255052433,1.6931961950980228,1.5275853731274778,1.525879368290361,0.29502571797711163,1.45112830038359,1.5259686764931275,1.5212048221629308,0.35496062859504174
PM25,360,2022-03-12,1.4899524146928862,1.478584298487188,1.478584298487188,0.0,1.4937541096245024,1.5054679956372417,1.5054679956372417,0.0,1.3266058448775329,1.5038442562301921,1.5020249040239984,0.12845126354584108
PM25,360,2022-04-11,1.2780143102368318,1.4091269815172551,1.3912570812717593,1.0,1.4044407884990031,1.4660424264289196,1.465193183964527,0.13940857598548761,1.3684600776105063,1.462200005786886,1.4536987035967854,0.45258762579414374
PM25,360,2022-05-11,1.3713566298903974,1.4070994684725207,1.4079328345510596,1.0,1.449191973729008,1.4168751587200281,1.4125620940885952,0.5798105738868776,1.4319266942001012,1.4153761043677453,1.4095494863295588,0.7916224621164657
PM25,360,2022-06-10,1.4199366573050316,1.427618445466572,1.4261594492302847,1.0,1.468708163966802,1.4215838717314317,1.413778301462124,0.8817556939533273,1.4204768699803956,1.4218505437464257,1.4179923731458277,0.8078108340688324
PM25,360,2022-07-10,1.426303543165646,1.4318383959027459,1.4269137789222395,1.0,1.432928132322783,1.4391006762908538,1.4436727397270965,1.0,1.4134989595854557,1.4385258800412566,1.4335410281920102,0.6560071651133542
PM25,360,2022-08-09,1.4485912143604445,1.4164807227506897,1.4260861230978839,1.0,1.4488918885631659,1.420218440639553,1.4265264850372017,1.0,1.4676517926007628,1.4200754324617455,1.4223859031905668,0.5876219871240923
PM25,360,2022-09-08,1.5230628725580182,1.459594380039872,1.4603308346136217,0.12436558120856739,1.371595921773682,1.4520542365699147,1.45411747304938,0.14111301537542087,1.4813016573916815,1.4524955958568584,1.4528083537286984,0.24627005295768986
PM25,360,2022-10-08,1.4598977750329798,1.440063628414297,1.440063628414297,0.0,1.4980962321399005,1.4132394461729458,1.4132394461729458,0.0,1.5165341101630527,1.4151872456626187,1.4151872456626187,0.0
PM25,360,2022-11-07,1.4736240365951496,1.5278833238188594,1.5278833238188594,0.0,1.6084100631201108,1.5445250616831654,1.5445250616831654,0.0,1.4184872916238769,1.5436171468551398,1.5398324048773657,0.5082381858414436
PM25,360,2022-12-07,1.4858104464327762,1.4478409066479003,1.4478409066479003,0.0,1.4950712560897952,1.4847864561847466,1.4847864561847466,0.0,,,,
PM25,480,2020-09-18,1.4655159701514713,1.4989293310415883,,,1.522620063118867,1.474266897860613,,,1.3637770160664744,1.474868055337722,,
PM25,480,2020-10-18,1.4222647460511963,1.3924023193823512,,,1.6419494742296505,1.446829835539197,,,1.6291541158364342,1.444896391575008,,
PM25,480,2020-11-17,1.67399990029363,1.5963039748643317,1.5984032307928613,0.1713099085709241,1.5231512503012548,1.567201618546865,,,1.5616650499047084,1.5687719759830725,,
PM25,480,2020-12-17,1.5501266483846463,1.5250457259485395,1.528774760605813,0.15817910209672895,1.535831732182565,1.5041377156443982,1.5043826206194097,0.31459762227375787,1.5766150111628596,1.5059682712833247,1.507125725045809,0.24763515128934815
PM25,480,2021-01-16,1.513903394611469,1.5354394156630835,1.5347941554946498,0.49451964791712366,1.6736130548703674,1.507720753408114,1.5100798355074863,0.7628203192345204,1.4922013428882466,1.5105169929494806,1.5105169929494806,0.0
PM25,480,2021-02-15,1.5202924108756681,1.508547665004609,1.508547665004609,0.0,1.5949902527638153,1.5016508271935018,1.5085060326961084,0.861962605783812,1.4868574989179806,1.5024175122759718,1.5024175122759718,0.0
PM25,480,2021-03-17,1.3916967553944477,1.5168680539169703,1.5168680539169703,0.0,1.4302434964337392,1.5376190054518921,1.5392537337893155,0.7042445551556226,1.3630264540503045,1.5366776808509484,1.5366776808509484,0.0
PM25,480,2021-04-16,1.4290546038329561,1.4222079288600256,1.4231539633447952,0.23766464277537924,1.573770200281264,1.4835678497302096,1.459391491743589,0.898471919095235,1.4016453078743158,1.4806822583472798,1.4813638138749963,0.06906425338194949
PM25,480,2021-05-16,1.4332605463060726,1.4402640444691728,1.4386281229878104,0.45444459697440986,1.3756158148673485,1.4547779795411788,1.4561184349808658,0.3346217090965098,1.2795519715388317,1.4537629791505833,1.4533061399611744,0.05566689825546777
PM25,480,2021-06-15,1.2681442282930877,1.3364979591895032,1.3359465293875057,0.5634884353835263,1.424910162659891,1.3888359766040925,1.3875993410183334,0.11192912037479681,1.5001113088351776,1.3853928662166712,1.3851205831784157,0.04837274471217374
PM25,480,2021-07-15,1.4880117817934024,1.4732566127106772,1.4707236108229553,0.537517009130874,1.5275788606814098,1.457924476097463,1.457924476097463,0.0,1.4473825887483411,1.4592314286442911,1.4596232975625156,0.6222400016030369
PM25,480,2021-08-14,1.426476871553294,1.4719492227868802,1.4766489307681345,0.9655499093949346,1.4701483298835283,1.4910559155833207,1.4910559155833207,0.0,1.5202924108756681,1.4895506271994343,1.4895506271994343,0.0
PM25,480,2021-09-13,1.4788697137997888,1.474323708558853,1.474323708558853,0.0,1.3412368152463554,1.4480663684510675,1.4480663684510675,0.0,1.5545119118748696,1.4498008399842595,1.4513661167083882,0.12108847129322471
PM25,480,2021-10-13,1.5560053535249954,1.5173546893240135,1.5173546893240135,0.0,1.5543067693939974,1.48403169970132,1.4845669932898888,0.3523236086049398,1.5900590486693391,1.4855367189520996,1.4855367189520996,0.0
PM25,480,2021-11-12,1.6686243324412877,1.5807321534136523,1.579587376287591,0.21622320998981023,1.5433411027801816,1.5510834183487463,1.565863113456734,1.0,1.4657846494359792,1.5518612495943789,1.550846450673392,1.0
PM25,480,2021-12-12,1.3867182767200665,1.489759239877621,1.489759239877621,0.0,1.5776769025868556,1.5163294588538092,1.5275754389259288,1.0,1.4368717313595831,1.5155304993649519,1.5168262975674827,1.0
PM25,480,2022-01-11,1.486043801159876,1.4741312399382374,1.474123859991585,0.029443089899979076,1.5463802165068705,1.4831035076350914,1.4653114720603009,0.8373304646911784,1.4747643213685016,1.4819183946833547,1.480154786573659,0.5135853527483961
PM25,480,2022-02-10,1.6021006574556473,1.5103616014039027,1.5072042106007677,0.3356289242265558,1.6931961950980228,1.5284789493467748,1.526920685389333,0.23214969343196365,1.45112830038359,1.5268294660715829,1.5235354793990485,0.2601113722404025
PM25,480,2022-03-12,1.4899524146928862,1.4785183575526983,1.4785183575526983,0.0,1.4937541096245024,1.5031864178193144,1.5031864178193144,0.0,1.3266058448775329,1.5017559122476924,1.5013251833020853,0.03150378818049486
PM25,480,2022-04-11,1.2780143102368318,1.4108549237785015,1.3909256304719981,1.0,1.4044407884990031,1.4598137819407926,1.4594695505199553,0.10425598127139102,1.3684600776105063,1.457480766275791,1.449155324521276,0.44691384257768907
PM25,480,2022-05-11,1.3713566298903974,1.4067353308711046,1.407290314629516,1.0,1.449191973729008,1.4128259609027232,1.4097022211495316,0.5339540891526042,1.4319266942001012,1.4113438229424167,1.4053181547276525,0.7787937408991626
PM25,480,2022-06-10,1.4199366573050316,1.4279144081246167,1.4260048919306088,1.0,1.468708163966802,1.4223727941346853,1.4143032949875343,0.8571149947306268,1.4204768699803956,1.422481737549928,1.4182839489915398,0.8087049467403232
PM25,480,2022-07-10,1.426303543165646,1.4331508300721942,1.4275934219755446,1.0,1.432928132322783,1.4400289763925664,1.4443048218885248,1.0,1.4134989595854557,1.4392979172603597,1.4342123318585964,0.6642114365626799
PM25,480,2022-08-09,1.4485912143604445,1.4161020183527773,1.4266467089836974,1.0,1.4488918885631659,1.4192945719694412,1.425974046572476,1.0,,,,
