target,horizon,delta_pct,dm_p,nyata05,n,n_folds,alpha_mean
NO2,1,-0.6269446449193656,0.21301566215182244,tidak,118,5,0.6892641639048093
NO2,7,1.4298626107577852,0.43907071215332105,tidak,117,5,0.25794226754793087
NO2,30,-3.604265269804615,0.3274514885104203,tidak,112,5,0.15874104113683676
PM10,1,-2.739594644702266,0.04785733353084054,ya,118,5,0.5044905522258535
PM10,7,-2.4038899232024886,0.10813030079733399,tidak,117,5,0.3431935503226073
PM10,30,-0.7731444230888562,0.004301595838155814,ya,112,5,0.18955570845245617
PM25,1,-1.7637543624544914,0.03115944940430615,ya,118,5,0.4226440883700439
PM25,7,-0.11734023089640316,4.4290557910109385e-06,ya,117,5,0.41222529490499443
PM25,30,-2.4984865051693412,0.0008880677255742597,ya,112,5,0.3673594210362901
